11:33:46 [INFO] ============================================================
11:33:46 [INFO] AirPin starting...
11:33:46 [INFO] Args: Namespace(no_imu=True, no_audio=True, monitor=0, sensitivity=None, fps=None)
11:33:46 [INFO] Displays found: 2, target_monitor=0
11:33:46 [INFO]   [0] Monitor 0 @ (0,0) 1920x1080
11:33:46 [INFO]   [1] Monitor 1 @ (-3840,0) 3840x2160
11:33:46 [INFO] Screen capture started: 1920x1080
11:33:46 [INFO] Renderer initialized: 5760x2160
11:33:51 [INFO] Loop OK - yaw=0.0deg, zoom=1.0, tracking=True, fps=60
11:33:51 [INFO] Loop OK - yaw=0.0deg, zoom=1.0, tracking=True, fps=60
11:42:00 [INFO] ============================================================
11:42:00 [INFO] AirPin starting...
11:42:00 [INFO] Args: Namespace(no_imu=False, no_audio=False, monitor=0, sensitivity=None, fps=None)
11:42:00 [INFO] Displays found: 2, target_monitor=0
11:42:00 [INFO]   [0] Monitor 0 @ (0,0) 1920x1080
11:42:00 [INFO]   [1] Monitor 1 @ (-3840,0) 3840x2160
11:42:00 [INFO] IMU tracker started and recentered
11:42:00 [INFO] Screen capture started: 1920x1080
11:42:01 [INFO] Renderer initialized: 5760x2160
11:42:05 [INFO] Loop OK - yaw=0.0deg, zoom=1.0, tracking=True, fps=60
11:42:05 [INFO] Loop OK - yaw=0.0deg, zoom=1.0, tracking=True, fps=60
11:42:10 [INFO] Loop OK - yaw=0.0deg, zoom=1.0, tracking=True, fps=60
11:42:10 [INFO] Loop OK - yaw=0.0deg, zoom=1.0, tracking=True, fps=60
11:42:15 [INFO] Loop OK - yaw=0.0deg, zoom=1.0, tracking=True, fps=60
11:42:15 [INFO] Loop OK - yaw=0.0deg, zoom=1.0, tracking=True, fps=60
11:42:20 [INFO] Loop OK - yaw=0.0deg, zoom=1.0, tracking=True, fps=60
11:42:20 [INFO] Loop OK - yaw=0.0deg, zoom=1.0, tracking=True, fps=60
11:42:25 [INFO] Loop OK - yaw=0.0deg, zoom=1.0, tracking=True, fps=60
11:42:25 [INFO] Loop OK - yaw=0.0deg, zoom=1.0, tracking=True, fps=60
11:42:30 [INFO] Loop OK - yaw=0.0deg, zoom=1.0, tracking=True, fps=60
11:42:30 [INFO] Loop OK - yaw=0.0deg, zoom=1.0, tracking=True, fps=60
11:42:35 [INFO] Loop OK - yaw=0.0deg, zoom=1.0, tracking=True, fps=60
11:42:35 [INFO] Loop OK - yaw=0.0deg, zoom=1.0, tracking=True, fps=60
11:42:40 [INFO] Loop OK - yaw=0.0deg, zoom=1.0, tracking=True, fps=60
11:42:40 [INFO] Loop OK - yaw=0.0deg, zoom=1.0, tracking=True, fps=60
11:42:45 [INFO] Loop OK - yaw=0.0deg, zoom=1.0, tracking=True, fps=60
11:42:45 [INFO] Loop OK - yaw=0.0deg, zoom=1.0, tracking=True, fps=60
11:42:50 [INFO] Loop OK - yaw=0.0deg, zoom=1.0, tracking=True, fps=60
11:42:50 [INFO] Loop OK - yaw=0.0deg, zoom=1.0, tracking=True, fps=60
11:42:55 [INFO] Loop OK - yaw=0.0deg, zoom=1.0, tracking=True, fps=60
11:42:55 [INFO] Loop OK - yaw=0.0deg, zoom=1.0, tracking=True, fps=60
11:43:00 [INFO] Loop OK - yaw=0.0deg, zoom=1.0, tracking=True, fps=60
11:43:05 [INFO] Loop OK - yaw=0.0deg, zoom=1.0, tracking=True, fps=60
11:43:10 [INFO] Loop OK - yaw=0.0deg, zoom=1.0, tracking=True, fps=60
11:43:10 [INFO] Loop OK - yaw=0.0deg, zoom=1.0, tracking=True, fps=60
11:43:15 [INFO] Loop OK - yaw=0.0deg, zoom=1.0, tracking=True, fps=60
11:43:20 [INFO] Loop OK - yaw=0.0deg, zoom=1.0, tracking=True, fps=60
11:43:25 [INFO] Loop OK - yaw=0.0deg, zoom=1.0, tracking=True, fps=60
11:43:30 [INFO] Loop OK - yaw=0.0deg, zoom=1.0, tracking=True, fps=60
11:43:35 [INFO] Loop OK - yaw=0.0deg, zoom=1.0, tracking=True, fps=60
11:43:40 [INFO] Loop OK - yaw=0.0deg, zoom=1.0, tracking=True, fps=60
11:43:45 [INFO] Loop OK - yaw=0.0deg, zoom=1.0, tracking=True, fps=60
11:43:50 [INFO] Loop OK - yaw=0.0deg, zoom=1.0, tracking=True, fps=60
11:43:55 [INFO] Loop OK - yaw=0.0deg, zoom=1.0, tracking=True, fps=60
11:44:00 [INFO] Loop OK - yaw=0.0deg, zoom=1.0, tracking=True, fps=60
11:44:05 [INFO] Loop OK - yaw=0.0deg, zoom=1.0, tracking=True, fps=60
11:44:08 [INFO] Pitch: ON
11:44:10 [INFO] Pitch: OFF
11:44:10 [INFO] Loop OK - yaw=0.0deg, zoom=1.0, tracking=True, fps=60
11:44:12 [INFO] Recentered
11:44:15 [INFO] Loop OK - yaw=0.0deg, zoom=1.0, tracking=True, fps=60
11:44:17 [INFO] Quit requested
11:52:41 [INFO] ============================================================
11:52:41 [INFO] AirPin starting...
11:52:41 [INFO] Args: Namespace(no_imu=False, no_audio=False, monitor=0, sensitivity=None, fps=None)
11:52:41 [INFO] Displays found: 2, target_monitor=0
11:52:41 [INFO]   [0] Monitor 0 @ (0,0) 1920x1080
11:52:41 [INFO]   [1] Monitor 1 @ (-3840,0) 3840x2160
11:52:41 [INFO] IMU tracker started and recentered
11:52:41 [INFO] Screen capture started: 1920x1080
11:52:42 [INFO] Renderer initialized: 5760x2160
11:52:47 [INFO] Loop OK - yaw=0.0deg, zoom=1.0, tracking=True, fps=58
11:52:52 [INFO] Loop OK - yaw=0.0deg, zoom=1.0, tracking=True, fps=59
11:52:57 [INFO] Loop OK - yaw=0.0deg, zoom=1.0, tracking=True, fps=60
11:53:02 [INFO] Loop OK - yaw=0.0deg, zoom=1.0, tracking=True, fps=60
11:53:07 [INFO] Loop OK - yaw=0.0deg, zoom=1.0, tracking=True, fps=58
11:53:07 [INFO] Pitch: ON
11:53:10 [INFO] Yaw invert: True
11:53:12 [INFO] Loop OK - yaw=0.0deg, zoom=1.0, tracking=True, fps=60
11:53:12 [INFO] Recentered
11:53:14 [INFO] Quit requested
12:05:49 [INFO] ============================================================
12:05:49 [INFO] AirPin starting...
12:05:49 [INFO] Args: Namespace(no_imu=False, no_audio=False, monitor=0, sensitivity=None, fps=None)
12:05:49 [INFO] Displays found: 2, target_monitor=0
12:05:49 [INFO]   [0] Monitor 0 @ (0,0) 1920x1080
12:05:49 [INFO]   [1] Monitor 1 @ (-3840,0) 3840x2160
12:05:49 [INFO] IMU tracker started and recentered
12:05:49 [INFO] Screen capture started: 1920x1080
12:05:50 [INFO] Renderer initialized: 5760x2160 at (-3840,0), hwnd=12720752
12:05:50 [INFO] Target display: Monitor 0 (1920x1080) at (0,0)
12:06:00 [INFO] Loop OK - yaw=0.0deg, zoom=1.0, tracking=True, fps=60, has_frame=True
12:06:00 [INFO] Hotkeys triggered: {'toggle_pitch'}
12:06:00 [INFO] Pitch: ON
12:06:06 [INFO] Hotkeys triggered: {'recenter'}
12:06:06 [INFO] Recentered
12:06:08 [INFO] Hotkeys triggered: {'invert_yaw'}
12:06:08 [INFO] Yaw invert: True
12:06:09 [INFO] Hotkeys triggered: {'toggle_tracking'}
12:06:09 [INFO] Tracking: OFF
12:06:10 [INFO] Loop OK - yaw=0.0deg, zoom=1.0, tracking=False, fps=60, has_frame=True
12:06:12 [INFO] Hotkeys triggered: {'quit'}
12:06:12 [INFO] Quit requested
12:17:04 [INFO] ============================================================
12:17:04 [INFO] AirPin starting...
12:17:04 [INFO] Args: Namespace(no_imu=False, no_audio=False, monitor=0, sensitivity=None, fps=None)
12:17:04 [INFO] Displays found: 2, target_monitor=0
12:17:04 [INFO]   [0] Monitor 0 @ (0,0) 1920x1080
12:17:04 [INFO]   [1] Monitor 1 @ (-3840,0) 3840x2160
12:17:05 [INFO] IMU tracker started and recentered
12:17:05 [INFO] Screen capture started: 1920x1080
12:17:05 [INFO] Renderer initialized: 5760x2160 at (-3840,0), hwnd=15537454
12:17:05 [INFO] Target display: Monitor 0 (1920x1080) at (0,0)
12:17:15 [INFO] Loop OK - yaw=0.0deg, zoom=1.0, tracking=True, fps=60, has_frame=True
12:17:22 [INFO] Hotkeys triggered: {'toggle_tracking'}
12:17:22 [INFO] Tracking: OFF
12:17:25 [INFO] Loop OK - yaw=0.0deg, zoom=1.0, tracking=False, fps=60, has_frame=True
12:17:26 [INFO] Hotkeys triggered: {'invert_yaw'}
12:17:26 [INFO] Yaw invert: True
12:17:27 [INFO] Hotkeys triggered: {'toggle_tracking'}
12:17:27 [INFO] Tracking: ON
12:17:28 [INFO] Hotkeys triggered: {'recenter'}
12:17:28 [INFO] Recentered
12:17:31 [INFO] Hotkeys triggered: {'toggle_pitch'}
12:17:31 [INFO] Pitch: ON
12:17:34 [INFO] Hotkeys triggered: {'toggle_pitch'}
12:17:34 [INFO] Pitch: OFF
12:17:35 [INFO] Loop OK - yaw=0.0deg, zoom=1.0, tracking=True, fps=60, has_frame=True
12:17:37 [INFO] Hotkeys triggered: {'zoom_out'}
12:17:37 [INFO] Zoom: 0.9
12:17:38 [INFO] Hotkeys triggered: {'zoom_in'}
12:17:38 [INFO] Zoom: 1.0
12:17:39 [INFO] Hotkeys triggered: {'zoom_in'}
12:17:39 [INFO] Zoom: 1.1
12:17:39 [INFO] Hotkeys triggered: {'zoom_out'}
12:17:39 [INFO] Zoom: 1.0
12:17:40 [INFO] Hotkeys triggered: {'zoom_out'}
12:17:40 [INFO] Zoom: 0.9
12:17:43 [INFO] Hotkeys triggered: {'toggle_hud'}
12:17:43 [INFO] HUD: OFF
12:17:44 [INFO] Hotkeys triggered: {'toggle_hud'}
12:17:44 [INFO] HUD: ON
12:17:45 [INFO] Loop OK - yaw=0.0deg, zoom=0.9, tracking=True, fps=60, has_frame=True
12:17:51 [INFO] Hotkeys triggered: {'toggle_settings'}
12:17:51 [INFO] Settings panel: shown
12:17:55 [INFO] Loop OK - yaw=0.0deg, zoom=0.9, tracking=True, fps=60, has_frame=True
12:18:05 [INFO] Loop OK - yaw=0.0deg, zoom=0.9, tracking=True, fps=60, has_frame=True
12:18:15 [INFO] Loop OK - yaw=0.0deg, zoom=0.9, tracking=True, fps=60, has_frame=True
12:18:21 [INFO] Hotkeys triggered: {'quit'}
12:18:21 [INFO] Quit requested
12:18:26 [INFO] ============================================================
12:18:26 [INFO] AirPin starting...
12:18:26 [INFO] Args: Namespace(no_imu=False, no_audio=False, monitor=0, sensitivity=None, fps=None)
12:18:26 [INFO] Displays found: 2, target_monitor=0
12:18:26 [INFO]   [0] Monitor 0 @ (0,0) 1920x1080
12:18:26 [INFO]   [1] Monitor 1 @ (-3840,0) 3840x2160
12:18:26 [INFO] IMU tracker started and recentered
12:18:26 [INFO] Screen capture started: 1920x1080
12:18:26 [INFO] Renderer initialized: 5760x2160 at (-3840,0), hwnd=3670206
12:18:26 [INFO] Target display: Monitor 0 (1920x1080) at (0,0)
12:18:33 [INFO] Hotkeys triggered: {'toggle_settings'}
12:18:33 [INFO] Settings panel: shown
12:18:37 [INFO] Loop OK - yaw=0.0deg, zoom=1.0, tracking=True, fps=60, has_frame=True
12:18:38 [INFO] Hotkeys triggered: {'quit'}
12:18:38 [INFO] Quit requested
12:30:28 [INFO] ============================================================
12:30:28 [INFO] AirPin starting...
12:30:28 [INFO] Args: Namespace(no_imu=False, no_audio=False, monitor=0, sensitivity=None, fps=None)
12:30:28 [INFO] Displays found: 2, target_monitor=0
12:30:28 [INFO]   [0] Monitor 0 @ (0,0) 1920x1080
12:30:28 [INFO]   [1] Monitor 1 @ (-3840,0) 3840x2160
12:30:28 [INFO] IMU tracker started and recentered
12:30:28 [INFO] Screen capture started: 1920x1080
12:30:28 [INFO] Renderer initialized: 5760x2160 at (-3840,0), hwnd=2032006
12:30:28 [INFO] Target display: Monitor 0 (1920x1080) at (0,0)
12:30:38 [INFO] Loop OK - yaw=0.0deg, zoom=1.0, tracking=True, fps=61, has_frame=True
12:30:38 [INFO] IMU inactive: tracking_enabled=True, imu_count=0, connected=True
12:30:40 [INFO] Hotkeys triggered: {'toggle_hud'}
12:30:40 [INFO] HUD: OFF
12:30:40 [INFO] Hotkeys triggered: {'toggle_hud'}
12:30:40 [INFO] HUD: ON
12:30:41 [INFO] Hotkeys triggered: {'toggle_settings'}
12:30:41 [INFO] Settings panel: shown (click-through: OFF)
12:30:47 [INFO] Hotkeys triggered: {'toggle_pitch'}
12:30:47 [INFO] Pitch: ON
12:30:48 [INFO] Loop OK - yaw=0.0deg, zoom=1.0, tracking=True, fps=60, has_frame=True
12:30:48 [INFO] IMU inactive: tracking_enabled=True, imu_count=0, connected=True
12:30:58 [INFO] Loop OK - yaw=0.0deg, zoom=1.0, tracking=True, fps=60, has_frame=True
12:30:58 [INFO] IMU inactive: tracking_enabled=True, imu_count=0, connected=True
12:31:08 [INFO] Loop OK - yaw=0.0deg, zoom=1.0, tracking=True, fps=61, has_frame=True
12:31:08 [INFO] IMU inactive: tracking_enabled=True, imu_count=0, connected=True
12:31:18 [INFO] Loop OK - yaw=0.0deg, zoom=1.0, tracking=True, fps=60, has_frame=True
12:31:18 [INFO] IMU inactive: tracking_enabled=True, imu_count=0, connected=True
12:31:28 [INFO] Loop OK - yaw=0.0deg, zoom=1.0, tracking=True, fps=59, has_frame=True
12:31:28 [INFO] IMU inactive: tracking_enabled=True, imu_count=0, connected=True
12:31:33 [INFO] Hotkeys triggered: {'toggle_pitch'}
12:31:33 [INFO] Pitch: OFF
12:31:37 [INFO] Hotkeys triggered: {'quit'}
12:31:37 [INFO] Quit requested
12:38:44 [INFO] ============================================================
12:38:44 [INFO] AirPin starting...
12:38:44 [INFO] Args: Namespace(no_imu=False, no_audio=False, monitor=0, sensitivity=None, fps=None)
12:38:44 [INFO] Displays found: 2, target_monitor=0
12:38:44 [INFO]   [0] Monitor 0 @ (0,0) 1920x1080
12:38:44 [INFO]   [1] Monitor 1 @ (-3840,0) 3840x2160
12:38:44 [INFO] IMU tracker started and recentered
12:38:44 [INFO] Screen capture started: 1920x1080
12:38:44 [INFO] Renderer initialized: 5760x2160 at (-3840,0), hwnd=25891868
12:38:44 [INFO] Target display: Monitor 0 (1920x1080) at (0,0)
12:38:55 [INFO] Loop OK - yaw=0.0deg, zoom=1.0, tracking=True, fps=60, has_frame=True
12:38:55 [INFO] IMU inactive: tracking_enabled=True, imu_count=0, connected=True
12:39:05 [INFO] Loop OK - yaw=0.0deg, zoom=1.0, tracking=True, fps=61, has_frame=True
12:39:05 [INFO] IMU inactive: tracking_enabled=True, imu_count=0, connected=True
12:39:13 [INFO] IMU poll: polls=5000 timeouts=4999 imu_count=0 event_types={0: 1} connected=True
12:39:13 [INFO] Hotkeys triggered: {'toggle_pitch'}
12:39:13 [INFO] Pitch: ON
12:39:15 [INFO] Loop OK - yaw=0.0deg, zoom=1.0, tracking=True, fps=60, has_frame=True
12:39:15 [INFO] IMU inactive: tracking_enabled=True, imu_count=0, connected=True
12:39:15 [INFO] Hotkeys triggered: {'toggle_pitch'}
12:39:15 [INFO] Pitch: OFF
12:39:21 [INFO] Hotkeys triggered: {'toggle_hud'}
12:39:21 [INFO] HUD: OFF
12:39:22 [INFO] Hotkeys triggered: {'toggle_hud'}
12:39:22 [INFO] HUD: ON
12:39:22 [INFO] Hotkeys triggered: {'toggle_settings'}
12:39:22 [INFO] Settings panel: shown (click-through: OFF)
12:39:25 [INFO] Loop OK - yaw=0.0deg, zoom=1.0, tracking=True, fps=60, has_frame=True
12:39:25 [INFO] IMU inactive: tracking_enabled=True, imu_count=0, connected=True
12:39:28 [INFO] Hotkeys triggered: {'toggle_tracking'}
12:39:28 [INFO] Tracking: OFF
12:39:29 [INFO] Hotkeys triggered: {'toggle_pitch'}
12:39:29 [INFO] Pitch: ON
12:39:30 [INFO] Hotkeys triggered: {'toggle_tracking'}
12:39:30 [INFO] Tracking: ON
12:39:35 [INFO] Loop OK - yaw=0.0deg, zoom=1.0, tracking=True, fps=60, has_frame=True
12:39:35 [INFO] IMU inactive: tracking_enabled=True, imu_count=0, connected=True
12:39:36 [INFO] Hotkeys triggered: {'recenter'}
12:39:36 [INFO] Recentered
12:39:41 [INFO] IMU poll: polls=10000 timeouts=9999 imu_count=0 event_types={0: 1} connected=True
12:39:45 [INFO] Loop OK - yaw=0.0deg, zoom=1.0, tracking=True, fps=60, has_frame=True
12:39:45 [INFO] IMU inactive: tracking_enabled=True, imu_count=0, connected=True
12:39:48 [INFO] Hotkeys triggered: {'quit'}
12:39:48 [INFO] Quit requested
12:39:56 [INFO] ============================================================
12:39:56 [INFO] AirPin starting...
12:39:56 [INFO] Args: Namespace(no_imu=False, no_audio=False, monitor=0, sensitivity=None, fps=None)
12:39:56 [INFO] Displays found: 2, target_monitor=0
12:39:56 [INFO]   [0] Monitor 0 @ (0,0) 1920x1080
12:39:56 [INFO]   [1] Monitor 1 @ (-3840,0) 3840x2160
12:39:56 [INFO] IMU tracker started and recentered
12:39:56 [INFO] Screen capture started: 1920x1080
12:39:57 [INFO] Renderer initialized: 5760x2160 at (-3840,0), hwnd=39456428
12:39:57 [INFO] Target display: Monitor 0 (1920x1080) at (0,0)
12:40:05 [INFO] Hotkeys triggered: {'recenter'}
12:40:05 [INFO] Recentered
12:40:07 [INFO] Loop OK - yaw=0.0deg, zoom=1.0, tracking=True, fps=60, has_frame=True
12:40:07 [INFO] IMU inactive: tracking_enabled=True, imu_count=0, connected=True
12:40:08 [INFO] Hotkeys triggered: {'toggle_pitch'}
12:40:08 [INFO] Pitch: ON
12:40:09 [INFO] Hotkeys triggered: {'invert_yaw'}
12:40:09 [INFO] Yaw invert: True
12:40:10 [INFO] Hotkeys triggered: {'toggle_tracking'}
12:40:10 [INFO] Tracking: OFF
12:40:12 [INFO] Hotkeys triggered: {'quit'}
12:40:12 [INFO] Quit requested
12:47:18 [INFO] ============================================================
12:47:18 [INFO] AirPin starting...
12:47:18 [INFO] Args: Namespace(no_imu=False, no_audio=False, monitor=0, sensitivity=None, fps=None)
12:47:18 [INFO] Displays found: 2, target_monitor=0
12:47:18 [INFO]   [0] Monitor 0 @ (0,0) 1920x1080
12:47:18 [INFO]   [1] Monitor 1 @ (-3840,0) 3840x2160
12:47:18 [INFO] IMU tracker started and recentered
12:47:18 [INFO] Screen capture started: 1920x1080
12:47:18 [INFO] Renderer initialized: 5760x2160 at (-3840,0), hwnd=33299558
12:47:18 [INFO] Target display: Monitor 0 (1920x1080) at (0,0)
12:47:28 [INFO] Loop OK - yaw=0.0deg, zoom=1.0, tracking=True, fps=60, has_frame=True
12:47:28 [INFO] IMU inactive: tracking_enabled=True, imu_count=0, connected=True
12:47:30 [INFO] Hotkeys triggered: {'toggle_pitch'}
12:47:30 [INFO] Pitch: ON
12:47:37 [INFO] Hotkeys triggered: {'recenter'}
12:47:37 [INFO] Recentered
12:47:38 [INFO] Hotkeys triggered: {'toggle_tracking'}
12:47:38 [INFO] Tracking: OFF
12:47:38 [INFO] Loop OK - yaw=0.0deg, zoom=1.0, tracking=False, fps=60, has_frame=True
12:47:38 [INFO] IMU inactive: tracking_enabled=False, imu_count=0, connected=True
12:47:39 [INFO] Hotkeys triggered: {'toggle_tracking'}
12:47:39 [INFO] Tracking: ON
12:47:41 [INFO] Hotkeys triggered: {'invert_yaw'}
12:47:41 [INFO] Yaw invert: True
12:47:41 [INFO] Hotkeys triggered: {'invert_yaw'}
12:47:41 [INFO] Yaw invert: False
12:47:47 [INFO] Hotkeys triggered: {'focus_game'}
12:47:47 [INFO] Focus released to game
12:47:48 [INFO] Hotkeys triggered: {'focus_game'}
12:47:48 [INFO] Focus released to game
12:47:48 [INFO] Loop OK - yaw=0.0deg, zoom=1.0, tracking=True, fps=60, has_frame=True
12:47:48 [INFO] IMU inactive: tracking_enabled=True, imu_count=0, connected=True
12:47:52 [INFO] Hotkeys triggered: {'zoom_out'}
12:47:52 [INFO] Zoom: 0.9
12:47:52 [INFO] Hotkeys triggered: {'zoom_in'}
12:47:52 [INFO] Zoom: 1.0
12:47:56 [INFO] Hotkeys triggered: {'toggle_settings'}
12:47:56 [INFO] Settings panel: shown (click-through: OFF)
12:47:59 [INFO] Loop OK - yaw=0.0deg, zoom=1.0, tracking=True, fps=60, has_frame=True
12:47:59 [INFO] IMU inactive: tracking_enabled=True, imu_count=0, connected=True
12:48:08 [INFO] Hotkeys triggered: {'quit'}
12:48:08 [INFO] Quit requested
13:05:48 [INFO] ============================================================
13:05:48 [INFO] AirPin starting...
13:05:48 [INFO] Args: Namespace(no_imu=False, no_audio=False, monitor=0, sensitivity=None, fps=None)
13:05:48 [INFO] Displays found: 2, target_monitor=0
13:05:48 [INFO]   [0] Monitor 0 @ (0,0) 1920x1080
13:05:48 [INFO]   [1] Monitor 1 @ (-3840,0) 3840x2160
13:05:51 [INFO] IMU tracker started and recentered
13:05:51 [INFO] Screen capture started: 1920x1080
13:05:52 [INFO] Renderer initialized: 5760x2160 at (-3840,0), hwnd=1835402
13:05:52 [INFO] Target display: Monitor 0 (1920x1080) at (0,0)
13:06:02 [INFO] Loop OK - yaw=0.0deg, zoom=1.0, tracking=True, fps=59, has_frame=True
13:06:02 [INFO] IMU inactive: tracking_enabled=True, imu_count=0, connected=True
13:06:03 [INFO] Hotkeys triggered: {'recenter'}
13:06:03 [INFO] Recentered
13:06:04 [INFO] Hotkeys triggered: {'toggle_pitch'}
13:06:04 [INFO] Pitch: OFF
13:06:06 [INFO] Hotkeys triggered: {'invert_yaw'}
13:06:06 [INFO] Yaw invert: True
13:06:09 [INFO] Hotkeys triggered: {'toggle_settings'}
13:06:09 [INFO] Settings panel: shown (click-through: OFF)
13:06:10 [INFO] Hotkeys triggered: {'quit'}
13:06:10 [INFO] Quit requested
13:07:27 [INFO] ============================================================
13:07:27 [INFO] AirPin starting...
13:07:27 [INFO] Args: Namespace(no_imu=False, no_audio=False, monitor=0, sensitivity=None, fps=None)
13:07:27 [INFO] Displays found: 2, target_monitor=0
13:07:27 [INFO]   [0] Monitor 0 @ (0,0) 1920x1080
13:07:27 [INFO]   [1] Monitor 1 @ (-3840,0) 3840x2160
13:07:28 [INFO] IMU tracker started and recentered
13:07:28 [INFO] Screen capture started: 1920x1080
13:07:40 [INFO] ============================================================
13:07:40 [INFO] AirPin starting...
13:07:40 [INFO] Args: Namespace(no_imu=False, no_audio=False, monitor=0, sensitivity=None, fps=None)
13:07:40 [INFO] Displays found: 2, target_monitor=0
13:07:40 [INFO]   [0] Monitor 0 @ (0,0) 1920x1080
13:07:40 [INFO]   [1] Monitor 1 @ (-3840,0) 3840x2160
13:07:40 [INFO] IMU tracker started and recentered
13:07:40 [INFO] Screen capture started: 1920x1080
13:07:40 [INFO] Renderer initialized: 5760x2160 at (-3840,0), hwnd=13967156
13:07:40 [INFO] Target display: Monitor 0 (1920x1080) at (0,0)
13:07:51 [INFO] Loop OK - yaw=71.6deg, zoom=1.0, tracking=True, fps=60, has_frame=True
13:07:51 [INFO] IMU diag: raw_yaw=81.3656deg gyro_mag=0.1497 imu_count=3233 bias_done=False connected=True
13:07:54 [INFO] Hotkeys triggered: {'toggle_pitch'}
13:07:54 [INFO] Pitch: ON
13:08:00 [INFO] Hotkeys triggered: {'toggle_pitch'}
13:08:00 [INFO] Pitch: OFF
13:08:01 [INFO] Loop OK - yaw=71.6deg, zoom=1.0, tracking=True, fps=60, has_frame=True
13:08:01 [INFO] IMU diag: raw_yaw=81.3656deg gyro_mag=0.1497 imu_count=3233 bias_done=False connected=True
13:08:02 [INFO] Hotkeys triggered: {'toggle_pitch'}
13:08:02 [INFO] Pitch: ON
13:08:02 [INFO] Hotkeys triggered: {'invert_yaw'}
13:08:02 [INFO] Yaw invert: False
13:08:04 [INFO] Hotkeys triggered: {'invert_yaw'}
13:08:04 [INFO] Yaw invert: True
13:08:06 [INFO] Hotkeys triggered: {'toggle_settings'}
13:08:06 [INFO] Settings panel: shown (click-through: OFF)
13:08:11 [INFO] Loop OK - yaw=71.6deg, zoom=1.0, tracking=True, fps=60, has_frame=True
13:08:11 [INFO] IMU diag: raw_yaw=81.3656deg gyro_mag=0.1497 imu_count=3233 bias_done=False connected=True
13:08:21 [INFO] Loop OK - yaw=105.0deg, zoom=1.0, tracking=True, fps=60, has_frame=True
13:08:21 [INFO] IMU diag: raw_yaw=81.3656deg gyro_mag=0.1497 imu_count=3233 bias_done=False connected=True
13:08:27 [INFO] Hotkeys triggered: {'recenter'}
13:08:27 [INFO] Recentered
13:08:28 [INFO] Hotkeys triggered: {'invert_yaw'}
13:08:28 [INFO] Yaw invert: False
13:08:29 [INFO] Hotkeys triggered: {'toggle_pitch'}
13:08:29 [INFO] Pitch: OFF
13:08:31 [INFO] Loop OK - yaw=0.0deg, zoom=1.0, tracking=True, fps=60, has_frame=True
13:08:31 [INFO] IMU diag: raw_yaw=0.0000deg gyro_mag=0.1497 imu_count=3233 bias_done=False connected=True
13:08:36 [INFO] Hotkeys triggered: {'zoom_reset'}
13:08:36 [INFO] Zoom reset: 1.0
13:08:38 [INFO] Hotkeys triggered: {'zoom_out'}
13:08:38 [INFO] Zoom: 0.9
13:08:39 [INFO] Hotkeys triggered: {'zoom_in'}
13:08:39 [INFO] Zoom: 1.0
13:08:40 [INFO] Hotkeys triggered: {'quit'}
13:08:40 [INFO] Quit requested
13:12:00 [INFO] ============================================================
13:12:00 [INFO] AirPin starting...
13:12:00 [INFO] Args: Namespace(no_imu=False, no_audio=False, monitor=0, sensitivity=None, fps=None)
13:12:00 [INFO] Displays found: 2, target_monitor=0
13:12:00 [INFO]   [0] Monitor 0 @ (0,0) 1920x1080
13:12:00 [INFO]   [1] Monitor 1 @ (-3840,0) 3840x2160
13:12:00 [INFO] IMU tracker started and recentered
13:12:00 [INFO] Screen capture started: 1920x1080
13:12:01 [INFO] Renderer initialized: 5760x2160 at (-3840,0), hwnd=14490120
13:12:01 [INFO] Target display: Monitor 0 (1920x1080) at (0,0)
13:12:11 [INFO] Loop OK - yaw=-5.3deg, zoom=1.0, tracking=True, fps=60, has_frame=True
13:12:11 [INFO] IMU diag: raw_yaw=-2.3258deg gyro_mag=0.2045 imu_count=5392 bias_done=False connected=True
13:12:21 [INFO] Loop OK - yaw=9.3deg, zoom=1.0, tracking=True, fps=60, has_frame=True
13:12:21 [INFO] IMU diag: raw_yaw=4.4195deg gyro_mag=0.2675 imu_count=10336 bias_done=False connected=True
13:12:31 [INFO] Loop OK - yaw=7.3deg, zoom=1.0, tracking=True, fps=60, has_frame=True
13:12:31 [INFO] IMU diag: raw_yaw=5.7112deg gyro_mag=0.0550 imu_count=15265 bias_done=False connected=True
13:12:41 [INFO] Loop OK - yaw=-35.8deg, zoom=1.0, tracking=True, fps=60, has_frame=True
13:12:41 [INFO] IMU diag: raw_yaw=-29.6564deg gyro_mag=0.2339 imu_count=20195 bias_done=False connected=True
13:12:51 [INFO] Loop OK - yaw=-60.2deg, zoom=1.0, tracking=True, fps=60, has_frame=True
13:12:51 [INFO] IMU diag: raw_yaw=-46.8123deg gyro_mag=0.0138 imu_count=25126 bias_done=False connected=True
13:13:01 [INFO] Loop OK - yaw=-77.8deg, zoom=1.0, tracking=True, fps=60, has_frame=True
13:13:01 [INFO] IMU diag: raw_yaw=-60.2724deg gyro_mag=0.0111 imu_count=30059 bias_done=False connected=True
13:13:11 [INFO] Loop OK - yaw=21.9deg, zoom=1.0, tracking=True, fps=60, has_frame=True
13:13:11 [INFO] IMU diag: raw_yaw=17.5295deg gyro_mag=0.0820 imu_count=34989 bias_done=False connected=True
13:13:21 [INFO] Loop OK - yaw=78.8deg, zoom=1.0, tracking=True, fps=60, has_frame=True
13:13:21 [INFO] IMU diag: raw_yaw=60.9826deg gyro_mag=0.0116 imu_count=39919 bias_done=False connected=True
13:13:31 [INFO] Loop OK - yaw=92.4deg, zoom=1.0, tracking=True, fps=60, has_frame=True
13:13:31 [INFO] IMU diag: raw_yaw=72.8740deg gyro_mag=0.0861 imu_count=44849 bias_done=False connected=True
13:13:32 [INFO] Hotkeys triggered: {'toggle_pitch'}
13:13:32 [INFO] Pitch: ON
13:13:41 [INFO] Loop OK - yaw=-17.2deg, zoom=1.0, tracking=True, fps=60, has_frame=True
13:13:41 [INFO] IMU diag: raw_yaw=-12.7797deg gyro_mag=0.0255 imu_count=49779 bias_done=False connected=True
13:13:51 [INFO] Loop OK - yaw=84.3deg, zoom=1.0, tracking=True, fps=60, has_frame=True
13:13:51 [INFO] IMU diag: raw_yaw=65.5080deg gyro_mag=0.1527 imu_count=54708 bias_done=False connected=True
13:14:01 [INFO] Loop OK - yaw=85.4deg, zoom=1.0, tracking=True, fps=60, has_frame=True
13:14:01 [INFO] IMU diag: raw_yaw=64.4457deg gyro_mag=0.0067 imu_count=59638 bias_done=False connected=True
13:14:11 [INFO] Loop OK - yaw=84.4deg, zoom=1.0, tracking=True, fps=60, has_frame=True
13:14:11 [INFO] IMU diag: raw_yaw=65.3309deg gyro_mag=0.0483 imu_count=64569 bias_done=False connected=True
13:14:21 [INFO] Loop OK - yaw=13.6deg, zoom=1.0, tracking=True, fps=60, has_frame=True
13:14:21 [INFO] IMU diag: raw_yaw=10.7919deg gyro_mag=0.5197 imu_count=69505 bias_done=False connected=True
13:14:31 [INFO] Loop OK - yaw=38.2deg, zoom=1.0, tracking=True, fps=60, has_frame=True
13:14:31 [INFO] IMU diag: raw_yaw=30.8132deg gyro_mag=0.0337 imu_count=74438 bias_done=False connected=True
13:14:41 [INFO] Loop OK - yaw=38.2deg, zoom=1.0, tracking=True, fps=60, has_frame=True
13:14:41 [INFO] IMU diag: raw_yaw=31.9713deg gyro_mag=0.0183 imu_count=79372 bias_done=False connected=True
13:14:51 [INFO] Loop OK - yaw=-40.1deg, zoom=1.0, tracking=True, fps=60, has_frame=True
13:14:51 [INFO] IMU diag: raw_yaw=-26.9042deg gyro_mag=0.2299 imu_count=84305 bias_done=False connected=True
13:15:01 [INFO] Loop OK - yaw=-50.2deg, zoom=1.0, tracking=True, fps=60, has_frame=True
13:15:01 [INFO] IMU diag: raw_yaw=-29.0106deg gyro_mag=2.5533 imu_count=89237 bias_done=False connected=True
13:15:12 [INFO] Loop OK - yaw=112.2deg, zoom=1.0, tracking=True, fps=60, has_frame=True
13:15:12 [INFO] IMU diag: raw_yaw=88.7881deg gyro_mag=0.4698 imu_count=89966 bias_done=False connected=True
13:15:22 [INFO] Loop OK - yaw=112.2deg, zoom=1.0, tracking=True, fps=60, has_frame=True
13:15:22 [INFO] IMU diag: raw_yaw=88.7881deg gyro_mag=0.4698 imu_count=89966 bias_done=False connected=True
13:15:32 [INFO] Loop OK - yaw=112.2deg, zoom=1.0, tracking=True, fps=60, has_frame=True
13:15:32 [INFO] IMU diag: raw_yaw=88.7881deg gyro_mag=0.4698 imu_count=89966 bias_done=False connected=True
13:15:42 [INFO] Loop OK - yaw=112.2deg, zoom=1.0, tracking=True, fps=60, has_frame=True
13:15:42 [INFO] IMU diag: raw_yaw=88.7881deg gyro_mag=0.4698 imu_count=89966 bias_done=False connected=True
13:15:52 [INFO] Loop OK - yaw=112.2deg, zoom=1.0, tracking=True, fps=60, has_frame=True
13:15:52 [INFO] IMU diag: raw_yaw=88.7881deg gyro_mag=0.4698 imu_count=89966 bias_done=False connected=True
13:16:02 [INFO] Loop OK - yaw=112.2deg, zoom=1.0, tracking=True, fps=60, has_frame=True
13:16:02 [INFO] IMU diag: raw_yaw=88.7881deg gyro_mag=0.4698 imu_count=89966 bias_done=False connected=True
13:16:12 [INFO] Loop OK - yaw=112.2deg, zoom=1.0, tracking=True, fps=60, has_frame=True
13:16:12 [INFO] IMU diag: raw_yaw=88.7881deg gyro_mag=0.4698 imu_count=89966 bias_done=False connected=True
13:16:22 [INFO] Loop OK - yaw=112.2deg, zoom=1.0, tracking=True, fps=60, has_frame=True
13:16:22 [INFO] IMU diag: raw_yaw=88.7881deg gyro_mag=0.4698 imu_count=89966 bias_done=False connected=True
13:16:32 [INFO] Loop OK - yaw=112.2deg, zoom=1.0, tracking=True, fps=60, has_frame=True
13:16:32 [INFO] IMU diag: raw_yaw=88.7881deg gyro_mag=0.4698 imu_count=89966 bias_done=False connected=True
13:16:40 [INFO] Hotkeys triggered: {'quit'}
13:16:40 [INFO] Quit requested
13:17:22 [INFO] ============================================================
13:17:22 [INFO] AirPin starting...
13:17:22 [INFO] Args: Namespace(no_imu=False, no_audio=False, monitor=0, sensitivity=None, fps=None)
13:17:22 [INFO] Displays found: 2, target_monitor=0
13:17:22 [INFO]   [0] Monitor 0 @ (0,0) 1920x1080
13:17:22 [INFO]   [1] Monitor 1 @ (-3840,0) 3840x2160
13:17:22 [INFO] IMU tracker started and recentered
13:17:22 [INFO] Screen capture started: 1920x1080
13:17:23 [INFO] Renderer initialized: 5760x2160 at (-3840,0), hwnd=48042770
13:17:23 [INFO] Target display: Monitor 0 (1920x1080) at (0,0)
13:17:33 [INFO] Loop OK - yaw=227.5deg, zoom=1.0, tracking=True, fps=60, has_frame=True
13:17:33 [INFO] IMU diag: raw_yaw=175.7719deg gyro_mag=0.0550 imu_count=5369 bias_done=False connected=True
13:17:33 [INFO] Hotkeys triggered: {'quit'}
13:17:33 [INFO] Quit requested
13:18:12 [INFO] ============================================================
13:18:12 [INFO] AirPin starting...
13:18:12 [INFO] Args: Namespace(no_imu=False, no_audio=False, monitor=0, sensitivity=None, fps=None)
13:18:12 [INFO] Displays found: 2, target_monitor=0
13:18:12 [INFO]   [0] Monitor 0 @ (0,0) 1920x1080
13:18:12 [INFO]   [1] Monitor 1 @ (-3840,0) 3840x2160
13:18:12 [INFO] IMU tracker started and recentered
13:18:12 [INFO] Screen capture started: 1920x1080
13:18:12 [INFO] Renderer initialized: 5760x2160 at (-3840,0), hwnd=82644184
13:18:12 [INFO] Target display: Monitor 0 (1920x1080) at (0,0)
13:18:23 [INFO] Loop OK - yaw=-1.1deg, zoom=1.0, tracking=True, fps=60, has_frame=True
13:18:23 [INFO] IMU diag: raw_yaw=-0.8824deg gyro_mag=0.7521 imu_count=578 bias_done=False connected=True
13:18:28 [INFO] Hotkeys triggered: {'quit'}
13:18:28 [INFO] Quit requested
13:34:53 [INFO] ============================================================
13:34:53 [INFO] AirPin starting...
13:34:53 [INFO] Args: Namespace(no_imu=False, no_audio=False, monitor=0, sensitivity=None, fps=None)
13:34:53 [INFO] Displays found: 2, target_monitor=1
13:34:53 [INFO]   [0] Monitor 0 @ (0,0) 1920x1080
13:34:53 [INFO]   [1] Monitor 1 @ (-3840,0) 3840x2160
13:34:53 [INFO] IMU tracker started and recentered
13:34:53 [INFO] Screen capture started: 3840x2160
13:34:53 [INFO] Renderer initialized: 3840x2160 at (-3840,0), hwnd=13960914
13:34:53 [INFO] Target display: Monitor 1 (3840x2160) at (-3840,0)
13:35:04 [INFO] Loop OK - yaw=-58.9deg, zoom=1.0, tracking=True, fps=61, has_frame=True
13:35:04 [INFO] IMU diag: raw_yaw=-45.6708deg gyro_mag=0.3713 imu_count=1300 bias_done=False connected=True
13:35:14 [INFO] Loop OK - yaw=-58.9deg, zoom=1.0, tracking=True, fps=60, has_frame=True
13:35:14 [INFO] IMU diag: raw_yaw=-45.6708deg gyro_mag=0.3713 imu_count=1300 bias_done=False connected=True
13:35:19 [INFO] Hotkeys triggered: {'recenter'}
13:35:19 [INFO] Recentered
13:35:22 [INFO] Hotkeys triggered: {'toggle_settings'}
13:35:22 [INFO] Settings panel: shown (click-through: OFF)
13:35:24 [INFO] Hotkeys triggered: {'toggle_hud'}
13:35:24 [INFO] HUD: OFF
13:35:24 [INFO] Loop OK - yaw=0.0deg, zoom=1.0, tracking=True, fps=58, has_frame=True
13:35:24 [INFO] IMU diag: raw_yaw=0.0000deg gyro_mag=0.3713 imu_count=1300 bias_done=False connected=True
13:49:08 [INFO] ============================================================
13:49:08 [INFO] AirPin starting...
13:49:08 [INFO] Args: Namespace(no_imu=False, no_audio=False, monitor=0, sensitivity=None, fps=None)
13:49:08 [INFO] Displays found: 2, target_monitor=0
13:49:08 [INFO]   [0] Monitor 0 @ (0,0) 1920x1080
13:49:08 [INFO]   [1] Monitor 1 @ (-3840,0) 3840x2160
13:49:08 [INFO] IMU tracker started and recentered
13:49:09 [INFO] Screen capture started: 1920x1080
13:49:09 [INFO] Renderer initialized: 1920x1080 at (0,0), hwnd=3408252
13:49:09 [INFO] Target display: Monitor 0 (1920x1080) at (0,0)
13:49:19 [INFO] Loop OK - yaw=-154.9deg, zoom=1.0, tracking=True, fps=60, has_frame=True
13:49:19 [INFO] IMU diag: raw_yaw=-121.2634deg gyro_mag=0.2032 imu_count=5364 bias_done=False connected=True
13:49:29 [INFO] Loop OK - yaw=129.4deg, zoom=1.0, tracking=True, fps=60, has_frame=True
13:49:29 [INFO] IMU diag: raw_yaw=99.9906deg gyro_mag=0.0466 imu_count=10297 bias_done=False connected=True
13:49:39 [INFO] Loop OK - yaw=-38.0deg, zoom=1.0, tracking=True, fps=60, has_frame=True
13:49:39 [INFO] IMU diag: raw_yaw=-29.7122deg gyro_mag=0.0417 imu_count=15229 bias_done=False connected=True
13:49:49 [INFO] Loop OK - yaw=-71.0deg, zoom=1.0, tracking=True, fps=60, has_frame=True
13:49:49 [INFO] IMU diag: raw_yaw=-55.7873deg gyro_mag=0.0838 imu_count=20163 bias_done=False connected=True
13:49:59 [INFO] Loop OK - yaw=2.7deg, zoom=1.0, tracking=True, fps=60, has_frame=True
13:49:59 [INFO] IMU diag: raw_yaw=1.7587deg gyro_mag=0.0409 imu_count=25098 bias_done=False connected=True
13:50:09 [INFO] Loop OK - yaw=-138.1deg, zoom=1.0, tracking=True, fps=60, has_frame=True
13:50:09 [INFO] IMU diag: raw_yaw=-107.5593deg gyro_mag=0.0671 imu_count=30033 bias_done=False connected=True
13:50:19 [INFO] Loop OK - yaw=-1.6deg, zoom=1.0, tracking=True, fps=60, has_frame=True
13:50:19 [INFO] IMU diag: raw_yaw=-1.7059deg gyro_mag=0.0398 imu_count=34967 bias_done=False connected=True
13:50:29 [INFO] Loop OK - yaw=21.9deg, zoom=1.0, tracking=True, fps=60, has_frame=True
13:50:29 [INFO] IMU diag: raw_yaw=16.5268deg gyro_mag=0.1052 imu_count=39901 bias_done=False connected=True
13:50:39 [INFO] Loop OK - yaw=-142.0deg, zoom=1.0, tracking=True, fps=60, has_frame=True
13:50:39 [INFO] IMU diag: raw_yaw=-110.3437deg gyro_mag=0.0237 imu_count=44834 bias_done=False connected=True
13:50:49 [INFO] Loop OK - yaw=71.7deg, zoom=1.0, tracking=True, fps=61, has_frame=True
13:50:49 [INFO] IMU diag: raw_yaw=55.4487deg gyro_mag=0.0134 imu_count=49767 bias_done=False connected=True
13:50:59 [INFO] Loop OK - yaw=-171.4deg, zoom=1.0, tracking=True, fps=60, has_frame=True
13:50:59 [INFO] IMU diag: raw_yaw=-133.1071deg gyro_mag=0.0415 imu_count=54701 bias_done=False connected=True
13:51:10 [INFO] Loop OK - yaw=-80.2deg, zoom=1.0, tracking=True, fps=60, has_frame=True
13:51:10 [INFO] IMU diag: raw_yaw=-62.2038deg gyro_mag=0.2120 imu_count=57360 bias_done=False connected=True
13:51:20 [INFO] Loop OK - yaw=-80.2deg, zoom=1.0, tracking=True, fps=60, has_frame=True
13:51:20 [INFO] IMU diag: raw_yaw=-62.2038deg gyro_mag=0.2120 imu_count=57360 bias_done=False connected=True
13:51:30 [INFO] Loop OK - yaw=-80.2deg, zoom=1.0, tracking=True, fps=60, has_frame=True
13:51:30 [INFO] IMU diag: raw_yaw=-62.2038deg gyro_mag=0.2120 imu_count=57360 bias_done=False connected=True
13:51:40 [INFO] Loop OK - yaw=-80.2deg, zoom=1.0, tracking=True, fps=60, has_frame=True
13:51:40 [INFO] IMU diag: raw_yaw=-62.2038deg gyro_mag=0.2120 imu_count=57360 bias_done=False connected=True
13:51:50 [INFO] Loop OK - yaw=-80.2deg, zoom=1.0, tracking=True, fps=60, has_frame=True
13:51:50 [INFO] IMU diag: raw_yaw=-62.2038deg gyro_mag=0.2120 imu_count=57360 bias_done=False connected=True
13:52:00 [INFO] Loop OK - yaw=-80.2deg, zoom=1.0, tracking=True, fps=60, has_frame=True
13:52:00 [INFO] IMU diag: raw_yaw=-62.2038deg gyro_mag=0.2120 imu_count=57360 bias_done=False connected=True
13:52:10 [INFO] Loop OK - yaw=-80.2deg, zoom=1.0, tracking=True, fps=60, has_frame=True
13:52:10 [INFO] IMU diag: raw_yaw=-62.2038deg gyro_mag=0.2120 imu_count=57360 bias_done=False connected=True
13:52:20 [INFO] Loop OK - yaw=-80.2deg, zoom=1.0, tracking=True, fps=60, has_frame=True
13:52:20 [INFO] IMU diag: raw_yaw=-62.2038deg gyro_mag=0.2120 imu_count=57360 bias_done=False connected=True
13:52:30 [INFO] Loop OK - yaw=-80.2deg, zoom=1.0, tracking=True, fps=60, has_frame=True
13:52:30 [INFO] IMU diag: raw_yaw=-62.2038deg gyro_mag=0.2120 imu_count=57360 bias_done=False connected=True
13:52:40 [INFO] Loop OK - yaw=-80.2deg, zoom=1.0, tracking=True, fps=60, has_frame=True
13:52:40 [INFO] IMU diag: raw_yaw=-62.2038deg gyro_mag=0.2120 imu_count=57360 bias_done=False connected=True
13:52:50 [INFO] Loop OK - yaw=-80.2deg, zoom=1.0, tracking=True, fps=60, has_frame=True
13:52:50 [INFO] IMU diag: raw_yaw=-62.2038deg gyro_mag=0.2120 imu_count=57360 bias_done=False connected=True
13:53:02 [INFO] Loop OK - yaw=-80.2deg, zoom=1.0, tracking=True, fps=60, has_frame=True
13:53:02 [INFO] IMU diag: raw_yaw=-62.2038deg gyro_mag=0.2120 imu_count=57360 bias_done=False connected=True
13:53:12 [INFO] ============================================================
13:53:12 [INFO] AirPin starting...
13:53:12 [INFO] Args: Namespace(no_imu=False, no_audio=False, monitor=0, sensitivity=None, fps=None)
13:53:12 [INFO] Displays found: 2, target_monitor=0
13:53:12 [INFO]   [0] Monitor 0 @ (0,0) 1920x1080
13:53:12 [INFO]   [1] Monitor 1 @ (-3840,0) 3840x2160
13:53:12 [INFO] IMU tracker started and recentered
13:53:12 [INFO] Screen capture started: 1920x1080
14:05:40 [INFO] ============================================================
14:05:40 [INFO] AirPin starting...
14:05:40 [INFO] Args: Namespace(no_imu=False, no_audio=False, monitor=0, sensitivity=None, fps=None)
14:05:40 [INFO] Displays found: 2, target_monitor=1
14:05:40 [INFO]   [0] Monitor 0 @ (0,0) 1920x1080
14:05:40 [INFO]   [1] Monitor 1 @ (-3840,0) 3840x2160
14:05:43 [INFO] IMU tracker started and recentered
14:05:43 [INFO] Screen capture started: 3840x2160
14:05:44 [INFO] Renderer initialized: 3840x2160 at (-3840,0), hwnd=35920998
14:05:44 [INFO] Target display: Monitor 1 (3840x2160) at (-3840,0)
14:05:54 [INFO] Loop OK - yaw=0.0deg, zoom=1.0, tracking=True, fps=60, has_frame=True
14:05:54 [INFO] IMU inactive: tracking_enabled=True, imu_count=0, connected=True
14:06:04 [INFO] Loop OK - yaw=0.0deg, zoom=1.0, tracking=True, fps=60, has_frame=True
14:06:04 [INFO] IMU inactive: tracking_enabled=True, imu_count=0, connected=True
14:06:12 [INFO] Hotkeys triggered: {'toggle_pitch'}
14:06:12 [INFO] Pitch: OFF
14:06:14 [INFO] Loop OK - yaw=0.0deg, zoom=1.0, tracking=True, fps=60, has_frame=True
14:06:14 [INFO] IMU inactive: tracking_enabled=True, imu_count=0, connected=True
14:06:24 [INFO] Loop OK - yaw=0.0deg, zoom=1.0, tracking=True, fps=60, has_frame=True
14:06:24 [INFO] IMU inactive: tracking_enabled=True, imu_count=0, connected=True
14:06:29 [INFO] Hotkeys triggered: {'toggle_pitch'}
14:06:29 [INFO] Pitch: ON
14:06:32 [INFO] Hotkeys triggered: {'recenter'}
14:06:32 [INFO] Recentered
14:06:33 [INFO] Hotkeys triggered: {'invert_yaw'}
14:06:33 [INFO] Yaw invert: True
14:06:34 [INFO] Hotkeys triggered: {'invert_yaw'}
14:06:34 [INFO] Yaw invert: False
14:06:34 [INFO] Loop OK - yaw=0.0deg, zoom=1.0, tracking=True, fps=56, has_frame=True
14:06:34 [INFO] IMU inactive: tracking_enabled=True, imu_count=0, connected=True
14:06:35 [INFO] Hotkeys triggered: {'toggle_tracking'}
14:06:35 [INFO] Tracking: OFF
14:06:36 [INFO] Hotkeys triggered: {'toggle_tracking'}
14:06:36 [INFO] Tracking: ON
14:06:37 [INFO] Hotkeys triggered: {'quit'}
14:06:37 [INFO] Quit requested
14:09:20 [INFO] ============================================================
14:09:20 [INFO] AirPin starting...
14:09:20 [INFO] Args: Namespace(no_imu=False, no_audio=False, monitor=0, sensitivity=None, fps=None)
14:09:20 [INFO] Displays found: 2, target_monitor=0
14:09:20 [INFO]   [0] Monitor 0 @ (0,0) 1920x1080
14:09:20 [INFO]   [1] Monitor 1 @ (-3840,0) 3840x2160
14:09:20 [INFO] IMU tracker started and recentered
14:09:20 [INFO] Screen capture started: 1920x1080
14:09:20 [INFO] Renderer initialized: 1920x1080 at (0,0), hwnd=20190126
14:09:20 [INFO] Target display: Monitor 0 (1920x1080) at (0,0)
14:09:31 [INFO] Loop OK - yaw=-127.1deg, zoom=1.0, tracking=True, fps=60, has_frame=True
14:09:31 [INFO] IMU diag: raw_yaw=-97.4114deg gyro_mag=0.4125 imu_count=5308 bias_done=False connected=True
14:09:32 [INFO] Hotkeys triggered: {'recenter'}
14:09:32 [INFO] Recentered
14:09:35 [INFO] Hotkeys triggered: {'recenter'}
14:09:35 [INFO] Recentered
14:09:41 [INFO] Loop OK - yaw=-195.1deg, zoom=1.0, tracking=True, fps=60, has_frame=True
14:09:41 [INFO] IMU diag: raw_yaw=-151.6922deg gyro_mag=0.0570 imu_count=10237 bias_done=False connected=True
14:09:51 [INFO] Loop OK - yaw=-10.8deg, zoom=1.0, tracking=True, fps=60, has_frame=True
14:09:51 [INFO] IMU diag: raw_yaw=-8.6415deg gyro_mag=0.0328 imu_count=15162 bias_done=False connected=True
14:09:54 [INFO] Hotkeys triggered: {'recenter'}
14:09:54 [INFO] Recentered
14:09:57 [INFO] Hotkeys triggered: {'recenter'}
14:09:57 [INFO] Recentered
14:10:01 [INFO] Loop OK - yaw=-7.0deg, zoom=1.0, tracking=True, fps=60, has_frame=True
14:10:01 [INFO] IMU diag: raw_yaw=-5.9574deg gyro_mag=0.0510 imu_count=20090 bias_done=False connected=True
14:10:05 [INFO] Hotkeys triggered: {'quit'}
14:10:05 [INFO] Quit requested
14:41:39 [INFO] ============================================================
14:41:39 [INFO] AirPin starting...
14:41:39 [INFO] Args: Namespace(no_imu=False, no_audio=False, monitor=0, sensitivity=None, fps=None)
14:41:39 [INFO] Displays found: 2, target_monitor=0
14:41:39 [INFO]   [0] Monitor 0 @ (0,0) 1920x1080
14:41:39 [INFO]   [1] Monitor 1 @ (-3840,0) 3840x2160
14:41:39 [INFO] IMU tracker started and recentered
14:41:39 [INFO] Screen capture started: 1920x1080
14:41:40 [INFO] Renderer initialized: 1920x1080 at (0,0), hwnd=9378598
14:41:40 [INFO] Target display: Monitor 0 (1920x1080) at (0,0)
14:41:50 [INFO] Loop OK - yaw=-22.1deg, zoom=1.0, tracking=True, fps=60, has_frame=True
14:41:50 [INFO] IMU diag: raw_yaw=-43.1509deg gyro_mag=0.1951 imu_count=5015 bias_done=False connected=True
14:42:00 [INFO] Loop OK - yaw=0.3deg, zoom=1.0, tracking=True, fps=60, has_frame=True
14:42:00 [INFO] IMU diag: raw_yaw=0.6235deg gyro_mag=0.1345 imu_count=9948 bias_done=False connected=True
14:42:02 [INFO] Hotkeys triggered: {'toggle_settings'}
14:42:02 [INFO] Settings panel: shown (click-through: OFF)
14:42:10 [INFO] Loop OK - yaw=-10.2deg, zoom=1.0, tracking=True, fps=61, has_frame=True
14:42:10 [INFO] IMU diag: raw_yaw=-35.9826deg gyro_mag=0.0693 imu_count=14880 bias_done=False connected=True
14:42:20 [INFO] Loop OK - yaw=-2.9deg, zoom=1.0, tracking=True, fps=60, has_frame=True
14:42:20 [INFO] IMU diag: raw_yaw=-19.4977deg gyro_mag=0.0205 imu_count=19811 bias_done=False connected=True
14:42:30 [INFO] Loop OK - yaw=4.4deg, zoom=1.0, tracking=True, fps=60, has_frame=True
14:42:30 [INFO] IMU diag: raw_yaw=42.6968deg gyro_mag=0.1319 imu_count=24744 bias_done=False connected=True
14:42:40 [INFO] Loop OK - yaw=12.9deg, zoom=1.0, tracking=True, fps=61, has_frame=True
14:42:40 [INFO] IMU diag: raw_yaw=128.9080deg gyro_mag=0.0277 imu_count=29674 bias_done=False connected=True
14:42:41 [INFO] Hotkeys triggered: {'quit'}
14:42:41 [INFO] Quit requested
14:49:48 [INFO] ============================================================
14:49:48 [INFO] AirPin starting...
14:49:48 [INFO] Args: Namespace(no_imu=False, no_audio=False, monitor=0, sensitivity=None, fps=None)
14:49:48 [INFO] Displays found: 2, target_monitor=0
14:49:48 [INFO]   [0] Monitor 0 @ (0,0) 1920x1080
14:49:48 [INFO]   [1] Monitor 1 @ (-3840,0) 3840x2160
14:49:49 [INFO] IMU tracker started and recentered
14:49:49 [INFO] Screen capture started: 1920x1080
14:49:49 [INFO] Renderer initialized: 1920x1080 at (0,0), hwnd=25626188
14:49:49 [INFO] Target display: Monitor 0 (1920x1080) at (0,0)
14:49:59 [INFO] Loop OK - yaw=0.0deg, zoom=1.0, tracking=True, fps=60, has_frame=True
14:49:59 [INFO] IMU diag: raw_yaw=0.0deg yaw_out=0.0deg sens=0.15 px_offset=0px gyro_mag=0.3825 imu_count=20 connected=True
14:50:07 [INFO] Hotkeys triggered: {'recenter'}
14:50:07 [INFO] Recentered
14:50:09 [INFO] Hotkeys triggered: {'toggle_pitch'}
14:50:09 [INFO] Pitch: OFF
14:50:09 [INFO] Loop OK - yaw=0.0deg, zoom=1.0, tracking=True, fps=60, has_frame=True
14:50:09 [INFO] IMU diag: raw_yaw=0.0deg yaw_out=0.0deg sens=0.15 px_offset=0px gyro_mag=0.3825 imu_count=20 connected=True
14:50:11 [INFO] Hotkeys triggered: {'toggle_pitch'}
14:50:11 [INFO] Pitch: ON
14:50:13 [INFO] Hotkeys triggered: {'toggle_tracking'}
14:50:13 [INFO] Tracking: OFF
14:50:14 [INFO] Hotkeys triggered: {'toggle_tracking'}
14:50:14 [INFO] Tracking: ON
14:50:19 [INFO] Loop OK - yaw=0.0deg, zoom=1.0, tracking=True, fps=60, has_frame=True
14:50:19 [INFO] IMU diag: raw_yaw=0.0deg yaw_out=0.0deg sens=0.15 px_offset=0px gyro_mag=0.3825 imu_count=20 connected=True
14:50:24 [INFO] Hotkeys triggered: {'quit'}
14:50:24 [INFO] Quit requested
14:53:16 [INFO] ============================================================
14:53:16 [INFO] AirPin starting...
14:53:16 [INFO] Args: Namespace(no_imu=False, no_audio=False, monitor=0, sensitivity=None, fps=None)
14:53:16 [INFO] Displays found: 2, target_monitor=0
14:53:16 [INFO]   [0] Monitor 0 @ (0,0) 1920x1080
14:53:16 [INFO]   [1] Monitor 1 @ (-3840,0) 3840x2160
14:53:16 [INFO] IMU tracker started and recentered
14:53:16 [INFO] Screen capture started: 1920x1080
14:53:36 [INFO] ============================================================
14:53:36 [INFO] AirPin starting...
14:53:36 [INFO] Args: Namespace(no_imu=False, no_audio=False, monitor=0, sensitivity=None, fps=None)
14:53:36 [INFO] Displays found: 2, target_monitor=0
14:53:36 [INFO]   [0] Monitor 0 @ (0,0) 1920x1080
14:53:36 [INFO]   [1] Monitor 1 @ (-3840,0) 3840x2160
14:53:36 [INFO] IMU tracker started and recentered
14:53:36 [INFO] Screen capture started: 1920x1080
14:53:36 [CRITICAL] CRASH: 'charmap' codec can't encode character '\u2192' in position 16: character maps to <undefined>
Traceback (most recent call last):
  File "C:\VR AR\AirPin\main.py", line 553, in <module>
    main()
  File "C:\VR AR\AirPin\main.py", line 261, in main
    if not audio.start():
  File "C:\VR AR\AirPin\airpin\audio_router.py", line 80, in start
    print(f"  Audio: Output \u2192 {out_info['name']}")
  File "C:\Users\Pionoi9\AppData\Local\Programs\Python\Python310\lib\encodings\cp1252.py", line 19, in encode
    return codecs.charmap_encode(input,self.errors,encoding_table)[0]
UnicodeEncodeError: 'charmap' codec can't encode character '\u2192' in position 16: character maps to <undefined>
14:54:03 [INFO] ============================================================
14:54:03 [INFO] AirPin starting...
14:54:03 [INFO] Args: Namespace(no_imu=False, no_audio=False, monitor=0, sensitivity=None, fps=None)
14:54:03 [INFO] Displays found: 2, target_monitor=0
14:54:03 [INFO]   [0] Monitor 0 @ (0,0) 1920x1080
14:54:03 [INFO]   [1] Monitor 1 @ (-3840,0) 3840x2160
14:54:03 [INFO] IMU tracker started and recentered
14:54:03 [INFO] Screen capture started: 1920x1080
14:54:04 [INFO] Renderer initialized: 1920x1080 at (0,0), hwnd=15671092
14:54:04 [INFO] Target display: Monitor 0 (1920x1080) at (0,0)
14:55:39 [INFO] ============================================================
14:55:39 [INFO] AirPin starting...
14:55:39 [INFO] Args: Namespace(no_imu=False, no_audio=False, monitor=0, sensitivity=None, fps=None)
14:55:39 [INFO] Displays found: 2, target_monitor=0
14:55:39 [INFO]   [0] Monitor 0 @ (0,0) 1920x1080
14:55:39 [INFO]   [1] Monitor 1 @ (-3840,0) 3840x2160
14:55:39 [INFO] IMU tracker started and recentered
14:55:39 [INFO] Screen capture started: 1920x1080
14:55:40 [INFO] Renderer initialized: 1920x1080 at (0,0), hwnd=20519926
14:55:40 [INFO] Target display: Monitor 0 (1920x1080) at (0,0)
14:55:50 [INFO] Loop OK - yaw=19.6deg, zoom=1.0, tracking=True, fps=60, has_frame=True
14:55:50 [INFO] IMU diag: raw_yaw=136.1deg yaw_out=20.4deg sens=0.15 px_offset=852px gyro_mag=0.9731 imu_count=4945 connected=True
14:56:00 [INFO] Loop OK - yaw=-4.9deg, zoom=1.0, tracking=True, fps=60, has_frame=True
14:56:00 [INFO] IMU diag: raw_yaw=-33.2deg yaw_out=-5.0deg sens=0.15 px_offset=-208px gyro_mag=0.0977 imu_count=9877 connected=True
14:56:10 [INFO] Loop OK - yaw=-11.1deg, zoom=1.0, tracking=True, fps=60, has_frame=True
14:56:10 [INFO] IMU diag: raw_yaw=-56.2deg yaw_out=-8.4deg sens=0.15 px_offset=-352px gyro_mag=2.2140 imu_count=14814 connected=True
14:56:20 [INFO] Loop OK - yaw=-18.3deg, zoom=1.0, tracking=True, fps=61, has_frame=True
14:56:20 [INFO] IMU diag: raw_yaw=-122.2deg yaw_out=-18.3deg sens=0.15 px_offset=-765px gyro_mag=0.0530 imu_count=19750 connected=True
14:56:30 [INFO] Loop OK - yaw=-3.4deg, zoom=1.0, tracking=True, fps=60, has_frame=True
14:56:30 [INFO] IMU diag: raw_yaw=-23.1deg yaw_out=-3.5deg sens=0.15 px_offset=-144px gyro_mag=0.0583 imu_count=24683 connected=True
14:56:40 [INFO] Loop OK - yaw=9.1deg, zoom=1.0, tracking=True, fps=60, has_frame=True
14:56:40 [INFO] IMU diag: raw_yaw=50.5deg yaw_out=7.6deg sens=0.15 px_offset=316px gyro_mag=1.5229 imu_count=29616 connected=True
14:56:50 [INFO] Loop OK - yaw=-23.5deg, zoom=1.0, tracking=True, fps=60, has_frame=True
14:56:50 [INFO] IMU diag: raw_yaw=-157.1deg yaw_out=-23.6deg sens=0.15 px_offset=-984px gyro_mag=0.0554 imu_count=34550 connected=True
14:56:57 [INFO] Hotkeys triggered: {'quit'}
14:56:57 [INFO] Quit requested
15:03:39 [INFO] ============================================================
15:03:39 [INFO] AirPin starting...
15:03:39 [INFO] Args: Namespace(no_imu=False, no_audio=False, monitor=0, sensitivity=None, fps=None)
15:03:39 [INFO] Displays found: 2, target_monitor=0
15:03:39 [INFO]   [0] Monitor 0 @ (0,0) 1920x1080
15:03:39 [INFO]   [1] Monitor 1 @ (-3840,0) 3840x2160
15:03:40 [INFO] IMU tracker started and recentered
15:03:40 [INFO] Screen capture started: 1920x1080
15:03:51 [INFO] ============================================================
15:03:51 [INFO] AirPin starting...
15:03:51 [INFO] Args: Namespace(no_imu=False, no_audio=False, monitor=0, sensitivity=None, fps=None)
15:03:51 [INFO] Displays found: 2, target_monitor=0
15:03:51 [INFO]   [0] Monitor 0 @ (0,0) 1920x1080
15:03:51 [INFO]   [1] Monitor 1 @ (-3840,0) 3840x2160
15:03:51 [INFO] IMU tracker started and recentered
15:03:51 [INFO] Screen capture started: 1920x1080
15:03:51 [INFO] Renderer initialized: 1920x1080 at (0,0), hwnd=13182818
15:03:51 [INFO] Target display: Monitor 0 (1920x1080) at (0,0)
15:04:02 [INFO] Loop OK - yaw=-5.3deg, zoom=1.0, tracking=True, fps=60, has_frame=True
15:04:02 [INFO] IMU diag: raw_yaw=-34.4deg yaw_out=-5.2deg sens=0.15 px_offset=-215px gyro_mag=0.5924 imu_count=5310 connected=True
15:04:12 [INFO] Loop OK - yaw=19.9deg, zoom=1.0, tracking=True, fps=60, has_frame=True
15:04:12 [INFO] IMU diag: raw_yaw=115.2deg yaw_out=17.3deg sens=0.15 px_offset=721px gyro_mag=1.9803 imu_count=10243 connected=True
15:04:14 [INFO] Hotkeys triggered: {'quit'}
15:04:14 [INFO] Quit requested
15:04:44 [INFO] ============================================================
15:04:44 [INFO] AirPin starting...
15:04:44 [INFO] Args: Namespace(no_imu=False, no_audio=False, monitor=0, sensitivity=None, fps=None)
15:04:44 [INFO] Displays found: 2, target_monitor=0
15:04:44 [INFO]   [0] Monitor 0 @ (0,0) 1920x1080
15:04:44 [INFO]   [1] Monitor 1 @ (-3840,0) 3840x2160
15:04:44 [INFO] IMU tracker started and recentered
15:04:44 [INFO] Screen capture started: 1920x1080
15:04:44 [INFO] Renderer initialized: 1920x1080 at (0,0), hwnd=2687176
15:04:44 [INFO] Target display: Monitor 0 (1920x1080) at (0,0)
15:04:55 [INFO] Loop OK - yaw=-4.0deg, zoom=1.0, tracking=True, fps=60, has_frame=True
15:04:55 [INFO] IMU diag: raw_yaw=-27.0deg yaw_out=-4.0deg sens=0.15 px_offset=-169px gyro_mag=0.7078 imu_count=1112 connected=True
15:05:05 [INFO] Loop OK - yaw=-4.0deg, zoom=1.0, tracking=True, fps=60, has_frame=True
15:05:05 [INFO] IMU diag: raw_yaw=-27.0deg yaw_out=-4.0deg sens=0.15 px_offset=-169px gyro_mag=0.7078 imu_count=1112 connected=True
15:05:10 [INFO] Hotkeys triggered: {'recenter'}
15:05:10 [INFO] Recentered
15:05:13 [INFO] Hotkeys triggered: {'toggle_pitch'}
15:05:13 [INFO] Pitch: OFF
15:05:14 [INFO] Hotkeys triggered: {'toggle_pitch'}
15:05:14 [INFO] Pitch: ON
15:05:15 [INFO] Loop OK - yaw=0.0deg, zoom=1.0, tracking=True, fps=60, has_frame=True
15:05:15 [INFO] IMU diag: raw_yaw=0.0deg yaw_out=0.0deg sens=0.15 px_offset=0px gyro_mag=0.7078 imu_count=1112 connected=True
15:05:19 [INFO] Hotkeys triggered: {'toggle_cursor'}
15:05:19 [INFO] Cursor hide: True
15:05:20 [INFO] Hotkeys triggered: {'quit'}
15:05:20 [INFO] Quit requested
15:08:26 [INFO] ============================================================
15:08:26 [INFO] AirPin starting...
15:08:26 [INFO] Args: Namespace(no_imu=False, no_audio=False, monitor=0, sensitivity=None, fps=None)
15:08:26 [INFO] Displays found: 2, target_monitor=0
15:08:26 [INFO]   [0] Monitor 0 @ (0,0) 1920x1080
15:08:26 [INFO]   [1] Monitor 1 @ (-3840,0) 3840x2160
15:08:29 [INFO] IMU tracker started and recentered
15:08:29 [INFO] Screen capture started: 1920x1080
15:08:30 [INFO] Renderer initialized: 1920x1080 at (0,0), hwnd=15668066
15:08:30 [INFO] Target display: Monitor 0 (1920x1080) at (0,0)
15:08:36 [INFO] Hotkeys triggered: {'recenter'}
15:08:36 [INFO] Recentered
15:08:40 [INFO] Loop OK - yaw=0.0deg, zoom=1.0, tracking=True, fps=60, has_frame=True
15:08:40 [INFO] IMU inactive: tracking_enabled=True, imu_count=0, connected=True
15:08:45 [INFO] Hotkeys triggered: {'quit'}
15:08:45 [INFO] Quit requested
15:09:11 [INFO] ============================================================
15:09:11 [INFO] AirPin starting...
15:09:11 [INFO] Args: Namespace(no_imu=False, no_audio=False, monitor=0, sensitivity=None, fps=None)
15:09:11 [INFO] Displays found: 2, target_monitor=0
15:09:11 [INFO]   [0] Monitor 0 @ (0,0) 1920x1080
15:09:11 [INFO]   [1] Monitor 1 @ (-3840,0) 3840x2160
15:09:11 [INFO] IMU tracker started and recentered
15:09:11 [INFO] Screen capture started: 1920x1080
15:09:17 [INFO] ============================================================
15:09:17 [INFO] AirPin starting...
15:09:17 [INFO] Args: Namespace(no_imu=False, no_audio=False, monitor=0, sensitivity=None, fps=None)
15:09:17 [INFO] Displays found: 2, target_monitor=0
15:09:17 [INFO]   [0] Monitor 0 @ (0,0) 1920x1080
15:09:17 [INFO]   [1] Monitor 1 @ (-3840,0) 3840x2160
15:09:17 [INFO] IMU tracker started and recentered
15:09:17 [INFO] Screen capture started: 1920x1080
15:09:36 [INFO] ============================================================
15:09:36 [INFO] AirPin starting...
15:09:36 [INFO] Args: Namespace(no_imu=False, no_audio=False, monitor=0, sensitivity=None, fps=None)
15:09:36 [INFO] Displays found: 2, target_monitor=0
15:09:36 [INFO]   [0] Monitor 0 @ (0,0) 1920x1080
15:09:36 [INFO]   [1] Monitor 1 @ (-3840,0) 3840x2160
15:09:36 [INFO] IMU tracker started and recentered
15:09:36 [INFO] Screen capture started: 1920x1080
15:09:36 [INFO] Renderer initialized: 1920x1080 at (0,0), hwnd=13313202
15:09:36 [INFO] Target display: Monitor 0 (1920x1080) at (0,0)
15:09:46 [INFO] Loop OK - yaw=19.0deg, zoom=1.0, tracking=True, fps=60, has_frame=True
15:09:46 [INFO] IMU diag: raw_yaw=126.4deg yaw_out=19.0deg sens=0.15 px_offset=792px gyro_mag=0.0404 imu_count=5317 connected=True
15:09:56 [INFO] Loop OK - yaw=-18.4deg, zoom=1.0, tracking=True, fps=60, has_frame=True
15:09:56 [INFO] IMU diag: raw_yaw=-123.3deg yaw_out=-18.5deg sens=0.15 px_offset=-772px gyro_mag=0.0758 imu_count=10254 connected=True
15:10:06 [INFO] Loop OK - yaw=14.5deg, zoom=1.0, tracking=True, fps=61, has_frame=True
15:10:06 [INFO] IMU diag: raw_yaw=94.9deg yaw_out=14.2deg sens=0.15 px_offset=594px gyro_mag=0.3286 imu_count=15187 connected=True
15:10:16 [INFO] Loop OK - yaw=-8.2deg, zoom=1.0, tracking=True, fps=60, has_frame=True
15:10:16 [INFO] IMU diag: raw_yaw=-55.4deg yaw_out=-8.3deg sens=0.15 px_offset=-347px gyro_mag=0.1125 imu_count=20115 connected=True
15:10:26 [INFO] Loop OK - yaw=9.4deg, zoom=1.0, tracking=True, fps=59, has_frame=True
15:10:26 [INFO] IMU diag: raw_yaw=63.6deg yaw_out=9.5deg sens=0.15 px_offset=398px gyro_mag=0.2471 imu_count=25042 connected=True
15:10:31 [INFO] Hotkeys triggered: {'toggle_pitch'}
15:10:31 [INFO] Pitch: OFF
15:10:36 [INFO] Loop OK - yaw=4.2deg, zoom=1.0, tracking=True, fps=60, has_frame=True
15:10:36 [INFO] IMU diag: raw_yaw=26.0deg yaw_out=3.9deg sens=0.15 px_offset=163px gyro_mag=0.2071 imu_count=29970 connected=True
15:10:37 [INFO] Hotkeys triggered: {'toggle_pitch'}
15:10:37 [INFO] Pitch: ON
15:10:38 [INFO] Hotkeys triggered: {'invert_yaw'}
15:10:38 [INFO] Yaw invert: True
15:10:40 [INFO] Hotkeys triggered: {'invert_yaw'}
15:10:40 [INFO] Yaw invert: False
15:10:41 [INFO] Hotkeys triggered: {'recenter'}
15:10:41 [INFO] Recentered
15:10:46 [INFO] Hotkeys triggered: {'toggle_tracking'}
15:10:46 [INFO] Tracking: OFF
15:10:46 [INFO] Loop OK - yaw=0.0deg, zoom=1.0, tracking=False, fps=60, has_frame=True
15:10:46 [INFO] IMU inactive: tracking_enabled=False, imu_count=34903, connected=True
15:10:51 [INFO] Hotkeys triggered: {'toggle_tracking'}
15:10:51 [INFO] Tracking: ON
15:10:56 [INFO] Loop OK - yaw=-21.8deg, zoom=1.0, tracking=True, fps=60, has_frame=True
15:10:56 [INFO] IMU diag: raw_yaw=-146.0deg yaw_out=-21.9deg sens=0.15 px_offset=-914px gyro_mag=0.0944 imu_count=39836 connected=True
15:11:06 [INFO] Loop OK - yaw=-10.6deg, zoom=1.0, tracking=True, fps=61, has_frame=True
15:11:06 [INFO] IMU diag: raw_yaw=-71.3deg yaw_out=-10.7deg sens=0.15 px_offset=-446px gyro_mag=0.0651 imu_count=44769 connected=True
15:11:16 [INFO] Loop OK - yaw=-1.5deg, zoom=1.0, tracking=True, fps=60, has_frame=True
15:11:16 [INFO] IMU diag: raw_yaw=-10.5deg yaw_out=-1.6deg sens=0.15 px_offset=-66px gyro_mag=0.0833 imu_count=49703 connected=True
15:11:26 [INFO] Loop OK - yaw=7.2deg, zoom=1.0, tracking=True, fps=60, has_frame=True
15:11:26 [INFO] IMU diag: raw_yaw=47.8deg yaw_out=7.2deg sens=0.15 px_offset=299px gyro_mag=0.3705 imu_count=54633 connected=True
15:11:36 [INFO] Loop OK - yaw=21.8deg, zoom=1.0, tracking=True, fps=60, has_frame=True
15:11:36 [INFO] IMU diag: raw_yaw=145.3deg yaw_out=21.8deg sens=0.15 px_offset=910px gyro_mag=0.0347 imu_count=59566 connected=True
15:11:44 [INFO] Hotkeys triggered: {'quit'}
15:11:44 [INFO] Quit requested
15:28:34 [INFO] ============================================================
15:28:34 [INFO] AirPin starting...
15:28:34 [INFO] Args: Namespace(no_imu=False, no_audio=False, monitor=0, sensitivity=None, fps=None)
15:28:34 [INFO] Displays found: 2, target_monitor=0
15:28:34 [INFO]   [0] Monitor 0 @ (0,0) 1920x1080
15:28:34 [INFO]   [1] Monitor 1 @ (-3840,0) 3840x2160
15:28:35 [INFO] IMU tracker started and recentered
15:28:35 [INFO] Screen capture started: 1920x1080
15:28:35 [INFO] Renderer initialized: 1920x1080 at (0,0), hwnd=61804444
15:28:35 [INFO] Target display: Monitor 0 (1920x1080) at (0,0)
15:28:35 [CRITICAL] CRASH: 'list' object has no attribute 'width'
Traceback (most recent call last):
  File "C:\VR AR\AirPin\main.py", line 557, in <module>
    main()
  File "C:\VR AR\AirPin\main.py", line 471, in main
    renderer.render_panels(slots, offsets, pixel_offset_x, pixel_offset_y, zoom)
  File "C:\VR AR\AirPin\airpin\spatial_renderer.py", line 289, in render_panels
    glScissor(0, 0, self.width, self.height)
AttributeError: 'list' object has no attribute 'width'
15:28:43 [INFO] ============================================================
15:28:43 [INFO] AirPin starting...
15:28:43 [INFO] Args: Namespace(no_imu=False, no_audio=False, monitor=0, sensitivity=None, fps=None)
15:28:43 [INFO] Displays found: 2, target_monitor=0
15:28:43 [INFO]   [0] Monitor 0 @ (0,0) 1920x1080
15:28:43 [INFO]   [1] Monitor 1 @ (-3840,0) 3840x2160
15:28:43 [INFO] IMU tracker started and recentered
15:28:43 [INFO] Screen capture started: 1920x1080
15:28:43 [INFO] Renderer initialized: 1920x1080 at (0,0), hwnd=6161288
15:28:43 [INFO] Target display: Monitor 0 (1920x1080) at (0,0)
15:28:44 [CRITICAL] CRASH: 'list' object has no attribute 'width'
Traceback (most recent call last):
  File "C:\VR AR\AirPin\main.py", line 557, in <module>
    main()
  File "C:\VR AR\AirPin\main.py", line 471, in main
    renderer.render_panels(slots, offsets, pixel_offset_x, pixel_offset_y, zoom)
  File "C:\VR AR\AirPin\airpin\spatial_renderer.py", line 289, in render_panels
    glScissor(0, 0, self.width, self.height)
AttributeError: 'list' object has no attribute 'width'
15:28:52 [INFO] ============================================================
15:28:52 [INFO] AirPin starting...
15:28:52 [INFO] Args: Namespace(no_imu=False, no_audio=False, monitor=0, sensitivity=None, fps=None)
15:28:52 [INFO] Displays found: 2, target_monitor=0
15:28:52 [INFO]   [0] Monitor 0 @ (0,0) 1920x1080
15:28:52 [INFO]   [1] Monitor 1 @ (-3840,0) 3840x2160
15:28:52 [INFO] IMU tracker started and recentered
15:28:52 [INFO] Screen capture started: 1920x1080
15:28:53 [INFO] Renderer initialized: 1920x1080 at (0,0), hwnd=41227572
15:28:53 [INFO] Target display: Monitor 0 (1920x1080) at (0,0)
15:28:53 [CRITICAL] CRASH: 'list' object has no attribute 'width'
Traceback (most recent call last):
  File "C:\VR AR\AirPin\main.py", line 557, in <module>
    main()
  File "C:\VR AR\AirPin\main.py", line 471, in main
    renderer.render_panels(slots, offsets, pixel_offset_x, pixel_offset_y, zoom)
  File "C:\VR AR\AirPin\airpin\spatial_renderer.py", line 289, in render_panels
    glScissor(0, 0, self.width, self.height)
AttributeError: 'list' object has no attribute 'width'
15:29:13 [INFO] ============================================================
15:29:13 [INFO] AirPin starting...
15:29:13 [INFO] Args: Namespace(no_imu=False, no_audio=False, monitor=0, sensitivity=None, fps=None)
15:29:13 [INFO] Displays found: 2, target_monitor=0
15:29:13 [INFO]   [0] Monitor 0 @ (0,0) 1920x1080
15:29:13 [INFO]   [1] Monitor 1 @ (-3840,0) 3840x2160
15:29:13 [INFO] IMU tracker started and recentered
15:29:13 [INFO] Screen capture started: 1920x1080
15:30:29 [INFO] ============================================================
15:30:29 [INFO] AirPin starting...
15:30:29 [INFO] Args: Namespace(no_imu=False, no_audio=False, monitor=0, sensitivity=None, fps=None)
15:30:29 [INFO] Displays found: 2, target_monitor=0
15:30:29 [INFO]   [0] Monitor 0 @ (0,0) 1920x1080
15:30:29 [INFO]   [1] Monitor 1 @ (-3840,0) 3840x2160
15:30:29 [INFO] IMU tracker started and recentered
15:30:29 [INFO] Screen capture started: 1920x1080
15:30:52 [INFO] ============================================================
15:30:52 [INFO] AirPin starting...
15:30:52 [INFO] Args: Namespace(no_imu=False, no_audio=False, monitor=0, sensitivity=None, fps=None)
15:30:52 [INFO] Displays found: 2, target_monitor=0
15:30:52 [INFO]   [0] Monitor 0 @ (0,0) 1920x1080
15:30:52 [INFO]   [1] Monitor 1 @ (-3840,0) 3840x2160
15:30:52 [INFO] IMU tracker started and recentered
15:30:52 [INFO] Screen capture started: 1920x1080
15:30:53 [INFO] Renderer initialized: 1920x1080 at (0,0), hwnd=13304166
15:30:53 [INFO] Target display: Monitor 0 (1920x1080) at (0,0)
15:30:53 [CRITICAL] CRASH: 'list' object has no attribute 'width'
Traceback (most recent call last):
  File "C:\VR AR\AirPin\main.py", line 557, in <module>
    main()
  File "C:\VR AR\AirPin\main.py", line 471, in main
    renderer.render_panels(slots, offsets, pixel_offset_x, pixel_offset_y, zoom)
  File "C:\VR AR\AirPin\airpin\spatial_renderer.py", line 289, in render_panels
    glScissor(0, 0, self.width, self.height)
AttributeError: 'list' object has no attribute 'width'
15:30:54 [INFO] ============================================================
15:30:54 [INFO] AirPin starting...
15:30:54 [INFO] Args: Namespace(no_imu=False, no_audio=False, monitor=0, sensitivity=None, fps=None)
15:30:54 [INFO] Displays found: 2, target_monitor=0
15:30:54 [INFO]   [0] Monitor 0 @ (0,0) 1920x1080
15:30:54 [INFO]   [1] Monitor 1 @ (-3840,0) 3840x2160
15:30:54 [INFO] IMU tracker started and recentered
15:30:54 [INFO] Screen capture started: 1920x1080
15:30:54 [INFO] Renderer initialized: 1920x1080 at (0,0), hwnd=24580624
15:30:54 [INFO] Target display: Monitor 0 (1920x1080) at (0,0)
15:32:19 [INFO] ============================================================
15:32:19 [INFO] AirPin starting...
15:32:19 [INFO] Args: Namespace(no_imu=False, no_audio=False, monitor=0, sensitivity=None, fps=None)
15:32:19 [INFO] Displays found: 2, target_monitor=0
15:32:19 [INFO]   [0] Monitor 0 @ (0,0) 1920x1080
15:32:19 [INFO]   [1] Monitor 1 @ (-3840,0) 3840x2160
15:32:19 [INFO] IMU tracker started and recentered
15:32:19 [INFO] Screen capture started: 1920x1080
15:32:20 [INFO] Renderer initialized: 1920x1080 at (0,0), hwnd=2818250
15:32:20 [INFO] Target display: Monitor 0 (1920x1080) at (0,0)
15:32:20 [CRITICAL] CRASH: name 'head_yaw' is not defined
Traceback (most recent call last):
  File "C:\VR AR\AirPin\main.py", line 557, in <module>
    main()
  File "C:\VR AR\AirPin\main.py", line 471, in main
    renderer.render_panels(slots, offsets, pixel_offset_x, pixel_offset_y, zoom)
  File "C:\VR AR\AirPin\airpin\spatial_renderer.py", line 293, in render_panels
    head_offset_x = yaw_sign * head_yaw * ppd_rad
NameError: name 'head_yaw' is not defined
15:32:20 [WARNING] IMU device detached, reconnecting
15:32:57 [INFO] ============================================================
15:32:57 [INFO] AirPin starting...
15:32:57 [INFO] Args: Namespace(no_imu=False, no_audio=False, monitor=0, sensitivity=None, fps=None)
15:32:57 [INFO] Displays found: 2, target_monitor=0
15:32:57 [INFO]   [0] Monitor 0 @ (0,0) 1920x1080
15:32:57 [INFO]   [1] Monitor 1 @ (-3840,0) 3840x2160
15:32:57 [INFO] IMU tracker started and recentered
15:32:57 [INFO] Screen capture started: 1920x1080
15:33:10 [INFO] ============================================================
15:33:10 [INFO] AirPin starting...
15:33:10 [INFO] Args: Namespace(no_imu=False, no_audio=False, monitor=0, sensitivity=None, fps=None)
15:33:10 [INFO] Displays found: 2, target_monitor=0
15:33:10 [INFO]   [0] Monitor 0 @ (0,0) 1920x1080
15:33:10 [INFO]   [1] Monitor 1 @ (-3840,0) 3840x2160
15:33:10 [INFO] IMU tracker started and recentered
15:33:10 [INFO] Screen capture started: 1920x1080
15:33:10 [INFO] Renderer initialized: 1920x1080 at (0,0), hwnd=41751860
15:33:10 [INFO] Target display: Monitor 0 (1920x1080) at (0,0)
15:33:11 [WARNING] IMU device detached, reconnecting
15:34:07 [INFO] ============================================================
15:34:07 [INFO] AirPin starting...
15:34:07 [INFO] Args: Namespace(no_imu=False, no_audio=False, monitor=0, sensitivity=None, fps=None)
15:34:07 [INFO] Displays found: 2, target_monitor=0
15:34:07 [INFO]   [0] Monitor 0 @ (0,0) 1920x1080
15:34:07 [INFO]   [1] Monitor 1 @ (-3840,0) 3840x2160
15:34:08 [INFO] IMU tracker started and recentered
15:34:08 [INFO] Screen capture started: 1920x1080
15:34:49 [INFO] ============================================================
15:34:49 [INFO] AirPin starting...
15:34:49 [INFO] Args: Namespace(no_imu=False, no_audio=False, monitor=0, sensitivity=None, fps=None)
15:34:49 [INFO] Displays found: 2, target_monitor=0
15:34:49 [INFO]   [0] Monitor 0 @ (0,0) 1920x1080
15:34:49 [INFO]   [1] Monitor 1 @ (-3840,0) 3840x2160
15:34:49 [INFO] IMU tracker started and recentered
15:34:49 [INFO] Screen capture started: 1920x1080
15:34:50 [INFO] Renderer initialized: 1920x1080 at (0,0), hwnd=5570650
15:34:50 [INFO] Target display: Monitor 0 (1920x1080) at (0,0)
15:35:00 [INFO] Loop OK - px_off=-198px, zoom=1.0, tracking=True, fps=60, has_frame=True
15:35:00 [INFO] IMU diag: raw_yaw=-11.2deg px_off=-184px sens=0.15 gyro_mag=0.0629 imu_count=4936 connected=True
15:35:10 [INFO] Loop OK - px_off=242px, zoom=1.0, tracking=True, fps=60, has_frame=True
15:35:10 [INFO] IMU diag: raw_yaw=136.6deg px_off=241px sens=0.15 gyro_mag=0.0376 imu_count=9871 connected=True
15:35:13 [INFO] Hotkeys triggered: {'recenter'}
15:35:13 [INFO] Recentered
15:35:20 [INFO] Loop OK - px_off=-288px, zoom=1.0, tracking=True, fps=60, has_frame=True
15:35:20 [INFO] IMU diag: raw_yaw=-86.8deg px_off=-288px sens=0.15 gyro_mag=0.5045 imu_count=14805 connected=True
15:35:27 [INFO] Hotkeys triggered: {'recenter'}
15:35:27 [INFO] Recentered
15:35:30 [INFO] Loop OK - px_off=288px, zoom=1.0, tracking=True, fps=60, has_frame=True
15:35:30 [INFO] IMU diag: raw_yaw=62.5deg px_off=288px sens=0.15 gyro_mag=0.7971 imu_count=19737 connected=True
15:35:38 [INFO] Hotkeys triggered: {'recenter'}
15:35:38 [INFO] Recentered
15:35:40 [INFO] Loop OK - px_off=77px, zoom=1.0, tracking=True, fps=61, has_frame=True
15:35:40 [INFO] IMU diag: raw_yaw=1.7deg px_off=75px sens=0.15 gyro_mag=0.0256 imu_count=24671 connected=True
15:35:50 [INFO] Loop OK - px_off=51px, zoom=1.0, tracking=True, fps=60, has_frame=True
15:35:50 [INFO] IMU diag: raw_yaw=2.7deg px_off=51px sens=0.15 gyro_mag=0.0272 imu_count=29605 connected=True
15:36:00 [INFO] Loop OK - px_off=-37px, zoom=1.0, tracking=True, fps=60, has_frame=True
15:36:00 [INFO] IMU diag: raw_yaw=-3.8deg px_off=-38px sens=0.15 gyro_mag=0.0244 imu_count=34538 connected=True
15:36:10 [INFO] Loop OK - px_off=-99px, zoom=1.0, tracking=True, fps=60, has_frame=True
15:36:10 [INFO] IMU diag: raw_yaw=-14.2deg px_off=-95px sens=0.15 gyro_mag=0.0143 imu_count=39484 connected=True
15:36:20 [INFO] Loop OK - px_off=54px, zoom=1.0, tracking=True, fps=60, has_frame=True
15:36:20 [INFO] IMU diag: raw_yaw=11.9deg px_off=53px sens=0.15 gyro_mag=0.0110 imu_count=44434 connected=True
15:36:30 [INFO] Loop OK - px_off=-91px, zoom=1.0, tracking=True, fps=60, has_frame=True
15:36:30 [INFO] IMU diag: raw_yaw=-39.2deg px_off=-93px sens=0.15 gyro_mag=0.0235 imu_count=49385 connected=True
15:36:40 [INFO] Loop OK - px_off=160px, zoom=1.0, tracking=True, fps=62, has_frame=True
15:36:40 [INFO] IMU diag: raw_yaw=27.6deg px_off=150px sens=0.15 gyro_mag=0.0262 imu_count=54322 connected=True
15:36:50 [INFO] Loop OK - px_off=-287px, zoom=1.0, tracking=True, fps=61, has_frame=True
15:36:50 [INFO] IMU diag: raw_yaw=-41.5deg px_off=-287px sens=0.15 gyro_mag=0.2491 imu_count=59255 connected=True
15:37:00 [INFO] Loop OK - px_off=213px, zoom=1.0, tracking=True, fps=62, has_frame=True
15:37:00 [INFO] IMU diag: raw_yaw=51.1deg px_off=204px sens=0.15 gyro_mag=0.0385 imu_count=64186 connected=True
15:37:10 [INFO] Loop OK - px_off=-244px, zoom=1.0, tracking=True, fps=64, has_frame=True
15:37:10 [INFO] IMU diag: raw_yaw=-11.5deg px_off=-242px sens=0.15 gyro_mag=0.2898 imu_count=69114 connected=True
15:37:11 [INFO] Hotkeys triggered: {'recenter'}
15:37:11 [INFO] Recentered
15:37:13 [INFO] Hotkeys triggered: {'recenter'}
15:37:13 [INFO] Recentered
15:37:20 [INFO] Loop OK - px_off=-17px, zoom=1.0, tracking=True, fps=63, has_frame=True
15:37:20 [INFO] IMU diag: raw_yaw=1.1deg px_off=-17px sens=0.15 gyro_mag=0.0101 imu_count=74040 connected=True
15:37:26 [INFO] Hotkeys triggered: {'quit'}
15:37:26 [INFO] Quit requested
15:44:47 [INFO] ============================================================
15:44:47 [INFO] AirPin starting...
15:44:47 [INFO] Args: Namespace(no_imu=False, no_audio=False, monitor=0, sensitivity=None, fps=None)
15:44:47 [INFO] Displays found: 2, target_monitor=0
15:44:47 [INFO]   [0] Monitor 0 @ (0,0) 1920x1080
15:44:47 [INFO]   [1] Monitor 1 @ (-3840,0) 3840x2160
15:44:48 [INFO] IMU tracker started and recentered
15:44:48 [INFO] Screen capture started: 1920x1080
15:44:48 [INFO] Renderer initialized: 1920x1080 at (0,0), hwnd=16327500
15:44:48 [INFO] Target display: Monitor 0 (1920x1080) at (0,0)
15:44:54 [INFO] Hotkeys triggered: {'recenter'}
15:44:54 [INFO] Recentered
15:44:58 [INFO] Loop OK - px_off=-8px, zoom=1.0, tracking=True, fps=59, has_frame=True
15:44:58 [INFO] IMU diag: raw_yaw=-8.2deg px_off=-10px sens=0.15 gyro_mag=0.1064 imu_count=5363 connected=True
15:45:08 [INFO] Loop OK - px_off=63px, zoom=1.0, tracking=True, fps=60, has_frame=True
15:45:08 [INFO] IMU diag: raw_yaw=1.7deg px_off=62px sens=0.15 gyro_mag=0.0761 imu_count=10296 connected=True
15:45:11 [INFO] Hotkeys triggered: {'recenter'}
15:45:11 [INFO] Recentered
15:45:13 [INFO] Hotkeys triggered: {'recenter'}
15:45:13 [INFO] Recentered
15:45:14 [INFO] Hotkeys triggered: {'recenter'}
15:45:14 [INFO] Recentered
15:45:16 [WARNING] IMU stalled after 12638 samples, reconnecting (attempt 1)
15:45:17 [INFO] IMU reconnected successfully
15:45:19 [INFO] Loop OK - px_off=0px, zoom=1.0, tracking=True, fps=60, has_frame=True
15:45:19 [INFO] IMU diag: raw_yaw=0.0deg px_off=0px sens=0.15 gyro_mag=0.0243 imu_count=12638 connected=True
15:45:20 [WARNING] IMU stalled after 12638 samples, reconnecting (attempt 2)
15:45:20 [INFO] IMU reconnected successfully
15:45:24 [WARNING] IMU stalled after 12638 samples, reconnecting (attempt 3)
15:45:24 [INFO] IMU reconnected successfully
15:45:27 [WARNING] IMU stalled after 12638 samples, reconnecting (attempt 4)
15:45:27 [INFO] Hotkeys triggered: {'recenter'}
15:45:27 [INFO] Recentered
15:45:28 [INFO] IMU reconnected successfully
15:45:29 [INFO] Loop OK - px_off=0px, zoom=1.0, tracking=True, fps=61, has_frame=True
15:45:29 [INFO] IMU diag: raw_yaw=0.0deg px_off=0px sens=0.15 gyro_mag=0.0243 imu_count=12638 connected=True
15:45:31 [WARNING] IMU stalled after 12638 samples, reconnecting (attempt 5)
15:45:31 [INFO] IMU reconnected successfully
15:45:35 [WARNING] IMU stalled after 12638 samples, reconnecting (attempt 6)
15:45:35 [INFO] IMU reconnected successfully
15:45:38 [WARNING] IMU stalled after 12638 samples, reconnecting (attempt 7)
15:45:39 [INFO] Loop OK - px_off=0px, zoom=1.0, tracking=True, fps=60, has_frame=True
15:45:39 [INFO] IMU diag: raw_yaw=0.0deg px_off=0px sens=0.15 gyro_mag=0.0243 imu_count=12638 connected=True
15:45:39 [INFO] IMU reconnected successfully
15:45:42 [WARNING] IMU stalled after 12638 samples, reconnecting (attempt 8)
15:45:42 [INFO] IMU reconnected successfully
15:45:45 [WARNING] IMU stalled after 12638 samples, reconnecting (attempt 9)
15:45:46 [INFO] IMU reconnected successfully
15:45:49 [INFO] Loop OK - px_off=0px, zoom=1.0, tracking=True, fps=60, has_frame=True
15:45:49 [INFO] IMU diag: raw_yaw=0.0deg px_off=0px sens=0.15 gyro_mag=0.0243 imu_count=12638 connected=True
15:45:49 [WARNING] IMU stalled after 12638 samples, reconnecting (attempt 10)
15:45:50 [INFO] IMU reconnected successfully
15:45:53 [WARNING] IMU stalled after 12638 samples, reconnecting (attempt 11)
15:45:53 [INFO] IMU reconnected successfully
15:45:56 [WARNING] IMU stalled after 12638 samples, reconnecting (attempt 12)
15:45:57 [INFO] IMU reconnected successfully
15:45:59 [INFO] Loop OK - px_off=0px, zoom=1.0, tracking=True, fps=60, has_frame=True
15:45:59 [INFO] IMU diag: raw_yaw=0.0deg px_off=0px sens=0.15 gyro_mag=0.0243 imu_count=12638 connected=True
15:46:00 [WARNING] IMU stalled after 12638 samples, reconnecting (attempt 13)
15:46:01 [INFO] IMU reconnected successfully
15:46:04 [WARNING] IMU stalled after 12638 samples, reconnecting (attempt 14)
15:46:04 [INFO] IMU reconnected successfully
15:46:07 [WARNING] IMU stalled after 12638 samples, reconnecting (attempt 15)
15:46:08 [INFO] IMU reconnected successfully
15:46:09 [INFO] Loop OK - px_off=0px, zoom=1.0, tracking=True, fps=60, has_frame=True
15:46:09 [INFO] IMU diag: raw_yaw=0.0deg px_off=0px sens=0.15 gyro_mag=0.0243 imu_count=12638 connected=True
15:46:11 [WARNING] IMU stalled after 12638 samples, reconnecting (attempt 16)
15:46:11 [INFO] IMU reconnected successfully
15:46:15 [WARNING] IMU stalled after 12638 samples, reconnecting (attempt 17)
15:46:15 [INFO] IMU reconnected successfully
15:46:18 [WARNING] IMU stalled after 12638 samples, reconnecting (attempt 18)
15:46:19 [INFO] Loop OK - px_off=0px, zoom=1.0, tracking=True, fps=60, has_frame=True
15:46:19 [INFO] IMU diag: raw_yaw=0.0deg px_off=0px sens=0.15 gyro_mag=0.0243 imu_count=12638 connected=True
15:46:19 [INFO] IMU reconnected successfully
15:46:22 [WARNING] IMU stalled after 12638 samples, reconnecting (attempt 19)
15:46:22 [INFO] IMU reconnected successfully
15:46:25 [WARNING] IMU stalled after 12638 samples, reconnecting (attempt 20)
15:46:26 [INFO] IMU reconnected successfully
15:46:29 [INFO] Loop OK - px_off=0px, zoom=1.0, tracking=True, fps=60, has_frame=True
15:46:29 [INFO] IMU diag: raw_yaw=0.0deg px_off=0px sens=0.15 gyro_mag=0.0243 imu_count=12638 connected=True
15:46:29 [WARNING] IMU stalled after 12638 samples, reconnecting (attempt 21)
15:46:30 [INFO] IMU reconnected successfully
15:46:33 [WARNING] IMU stalled after 12638 samples, reconnecting (attempt 22)
15:46:33 [INFO] IMU reconnected successfully
15:46:35 [INFO] Hotkeys triggered: {'quit'}
15:46:35 [INFO] Quit requested
15:48:21 [INFO] ============================================================
15:48:21 [INFO] AirPin starting...
15:48:21 [INFO] Args: Namespace(no_imu=False, no_audio=False, monitor=0, sensitivity=None, fps=None)
15:48:21 [INFO] Displays found: 2, target_monitor=0
15:48:21 [INFO]   [0] Monitor 0 @ (0,0) 1920x1080
15:48:21 [INFO]   [1] Monitor 1 @ (-3840,0) 3840x2160
15:48:24 [WARNING] IMU stalled after 0 samples, reconnecting (attempt 1)
15:48:24 [INFO] IMU tracker started and recentered
15:48:24 [INFO] Screen capture started: 1920x1080
15:48:24 [INFO] IMU reconnected successfully
15:48:24 [INFO] Renderer initialized: 1920x1080 at (0,0), hwnd=14422868
15:48:24 [INFO] Target display: Monitor 0 (1920x1080) at (0,0)
15:48:28 [WARNING] IMU stalled after 0 samples, reconnecting (attempt 2)
15:48:28 [INFO] IMU reconnected successfully
15:48:31 [WARNING] IMU stalled after 0 samples, reconnecting (attempt 3)
15:48:32 [INFO] IMU reconnected successfully
15:48:35 [WARNING] IMU stalled after 0 samples, reconnecting (attempt 4)
15:48:35 [INFO] Loop OK - px_off=0px, zoom=1.0, tracking=True, fps=60, has_frame=True
15:48:35 [INFO] IMU inactive: tracking_enabled=True, imu_count=0, connected=True
15:48:35 [INFO] Hotkeys triggered: {'recenter'}
15:48:35 [INFO] Recentered
15:48:35 [INFO] IMU reconnected successfully
15:48:38 [WARNING] IMU stalled after 0 samples, reconnecting (attempt 5)
15:48:39 [INFO] IMU reconnected successfully
15:48:42 [WARNING] IMU stalled after 0 samples, reconnecting (attempt 6)
15:48:43 [INFO] IMU reconnected successfully
15:48:44 [INFO] Hotkeys triggered: {'toggle_pitch'}
15:48:44 [INFO] Pitch: OFF
15:48:45 [INFO] Loop OK - px_off=0px, zoom=1.0, tracking=True, fps=60, has_frame=True
15:48:45 [INFO] IMU inactive: tracking_enabled=True, imu_count=0, connected=True
15:48:46 [WARNING] IMU stalled after 0 samples, reconnecting (attempt 7)
15:48:46 [INFO] Hotkeys triggered: {'toggle_pitch'}
15:48:46 [INFO] Pitch: ON
15:48:46 [INFO] IMU reconnected successfully
15:48:49 [WARNING] IMU stalled after 0 samples, reconnecting (attempt 8)
15:48:50 [INFO] IMU reconnected successfully
15:48:53 [WARNING] IMU stalled after 0 samples, reconnecting (attempt 9)
15:48:53 [INFO] Hotkeys triggered: {'quit'}
15:48:53 [INFO] Quit requested
15:48:53 [INFO] IMU reconnected successfully
15:49:28 [INFO] ============================================================
15:49:28 [INFO] AirPin starting...
15:49:28 [INFO] Args: Namespace(no_imu=False, no_audio=False, monitor=0, sensitivity=None, fps=None)
15:49:28 [INFO] Displays found: 2, target_monitor=0
15:49:28 [INFO]   [0] Monitor 0 @ (0,0) 1920x1080
15:49:28 [INFO]   [1] Monitor 1 @ (-3840,0) 3840x2160
15:49:28 [INFO] IMU tracker started and recentered
15:49:28 [INFO] Screen capture started: 1920x1080
15:49:29 [INFO] Renderer initialized: 1920x1080 at (0,0), hwnd=38930862
15:49:29 [INFO] Target display: Monitor 0 (1920x1080) at (0,0)
15:49:39 [INFO] Loop OK - px_off=61px, zoom=1.0, tracking=True, fps=60, has_frame=True
15:49:39 [INFO] IMU diag: raw_yaw=122.5deg px_off=61px sens=0.15 gyro_mag=0.1198 imu_count=5362 connected=True
15:49:40 [INFO] Hotkeys triggered: {'recenter'}
15:49:40 [INFO] Recentered
15:49:49 [INFO] Loop OK - px_off=154px, zoom=1.0, tracking=True, fps=60, has_frame=True
15:49:49 [INFO] IMU diag: raw_yaw=55.8deg px_off=142px sens=0.15 gyro_mag=0.1588 imu_count=10307 connected=True
15:49:59 [INFO] Loop OK - px_off=69px, zoom=1.0, tracking=True, fps=60, has_frame=True
15:49:59 [INFO] IMU diag: raw_yaw=110.0deg px_off=68px sens=0.15 gyro_mag=0.0387 imu_count=15255 connected=True
15:50:09 [INFO] Loop OK - px_off=286px, zoom=1.0, tracking=True, fps=60, has_frame=True
15:50:09 [INFO] IMU diag: raw_yaw=51.1deg px_off=285px sens=0.15 gyro_mag=1.2079 imu_count=20192 connected=True
15:50:19 [INFO] Loop OK - px_off=-71px, zoom=1.0, tracking=True, fps=60, has_frame=True
15:50:19 [INFO] IMU diag: raw_yaw=-161.3deg px_off=-70px sens=0.15 gyro_mag=0.0619 imu_count=25124 connected=True
15:50:29 [INFO] Loop OK - px_off=12px, zoom=1.0, tracking=True, fps=60, has_frame=True
15:50:29 [INFO] IMU diag: raw_yaw=-24.7deg px_off=11px sens=0.15 gyro_mag=0.0515 imu_count=30051 connected=True
15:50:39 [INFO] Loop OK - px_off=52px, zoom=1.0, tracking=True, fps=60, has_frame=True
15:50:39 [INFO] IMU diag: raw_yaw=84.6deg px_off=52px sens=0.15 gyro_mag=0.0446 imu_count=34978 connected=True
15:50:49 [INFO] Loop OK - px_off=-139px, zoom=1.0, tracking=True, fps=60, has_frame=True
15:50:49 [INFO] IMU diag: raw_yaw=-169.4deg px_off=-130px sens=0.15 gyro_mag=0.0934 imu_count=39906 connected=True
15:50:59 [INFO] Loop OK - px_off=-44px, zoom=1.0, tracking=True, fps=60, has_frame=True
15:50:59 [INFO] IMU diag: raw_yaw=-73.3deg px_off=-44px sens=0.15 gyro_mag=0.0431 imu_count=44839 connected=True
15:51:01 [INFO] Hotkeys triggered: {'toggle_settings'}
15:51:01 [INFO] Settings panel: shown (click-through: OFF)
15:51:03 [INFO] Hotkeys triggered: {'toggle_hud'}
15:51:03 [INFO] HUD: OFF
15:51:09 [INFO] Loop OK - px_off=206px, zoom=1.0, tracking=True, fps=60, has_frame=True
15:51:09 [INFO] IMU diag: raw_yaw=-179.2deg px_off=176px sens=0.15 gyro_mag=0.0872 imu_count=49773 connected=True
15:51:19 [INFO] Loop OK - px_off=58px, zoom=1.0, tracking=True, fps=60, has_frame=True
15:51:19 [INFO] IMU diag: raw_yaw=52.6deg px_off=58px sens=0.03 gyro_mag=0.4404 imu_count=54703 connected=True
15:51:29 [INFO] Loop OK - px_off=-142px, zoom=1.0, tracking=True, fps=60, has_frame=True
15:51:29 [INFO] IMU diag: raw_yaw=-62.9deg px_off=-130px sens=0.09 gyro_mag=0.2073 imu_count=59633 connected=True
15:51:39 [INFO] Loop OK - px_off=-77px, zoom=1.0, tracking=True, fps=60, has_frame=True
15:51:39 [INFO] IMU diag: raw_yaw=-115.2deg px_off=-77px sens=0.04 gyro_mag=0.4781 imu_count=64563 connected=True
15:51:49 [INFO] Loop OK - px_off=-526px, zoom=1.0, tracking=True, fps=60, has_frame=True
15:51:49 [INFO] IMU diag: raw_yaw=-40.1deg px_off=-495px sens=0.6 gyro_mag=0.1760 imu_count=69494 connected=True
15:51:51 [INFO] Hotkeys triggered: {'recenter'}
15:51:51 [INFO] Recentered
15:51:59 [INFO] Loop OK - px_off=21px, zoom=1.0, tracking=True, fps=60, has_frame=True
15:51:59 [INFO] IMU diag: raw_yaw=-34.9deg px_off=20px sens=0.09 gyro_mag=0.0500 imu_count=74426 connected=True
15:52:09 [INFO] Loop OK - px_off=35px, zoom=1.0, tracking=True, fps=60, has_frame=True
15:52:09 [INFO] IMU diag: raw_yaw=36.1deg px_off=35px sens=0.13 gyro_mag=0.0503 imu_count=79358 connected=True
15:52:19 [INFO] Loop OK - px_off=-58px, zoom=1.0, tracking=True, fps=60, has_frame=True
15:52:19 [INFO] IMU diag: raw_yaw=-164.0deg px_off=-58px sens=0.13 gyro_mag=0.0463 imu_count=84293 connected=True
15:52:29 [INFO] Loop OK - px_off=-1px, zoom=1.0, tracking=True, fps=60, has_frame=True
15:52:29 [INFO] IMU diag: raw_yaw=-39.9deg px_off=-2px sens=0.13 gyro_mag=0.0389 imu_count=89223 connected=True
15:52:34 [INFO] Hotkeys triggered: {'quit'}
15:52:34 [INFO] Quit requested
15:56:59 [INFO] ============================================================
15:56:59 [INFO] AirPin starting...
15:56:59 [INFO] Args: Namespace(no_imu=False, no_audio=False, monitor=0, sensitivity=None, fps=None)
15:56:59 [INFO] Displays found: 2, target_monitor=0
15:56:59 [INFO]   [0] Monitor 0 @ (0,0) 1920x1080
15:56:59 [INFO]   [1] Monitor 1 @ (-3840,0) 3840x2160
15:56:59 [INFO] IMU tracker started and recentered
15:56:59 [INFO] Screen capture started: 1920x1080
15:56:59 [INFO] Renderer initialized: 1920x1080 at (0,0), hwnd=38147044
15:56:59 [INFO] Target display: Monitor 0 (1920x1080) at (0,0)
15:57:10 [INFO] Loop OK - px_off=-18px, zoom=1.0, tracking=True, fps=61, has_frame=True
15:57:10 [INFO] IMU diag: raw_yaw=48.5deg px_off=-18px sens=0.13 gyro_mag=0.0181 imu_count=5041 connected=True
15:57:16 [INFO] Hotkeys triggered: {'recenter'}
15:57:16 [INFO] Recentered
15:57:20 [INFO] Loop OK - px_off=35px, zoom=1.0, tracking=True, fps=60, has_frame=True
15:57:20 [INFO] IMU diag: raw_yaw=33.6deg px_off=35px sens=0.13 gyro_mag=0.1412 imu_count=9977 connected=True
15:57:26 [INFO] Hotkeys triggered: {'recenter'}
15:57:26 [INFO] Recentered
15:57:28 [INFO] Hotkeys triggered: {'toggle_settings'}
15:57:28 [INFO] Settings panel: shown (click-through: OFF)
15:57:30 [INFO] Loop OK - px_off=0px, zoom=1.0, tracking=True, fps=60, has_frame=True
15:57:30 [INFO] IMU diag: raw_yaw=9.4deg px_off=0px sens=0.13 gyro_mag=0.0452 imu_count=14910 connected=True
15:57:40 [INFO] Loop OK - px_off=10px, zoom=1.0, tracking=True, fps=60, has_frame=True
15:57:40 [INFO] IMU diag: raw_yaw=-0.9deg px_off=10px sens=0.06 gyro_mag=0.0453 imu_count=19843 connected=True
15:57:49 [INFO] Hotkeys triggered: {'quit'}
15:57:49 [INFO] Quit requested
15:58:29 [INFO] ============================================================
15:58:29 [INFO] AirPin starting...
15:58:29 [INFO] Args: Namespace(no_imu=False, no_audio=False, monitor=0, sensitivity=None, fps=None)
15:58:29 [INFO] Displays found: 2, target_monitor=0
15:58:29 [INFO]   [0] Monitor 0 @ (0,0) 1920x1080
15:58:29 [INFO]   [1] Monitor 1 @ (-3840,0) 3840x2160
15:58:29 [INFO] IMU tracker started and recentered
15:58:29 [INFO] Screen capture started: 1920x1080
15:58:29 [INFO] Renderer initialized: 1920x1080 at (0,0), hwnd=43193732
15:58:29 [INFO] Target display: Monitor 0 (1920x1080) at (0,0)
15:58:40 [INFO] Loop OK - px_off=-9px, zoom=1.0, tracking=True, fps=60, has_frame=True
15:58:40 [INFO] IMU diag: raw_yaw=107.4deg px_off=-12px sens=0.06 gyro_mag=0.2462 imu_count=5350 connected=True
15:58:50 [INFO] Loop OK - px_off=-7px, zoom=1.0, tracking=True, fps=60, has_frame=True
15:58:50 [INFO] IMU diag: raw_yaw=-125.0deg px_off=-7px sens=0.06 gyro_mag=0.0527 imu_count=10280 connected=True
15:58:53 [INFO] Hotkeys triggered: {'toggle_settings'}
15:58:53 [INFO] Settings panel: shown (click-through: OFF)
15:59:00 [INFO] Loop OK - px_off=9px, zoom=1.0, tracking=True, fps=60, has_frame=True
15:59:00 [INFO] IMU diag: raw_yaw=51.9deg px_off=9px sens=0.03 gyro_mag=0.0614 imu_count=15211 connected=True
15:59:10 [INFO] Loop OK - px_off=161px, zoom=1.0, tracking=True, fps=60, has_frame=True
15:59:10 [INFO] IMU diag: raw_yaw=24.8deg px_off=177px sens=0.11 gyro_mag=1.8226 imu_count=20141 connected=True
15:59:15 [INFO] Hotkeys triggered: {'recenter'}
15:59:15 [INFO] Recentered
15:59:20 [INFO] Loop OK - px_off=-3px, zoom=1.0, tracking=True, fps=61, has_frame=True
15:59:20 [INFO] IMU diag: raw_yaw=-116.8deg px_off=-3px sens=0.11 gyro_mag=0.0721 imu_count=25070 connected=True
15:59:30 [INFO] Loop OK - px_off=-13px, zoom=1.0, tracking=True, fps=61, has_frame=True
15:59:30 [INFO] IMU diag: raw_yaw=-1.2deg px_off=-13px sens=0.11 gyro_mag=0.0671 imu_count=30001 connected=True
15:59:38 [INFO] Hotkeys triggered: {'recenter'}
15:59:38 [INFO] Recentered
15:59:40 [INFO] Loop OK - px_off=10px, zoom=1.0, tracking=True, fps=60, has_frame=True
15:59:40 [INFO] IMU diag: raw_yaw=17.4deg px_off=10px sens=0.11 gyro_mag=0.0678 imu_count=34930 connected=True
15:59:50 [INFO] Loop OK - px_off=61px, zoom=1.0, tracking=True, fps=60, has_frame=True
15:59:50 [INFO] IMU diag: raw_yaw=-56.2deg px_off=60px sens=0.11 gyro_mag=0.0655 imu_count=39864 connected=True
16:00:00 [INFO] Loop OK - px_off=137px, zoom=1.0, tracking=True, fps=60, has_frame=True
16:00:00 [INFO] IMU diag: raw_yaw=156.7deg px_off=132px sens=0.11 gyro_mag=0.3957 imu_count=44795 connected=True
16:00:10 [INFO] Loop OK - px_off=-81px, zoom=1.0, tracking=True, fps=60, has_frame=True
16:00:10 [INFO] IMU diag: raw_yaw=-80.6deg px_off=-79px sens=0.2 gyro_mag=0.1066 imu_count=49725 connected=True
16:00:19 [INFO] Hotkeys triggered: {'recenter'}
16:00:19 [INFO] Recentered
16:00:20 [INFO] Loop OK - px_off=-14px, zoom=1.0, tracking=True, fps=60, has_frame=True
16:00:20 [INFO] IMU diag: raw_yaw=-9.1deg px_off=-5px sens=0.2 gyro_mag=0.3125 imu_count=54654 connected=True
16:00:30 [INFO] Loop OK - px_off=-227px, zoom=1.0, tracking=True, fps=60, has_frame=True
16:00:30 [INFO] IMU diag: raw_yaw=-16.2deg px_off=-216px sens=0.2 gyro_mag=0.4342 imu_count=59584 connected=True
16:00:40 [INFO] Loop OK - px_off=-53px, zoom=1.0, tracking=True, fps=59, has_frame=True
16:00:40 [INFO] IMU diag: raw_yaw=-166.3deg px_off=-54px sens=0.2 gyro_mag=0.1507 imu_count=64513 connected=True
16:00:50 [INFO] Loop OK - px_off=-28px, zoom=1.0, tracking=True, fps=60, has_frame=True
16:00:50 [INFO] IMU diag: raw_yaw=-38.0deg px_off=-29px sens=0.2 gyro_mag=0.3305 imu_count=69444 connected=True
16:01:00 [INFO] Loop OK - px_off=-36px, zoom=1.0, tracking=True, fps=61, has_frame=True
16:01:00 [INFO] IMU diag: raw_yaw=177.7deg px_off=-35px sens=0.2 gyro_mag=0.1689 imu_count=74383 connected=True
16:01:00 [INFO] Hotkeys triggered: {'quit'}
16:01:00 [INFO] Quit requested
16:04:10 [INFO] ============================================================
16:04:10 [INFO] AirPin starting...
16:04:10 [INFO] Args: Namespace(no_imu=False, no_audio=False, monitor=0, sensitivity=None, fps=None)
16:04:10 [INFO] Displays found: 2, target_monitor=0
16:04:10 [INFO]   [0] Monitor 0 @ (0,0) 1920x1080
16:04:10 [INFO]   [1] Monitor 1 @ (-3840,0) 3840x2160
16:04:10 [INFO] IMU tracker started and recentered
16:04:10 [INFO] Screen capture started: 1920x1080
16:04:11 [INFO] Renderer initialized: 1920x1080 at (0,0), hwnd=54793050
16:04:11 [INFO] Target display: Monitor 0 (1920x1080) at (0,0)
16:04:21 [INFO] Loop OK - px_off=37px, zoom=1.0, tracking=True, fps=60, has_frame=True
16:04:21 [INFO] IMU diag: raw_yaw=-2.8deg px_off=36px sens=0.2 gyro_mag=0.2057 imu_count=5353 connected=True
16:04:25 [INFO] Hotkeys triggered: {'toggle_settings'}
16:04:25 [INFO] Settings panel: shown (click-through: OFF)
16:04:31 [INFO] Loop OK - px_off=176px, zoom=1.0, tracking=True, fps=60, has_frame=True
16:04:31 [INFO] IMU diag: raw_yaw=49.8deg px_off=185px sens=0.46 gyro_mag=0.3711 imu_count=10287 connected=True
16:04:41 [INFO] Loop OK - px_off=35px, zoom=1.0, tracking=True, fps=60, has_frame=True
16:04:41 [INFO] IMU diag: raw_yaw=-65.0deg px_off=35px sens=0.38 gyro_mag=0.0925 imu_count=15219 connected=True
16:04:51 [INFO] Loop OK - px_off=34px, zoom=1.0, tracking=True, fps=60, has_frame=True
16:04:51 [INFO] IMU diag: raw_yaw=-12.9deg px_off=34px sens=0.38 gyro_mag=0.0217 imu_count=20149 connected=True
16:05:01 [INFO] Loop OK - px_off=30px, zoom=1.0, tracking=True, fps=60, has_frame=True
16:05:01 [INFO] IMU diag: raw_yaw=-38.2deg px_off=17px sens=0.38 gyro_mag=0.3481 imu_count=25081 connected=True
16:05:11 [INFO] Loop OK - px_off=57px, zoom=1.0, tracking=True, fps=60, has_frame=True
16:05:11 [INFO] IMU diag: raw_yaw=-6.1deg px_off=57px sens=0.38 gyro_mag=0.0350 imu_count=30017 connected=True
16:05:21 [INFO] Loop OK - px_off=22px, zoom=1.0, tracking=True, fps=60, has_frame=True
16:05:21 [INFO] IMU diag: raw_yaw=-15.3deg px_off=22px sens=0.38 gyro_mag=0.0335 imu_count=34953 connected=True
16:05:31 [INFO] Loop OK - px_off=-39px, zoom=1.0, tracking=True, fps=60, has_frame=True
16:05:31 [INFO] IMU diag: raw_yaw=-25.8deg px_off=-39px sens=0.38 gyro_mag=0.0131 imu_count=39890 connected=True
16:05:41 [INFO] Loop OK - px_off=191px, zoom=1.0, tracking=True, fps=60, has_frame=True
16:05:41 [INFO] IMU diag: raw_yaw=48.2deg px_off=196px sens=0.38 gyro_mag=0.2948 imu_count=44824 connected=True
16:05:48 [INFO] Hotkeys triggered: {'quit'}
16:05:48 [INFO] Quit requested
16:06:23 [INFO] ============================================================
16:06:23 [INFO] AirPin starting...
16:06:23 [INFO] Args: Namespace(no_imu=False, no_audio=False, monitor=0, sensitivity=None, fps=None)
16:06:23 [INFO] Displays found: 2, target_monitor=0
16:06:23 [INFO]   [0] Monitor 0 @ (0,0) 1920x1080
16:06:23 [INFO]   [1] Monitor 1 @ (-3840,0) 3840x2160
16:06:23 [INFO] IMU tracker started and recentered
16:06:23 [INFO] Screen capture started: 1920x1080
16:06:24 [INFO] Renderer initialized: 1920x1080 at (0,0), hwnd=10948142
16:06:24 [INFO] Target display: Monitor 0 (1920x1080) at (0,0)
16:06:34 [INFO] Loop OK - px_off=10px, zoom=1.0, tracking=True, fps=60, has_frame=True
16:06:34 [INFO] IMU diag: raw_yaw=-48.6deg px_off=10px sens=0.38 gyro_mag=0.0835 imu_count=5372 connected=True
16:06:41 [INFO] Hotkeys triggered: {'recenter'}
16:06:41 [INFO] Recentered
16:06:44 [INFO] Loop OK - px_off=-35px, zoom=1.0, tracking=True, fps=60, has_frame=True
16:06:44 [INFO] IMU diag: raw_yaw=-25.0deg px_off=-35px sens=0.38 gyro_mag=0.0290 imu_count=10311 connected=True
16:06:54 [INFO] Loop OK - px_off=253px, zoom=1.0, tracking=True, fps=60, has_frame=True
16:06:54 [INFO] IMU diag: raw_yaw=-22.6deg px_off=239px sens=0.38 gyro_mag=0.6436 imu_count=15249 connected=True
16:07:01 [INFO] Hotkeys triggered: {'zoom_in'}
16:07:01 [INFO] Zoom: 1.1
16:07:02 [INFO] Hotkeys triggered: {'zoom_out'}
16:07:02 [INFO] Zoom: 1.0
16:07:02 [INFO] Hotkeys triggered: {'zoom_out'}
16:07:02 [INFO] Zoom: 0.9
16:07:03 [INFO] Hotkeys triggered: {'zoom_out'}
16:07:03 [INFO] Zoom: 0.8
16:07:04 [INFO] Loop OK - px_off=-10px, zoom=0.8, tracking=True, fps=61, has_frame=True
16:07:04 [INFO] IMU diag: raw_yaw=-73.5deg px_off=-10px sens=0.38 gyro_mag=0.5622 imu_count=20183 connected=True
16:07:14 [INFO] Loop OK - px_off=-39px, zoom=0.8, tracking=True, fps=60, has_frame=True
16:07:14 [INFO] IMU diag: raw_yaw=-115.6deg px_off=-40px sens=0.38 gyro_mag=0.1859 imu_count=25118 connected=True
16:07:24 [INFO] Hotkeys triggered: {'recenter'}
16:07:24 [INFO] Recentered
16:07:24 [INFO] Loop OK - px_off=0px, zoom=0.8, tracking=True, fps=60, has_frame=True
16:07:24 [INFO] IMU diag: raw_yaw=-1.1deg px_off=0px sens=0.38 gyro_mag=0.0171 imu_count=30058 connected=True
16:07:27 [INFO] Hotkeys triggered: {'recenter'}
16:07:27 [INFO] Recentered
16:07:33 [INFO] Hotkeys triggered: {'recenter'}
16:07:33 [INFO] Recentered
16:07:34 [INFO] Loop OK - px_off=0px, zoom=0.8, tracking=True, fps=60, has_frame=True
16:07:34 [INFO] IMU diag: raw_yaw=-1.2deg px_off=0px sens=0.38 gyro_mag=0.0103 imu_count=34991 connected=True
16:07:44 [INFO] Loop OK - px_off=-0px, zoom=0.8, tracking=True, fps=60, has_frame=True
16:07:44 [INFO] IMU diag: raw_yaw=-18.5deg px_off=-4px sens=0.38 gyro_mag=0.1940 imu_count=39927 connected=True
16:07:54 [INFO] Loop OK - px_off=285px, zoom=0.8, tracking=True, fps=60, has_frame=True
16:07:54 [INFO] IMU diag: raw_yaw=16.0deg px_off=272px sens=0.38 gyro_mag=0.2659 imu_count=44868 connected=True
16:08:04 [INFO] Hotkeys triggered: {'quit'}
16:08:04 [INFO] Quit requested
16:09:52 [INFO] ============================================================
16:09:52 [INFO] AirPin starting...
16:09:52 [INFO] Args: Namespace(no_imu=False, no_audio=False, monitor=0, sensitivity=None, fps=None)
16:09:52 [INFO] Displays found: 2, target_monitor=0
16:09:52 [INFO]   [0] Monitor 0 @ (0,0) 1920x1080
16:09:52 [INFO]   [1] Monitor 1 @ (-3840,0) 3840x2160
16:09:53 [INFO] IMU tracker started and recentered
16:09:53 [INFO] Screen capture started: 1920x1080
16:09:53 [INFO] Renderer initialized: 1920x1080 at (0,0), hwnd=6488774
16:09:53 [INFO] Target display: Monitor 0 (1920x1080) at (0,0)
16:09:58 [INFO] Hotkeys triggered: {'recenter'}
16:09:58 [INFO] Recentered
16:10:03 [INFO] Loop OK - px_off=-49px, zoom=1.0, tracking=True, fps=60, has_frame=True
16:10:03 [INFO] IMU diag: raw_yaw=-76.2deg px_off=-49px sens=0.38 gyro_mag=0.0463 imu_count=4998 connected=True
16:10:05 [INFO] Hotkeys triggered: {'toggle_settings'}
16:10:05 [INFO] Settings panel: shown (click-through: OFF)
16:10:12 [INFO] Hotkeys triggered: {'recenter'}
16:10:12 [INFO] Recentered
16:10:13 [INFO] Loop OK - px_off=36px, zoom=1.0, tracking=True, fps=60, has_frame=True
16:10:13 [INFO] IMU diag: raw_yaw=70.4deg px_off=36px sens=0.16 gyro_mag=0.9822 imu_count=9935 connected=True
16:10:23 [INFO] Loop OK - px_off=-42px, zoom=1.0, tracking=True, fps=60, has_frame=True
16:10:23 [INFO] IMU diag: raw_yaw=22.8deg px_off=-43px sens=0.16 gyro_mag=0.2377 imu_count=14867 connected=True
16:10:26 [INFO] Hotkeys triggered: {'recenter'}
16:10:26 [INFO] Recentered
16:10:28 [INFO] Hotkeys triggered: {'recenter'}
16:10:28 [INFO] Recentered
16:10:33 [INFO] Loop OK - px_off=11px, zoom=1.0, tracking=True, fps=60, has_frame=True
16:10:33 [INFO] IMU diag: raw_yaw=-98.5deg px_off=11px sens=0.07 gyro_mag=0.0416 imu_count=19801 connected=True
16:10:43 [INFO] Loop OK - px_off=-7px, zoom=1.0, tracking=True, fps=60, has_frame=True
16:10:43 [INFO] IMU diag: raw_yaw=1.6deg px_off=-7px sens=0.07 gyro_mag=0.0288 imu_count=24734 connected=True
16:10:53 [INFO] Loop OK - px_off=-4px, zoom=1.0, tracking=True, fps=60, has_frame=True
16:10:53 [INFO] IMU diag: raw_yaw=109.4deg px_off=-4px sens=0.07 gyro_mag=0.0722 imu_count=29667 connected=True
16:11:03 [INFO] Loop OK - px_off=-2px, zoom=1.0, tracking=True, fps=60, has_frame=True
16:11:03 [INFO] IMU diag: raw_yaw=-142.1deg px_off=-2px sens=0.07 gyro_mag=0.0579 imu_count=34601 connected=True
16:11:13 [INFO] Loop OK - px_off=-8px, zoom=1.0, tracking=True, fps=60, has_frame=True
16:11:13 [INFO] IMU diag: raw_yaw=-31.7deg px_off=-8px sens=0.07 gyro_mag=0.0432 imu_count=39540 connected=True
16:11:23 [INFO] Loop OK - px_off=-24px, zoom=1.0, tracking=True, fps=60, has_frame=True
16:11:23 [INFO] IMU diag: raw_yaw=81.5deg px_off=-24px sens=0.07 gyro_mag=0.7345 imu_count=44475 connected=True
16:11:27 [INFO] Hotkeys triggered: {'recenter'}
16:11:27 [INFO] Recentered
16:11:33 [INFO] Loop OK - px_off=-9px, zoom=1.0, tracking=True, fps=60, has_frame=True
16:11:33 [INFO] IMU diag: raw_yaw=-134.9deg px_off=-9px sens=0.07 gyro_mag=0.0510 imu_count=49412 connected=True
16:11:43 [INFO] Loop OK - px_off=-4px, zoom=1.0, tracking=True, fps=60, has_frame=True
16:11:43 [INFO] IMU diag: raw_yaw=-18.6deg px_off=-4px sens=0.07 gyro_mag=0.0406 imu_count=54344 connected=True
16:11:53 [INFO] Loop OK - px_off=32px, zoom=1.0, tracking=True, fps=60, has_frame=True
16:11:53 [INFO] IMU diag: raw_yaw=117.8deg px_off=31px sens=0.07 gyro_mag=0.1125 imu_count=59276 connected=True
16:12:03 [INFO] Loop OK - px_off=3px, zoom=1.0, tracking=True, fps=60, has_frame=True
16:12:03 [INFO] IMU diag: raw_yaw=-139.6deg px_off=3px sens=0.07 gyro_mag=0.0291 imu_count=64217 connected=True
16:12:13 [INFO] Loop OK - px_off=-8px, zoom=1.0, tracking=True, fps=60, has_frame=True
16:12:13 [INFO] IMU diag: raw_yaw=-31.7deg px_off=-8px sens=0.07 gyro_mag=0.0338 imu_count=69150 connected=True
16:12:23 [INFO] Loop OK - px_off=-3px, zoom=1.0, tracking=True, fps=60, has_frame=True
16:12:23 [INFO] IMU diag: raw_yaw=87.7deg px_off=-3px sens=0.07 gyro_mag=0.0300 imu_count=74097 connected=True
16:12:33 [INFO] Loop OK - px_off=-2px, zoom=1.0, tracking=True, fps=60, has_frame=True
16:12:33 [INFO] IMU diag: raw_yaw=-152.6deg px_off=-2px sens=0.07 gyro_mag=0.0481 imu_count=79097 connected=True
16:12:43 [INFO] Loop OK - px_off=-1px, zoom=1.0, tracking=True, fps=60, has_frame=True
16:12:43 [INFO] IMU diag: raw_yaw=-34.1deg px_off=-1px sens=0.07 gyro_mag=0.0698 imu_count=84097 connected=True
16:12:53 [INFO] Loop OK - px_off=-6px, zoom=1.0, tracking=True, fps=60, has_frame=True
16:12:53 [INFO] IMU diag: raw_yaw=88.3deg px_off=-6px sens=0.07 gyro_mag=0.0307 imu_count=89097 connected=True
16:13:03 [INFO] Loop OK - px_off=-7px, zoom=1.0, tracking=True, fps=60, has_frame=True
16:13:03 [INFO] IMU diag: raw_yaw=-155.2deg px_off=-7px sens=0.07 gyro_mag=0.0609 imu_count=94097 connected=True
16:13:13 [INFO] Loop OK - px_off=-6px, zoom=1.0, tracking=True, fps=60, has_frame=True
16:13:13 [INFO] IMU diag: raw_yaw=-33.9deg px_off=-6px sens=0.07 gyro_mag=0.0246 imu_count=99097 connected=True
16:13:23 [INFO] Loop OK - px_off=-4px, zoom=1.0, tracking=True, fps=60, has_frame=True
16:13:23 [INFO] IMU diag: raw_yaw=91.9deg px_off=-4px sens=0.07 gyro_mag=0.0649 imu_count=104096 connected=True
16:13:33 [INFO] Loop OK - px_off=-6px, zoom=1.0, tracking=True, fps=60, has_frame=True
16:13:33 [INFO] IMU diag: raw_yaw=-147.2deg px_off=-6px sens=0.07 gyro_mag=0.0420 imu_count=109096 connected=True
16:13:43 [INFO] Loop OK - px_off=-3px, zoom=1.0, tracking=True, fps=60, has_frame=True
16:13:43 [INFO] IMU diag: raw_yaw=-26.4deg px_off=-3px sens=0.07 gyro_mag=0.0395 imu_count=114096 connected=True
16:13:53 [INFO] Loop OK - px_off=-1px, zoom=1.0, tracking=True, fps=60, has_frame=True
16:13:53 [INFO] IMU diag: raw_yaw=88.3deg px_off=-1px sens=0.07 gyro_mag=0.0461 imu_count=119096 connected=True
16:14:03 [INFO] Loop OK - px_off=-4px, zoom=1.0, tracking=True, fps=60, has_frame=True
16:14:03 [INFO] IMU diag: raw_yaw=-151.3deg px_off=-4px sens=0.07 gyro_mag=0.0635 imu_count=124096 connected=True
16:14:13 [INFO] Loop OK - px_off=-2px, zoom=1.0, tracking=True, fps=60, has_frame=True
16:14:13 [INFO] IMU diag: raw_yaw=-30.8deg px_off=-2px sens=0.07 gyro_mag=0.0458 imu_count=129097 connected=True
16:14:23 [INFO] Loop OK - px_off=-6px, zoom=1.0, tracking=True, fps=60, has_frame=True
16:14:23 [INFO] IMU diag: raw_yaw=78.8deg px_off=-6px sens=0.07 gyro_mag=0.0307 imu_count=134097 connected=True
16:14:33 [INFO] Loop OK - px_off=-3px, zoom=1.0, tracking=True, fps=60, has_frame=True
16:14:33 [INFO] IMU diag: raw_yaw=-166.4deg px_off=-3px sens=0.07 gyro_mag=0.0608 imu_count=139097 connected=True
16:14:43 [INFO] Loop OK - px_off=-2px, zoom=1.0, tracking=True, fps=60, has_frame=True
16:14:43 [INFO] IMU diag: raw_yaw=-43.9deg px_off=-2px sens=0.07 gyro_mag=0.0597 imu_count=144096 connected=True
16:14:53 [INFO] Loop OK - px_off=4px, zoom=1.0, tracking=True, fps=60, has_frame=True
16:14:53 [INFO] IMU diag: raw_yaw=109.7deg px_off=4px sens=0.07 gyro_mag=0.0599 imu_count=149096 connected=True
16:15:03 [INFO] Loop OK - px_off=-2px, zoom=1.0, tracking=True, fps=60, has_frame=True
16:15:03 [INFO] IMU diag: raw_yaw=-147.1deg px_off=-2px sens=0.07 gyro_mag=0.0439 imu_count=154096 connected=True
16:15:13 [INFO] Loop OK - px_off=-1px, zoom=1.0, tracking=True, fps=60, has_frame=True
16:15:13 [INFO] IMU diag: raw_yaw=-26.5deg px_off=-1px sens=0.07 gyro_mag=0.0528 imu_count=159097 connected=True
16:15:23 [INFO] Loop OK - px_off=-1px, zoom=1.0, tracking=True, fps=60, has_frame=True
16:15:23 [INFO] IMU diag: raw_yaw=104.0deg px_off=-1px sens=0.07 gyro_mag=0.0807 imu_count=164096 connected=True
16:15:33 [INFO] Loop OK - px_off=-3px, zoom=1.0, tracking=True, fps=60, has_frame=True
16:15:33 [INFO] IMU diag: raw_yaw=-137.7deg px_off=-3px sens=0.07 gyro_mag=0.0344 imu_count=169096 connected=True
16:15:43 [INFO] Loop OK - px_off=-16px, zoom=1.0, tracking=True, fps=60, has_frame=True
16:15:43 [INFO] IMU diag: raw_yaw=-16.3deg px_off=-16px sens=0.07 gyro_mag=0.1306 imu_count=174096 connected=True
16:15:53 [INFO] Loop OK - px_off=-5px, zoom=1.0, tracking=True, fps=60, has_frame=True
16:15:53 [INFO] IMU diag: raw_yaw=108.5deg px_off=-5px sens=0.07 gyro_mag=0.0236 imu_count=179096 connected=True
16:16:03 [INFO] Loop OK - px_off=-2px, zoom=1.0, tracking=True, fps=60, has_frame=True
16:16:03 [INFO] IMU diag: raw_yaw=-121.8deg px_off=-2px sens=0.07 gyro_mag=0.0516 imu_count=184096 connected=True
16:16:13 [INFO] Loop OK - px_off=-2px, zoom=1.0, tracking=True, fps=60, has_frame=True
16:16:13 [INFO] IMU diag: raw_yaw=4.7deg px_off=-2px sens=0.07 gyro_mag=0.0489 imu_count=189096 connected=True
16:16:23 [INFO] Loop OK - px_off=-1px, zoom=1.0, tracking=True, fps=60, has_frame=True
16:16:23 [INFO] IMU diag: raw_yaw=141.9deg px_off=-1px sens=0.07 gyro_mag=0.0421 imu_count=194096 connected=True
16:16:33 [INFO] Loop OK - px_off=-1px, zoom=1.0, tracking=True, fps=60, has_frame=True
16:16:33 [INFO] IMU diag: raw_yaw=-93.3deg px_off=-1px sens=0.07 gyro_mag=0.0546 imu_count=199095 connected=True
16:16:43 [INFO] Loop OK - px_off=-0px, zoom=1.0, tracking=True, fps=60, has_frame=True
16:16:43 [INFO] IMU diag: raw_yaw=41.4deg px_off=-0px sens=0.07 gyro_mag=0.0492 imu_count=204095 connected=True
16:16:53 [INFO] Loop OK - px_off=-15px, zoom=1.0, tracking=True, fps=60, has_frame=True
16:16:53 [INFO] IMU diag: raw_yaw=176.8deg px_off=-15px sens=0.07 gyro_mag=0.0741 imu_count=209095 connected=True
16:17:03 [INFO] Loop OK - px_off=-5px, zoom=1.0, tracking=True, fps=60, has_frame=True
16:17:03 [INFO] IMU diag: raw_yaw=-62.7deg px_off=-5px sens=0.07 gyro_mag=0.0363 imu_count=214095 connected=True
16:17:13 [INFO] Loop OK - px_off=-7px, zoom=1.0, tracking=True, fps=60, has_frame=True
16:17:13 [INFO] IMU diag: raw_yaw=82.1deg px_off=-7px sens=0.07 gyro_mag=0.0533 imu_count=219095 connected=True
16:17:23 [INFO] Loop OK - px_off=4px, zoom=1.0, tracking=True, fps=61, has_frame=True
16:17:23 [INFO] IMU diag: raw_yaw=-115.3deg px_off=4px sens=0.07 gyro_mag=0.0508 imu_count=224094 connected=True
16:17:33 [INFO] Loop OK - px_off=-13px, zoom=1.0, tracking=True, fps=60, has_frame=True
16:17:33 [INFO] IMU diag: raw_yaw=27.8deg px_off=-13px sens=0.07 gyro_mag=0.0532 imu_count=229095 connected=True
16:17:43 [INFO] Loop OK - px_off=-4px, zoom=1.0, tracking=True, fps=60, has_frame=True
16:17:43 [INFO] IMU diag: raw_yaw=164.6deg px_off=-4px sens=0.07 gyro_mag=0.0229 imu_count=234095 connected=True
16:17:53 [INFO] Loop OK - px_off=-4px, zoom=1.0, tracking=True, fps=60, has_frame=True
16:17:53 [INFO] IMU diag: raw_yaw=-60.3deg px_off=-4px sens=0.07 gyro_mag=0.0971 imu_count=239094 connected=True
16:18:03 [INFO] Loop OK - px_off=1px, zoom=1.0, tracking=True, fps=60, has_frame=True
16:18:03 [INFO] IMU diag: raw_yaw=100.0deg px_off=1px sens=0.07 gyro_mag=0.0660 imu_count=244094 connected=True
16:18:13 [INFO] Loop OK - px_off=27px, zoom=1.0, tracking=True, fps=60, has_frame=True
16:18:13 [INFO] IMU diag: raw_yaw=85.3deg px_off=30px sens=0.07 gyro_mag=1.5467 imu_count=249094 connected=True
16:18:23 [INFO] Loop OK - px_off=-3px, zoom=1.0, tracking=True, fps=60, has_frame=True
16:18:23 [INFO] IMU diag: raw_yaw=159.7deg px_off=-3px sens=0.07 gyro_mag=0.0030 imu_count=254094 connected=True
16:18:33 [INFO] Loop OK - px_off=-2px, zoom=1.0, tracking=True, fps=60, has_frame=True
16:18:33 [INFO] IMU diag: raw_yaw=159.9deg px_off=-2px sens=0.07 gyro_mag=0.0016 imu_count=259094 connected=True
16:18:43 [INFO] Loop OK - px_off=-1px, zoom=1.0, tracking=True, fps=60, has_frame=True
16:18:43 [INFO] IMU diag: raw_yaw=160.0deg px_off=-1px sens=0.07 gyro_mag=0.0008 imu_count=264094 connected=True
16:18:53 [INFO] Loop OK - px_off=-0px, zoom=1.0, tracking=True, fps=60, has_frame=True
16:18:53 [INFO] IMU diag: raw_yaw=160.3deg px_off=-0px sens=0.07 gyro_mag=0.0015 imu_count=269094 connected=True
16:19:03 [INFO] Loop OK - px_off=-0px, zoom=1.0, tracking=True, fps=60, has_frame=True
16:19:03 [INFO] IMU diag: raw_yaw=160.4deg px_off=-0px sens=0.07 gyro_mag=0.0027 imu_count=274093 connected=True
16:19:13 [INFO] Loop OK - px_off=-0px, zoom=1.0, tracking=True, fps=60, has_frame=True
16:19:13 [INFO] IMU diag: raw_yaw=160.6deg px_off=-0px sens=0.07 gyro_mag=0.0007 imu_count=279093 connected=True
16:19:23 [INFO] Loop OK - px_off=-0px, zoom=1.0, tracking=True, fps=60, has_frame=True
16:19:23 [INFO] IMU diag: raw_yaw=160.9deg px_off=-0px sens=0.07 gyro_mag=0.0020 imu_count=284093 connected=True
16:19:33 [INFO] Loop OK - px_off=-0px, zoom=1.0, tracking=True, fps=60, has_frame=True
16:19:33 [INFO] IMU diag: raw_yaw=160.9deg px_off=-0px sens=0.07 gyro_mag=0.0015 imu_count=289093 connected=True
16:19:43 [INFO] Loop OK - px_off=-0px, zoom=1.0, tracking=True, fps=60, has_frame=True
16:19:43 [INFO] IMU diag: raw_yaw=161.2deg px_off=-0px sens=0.07 gyro_mag=0.0026 imu_count=294091 connected=True
16:19:53 [INFO] Loop OK - px_off=-0px, zoom=1.0, tracking=True, fps=60, has_frame=True
16:19:53 [INFO] IMU diag: raw_yaw=161.3deg px_off=-0px sens=0.07 gyro_mag=0.0018 imu_count=299091 connected=True
16:20:03 [INFO] Loop OK - px_off=-0px, zoom=1.0, tracking=True, fps=60, has_frame=True
16:20:03 [INFO] IMU diag: raw_yaw=161.6deg px_off=-0px sens=0.07 gyro_mag=0.0016 imu_count=304091 connected=True
16:20:13 [INFO] Loop OK - px_off=-0px, zoom=1.0, tracking=True, fps=60, has_frame=True
16:20:13 [INFO] IMU diag: raw_yaw=161.8deg px_off=-0px sens=0.07 gyro_mag=0.0151 imu_count=309091 connected=True
16:20:22 [INFO] Hotkeys triggered: {'quit'}
16:20:22 [INFO] Quit requested
16:34:25 [INFO] ============================================================
16:34:25 [INFO] AirPin starting...
16:34:25 [INFO] Args: Namespace(no_imu=False, no_audio=False, monitor=0, sensitivity=None, fps=None)
16:34:25 [INFO] Displays found: 2, target_monitor=0
16:34:25 [INFO]   [0] Monitor 0 @ (0,0) 1920x1080
16:34:25 [INFO]   [1] Monitor 1 @ (-3840,0) 3840x2160
16:34:25 [INFO] IMU tracker started and recentered
16:34:25 [INFO] Screen capture started: 1920x1080
16:34:25 [INFO] Renderer initialized: 1920x1080 at (0,0), hwnd=22025316
16:34:25 [INFO] Target display: Monitor 0 (1920x1080) at (0,0)
16:35:18 [INFO] ============================================================
16:35:18 [INFO] AirPin starting...
16:35:18 [INFO] Args: Namespace(no_imu=False, no_audio=False, monitor=0, sensitivity=None, fps=None)
16:35:18 [INFO] Displays found: 2, target_monitor=0
16:35:18 [INFO]   [0] Monitor 0 @ (0,0) 1920x1080
16:35:18 [INFO]   [1] Monitor 1 @ (-3840,0) 3840x2160
16:35:18 [INFO] IMU tracker started and recentered
16:35:18 [INFO] Screen capture started: 1920x1080
16:35:19 [INFO] Renderer initialized: 1920x1080 at (0,0), hwnd=31855384
16:35:19 [INFO] Target display: Monitor 0 (1920x1080) at (0,0)
16:35:27 [INFO] Hotkeys triggered: {'toggle_settings'}
16:35:27 [INFO] Settings panel: shown (click-through: OFF)
16:35:29 [INFO] Loop OK - px_off=46px, zoom=1.0, tracking=True, fps=59, has_frame=True
16:35:29 [INFO] IMU diag: raw_yaw=143.0deg px_off=45px yaw_r=0.15 dead=0.08 gyro_mag=0.8308 imu_count=4955 connected=True
16:35:39 [INFO] Loop OK - px_off=-10px, zoom=1.0, tracking=True, fps=62, has_frame=True
16:35:39 [INFO] IMU diag: raw_yaw=82.6deg px_off=-13px yaw_r=0.15 dead=0.11 gyro_mag=0.3573 imu_count=9893 connected=True
16:35:46 [INFO] Hotkeys triggered: {'recenter'}
16:35:46 [INFO] Recentered
16:35:49 [INFO] Loop OK - px_off=-27px, zoom=1.0, tracking=True, fps=62, has_frame=True
16:35:49 [INFO] IMU diag: raw_yaw=-138.5deg px_off=-26px yaw_r=0.15 dead=0.16 gyro_mag=0.0944 imu_count=14827 connected=True
16:35:59 [INFO] Loop OK - px_off=-55px, zoom=1.0, tracking=True, fps=61, has_frame=True
16:35:59 [INFO] IMU diag: raw_yaw=105.1deg px_off=-55px yaw_r=0.31 dead=0.16 gyro_mag=2.1754 imu_count=19760 connected=True
16:36:09 [INFO] Loop OK - px_off=22px, zoom=1.0, tracking=True, fps=61, has_frame=True
16:36:09 [INFO] IMU diag: raw_yaw=-124.7deg px_off=22px yaw_r=0.19 dead=0.16 gyro_mag=0.0078 imu_count=24693 connected=True
16:36:19 [INFO] Loop OK - px_off=-72px, zoom=1.0, tracking=True, fps=60, has_frame=True
16:36:19 [INFO] IMU diag: raw_yaw=-81.9deg px_off=-71px yaw_r=0.19 dead=0.16 gyro_mag=0.0764 imu_count=29626 connected=True
16:36:19 [INFO] Hotkeys triggered: {'recenter'}
16:36:19 [INFO] Recentered
16:36:29 [INFO] Loop OK - px_off=25px, zoom=1.0, tracking=True, fps=60, has_frame=True
16:36:29 [INFO] IMU diag: raw_yaw=-12.0deg px_off=25px yaw_r=0.19 dead=0.37 gyro_mag=0.0108 imu_count=34559 connected=True
16:36:39 [INFO] Loop OK - px_off=-36px, zoom=1.0, tracking=True, fps=62, has_frame=True
16:36:39 [INFO] IMU diag: raw_yaw=-35.6deg px_off=-36px yaw_r=0.19 dead=0.17 gyro_mag=0.9262 imu_count=39493 connected=True
16:36:49 [INFO] Loop OK - px_off=54px, zoom=1.0, tracking=True, fps=61, has_frame=True
16:36:49 [INFO] IMU diag: raw_yaw=-75.9deg px_off=53px yaw_r=0.19 dead=0.39 gyro_mag=0.2363 imu_count=44426 connected=True
16:36:59 [INFO] Loop OK - px_off=-69px, zoom=1.0, tracking=True, fps=60, has_frame=True
16:36:59 [INFO] IMU diag: raw_yaw=134.0deg px_off=-68px yaw_r=0.19 dead=0.39 gyro_mag=0.1894 imu_count=49365 connected=True
16:37:01 [INFO] Hotkeys triggered: {'recenter'}
16:37:01 [INFO] Recentered
16:37:09 [INFO] Loop OK - px_off=26px, zoom=1.0, tracking=True, fps=60, has_frame=True
16:37:09 [INFO] IMU diag: raw_yaw=12.8deg px_off=26px yaw_r=0.19 dead=0.39 gyro_mag=0.0166 imu_count=54306 connected=True
16:37:19 [INFO] Loop OK - px_off=30px, zoom=1.0, tracking=True, fps=60, has_frame=True
16:37:19 [INFO] IMU diag: raw_yaw=-26.2deg px_off=30px yaw_r=0.19 dead=0.39 gyro_mag=0.1302 imu_count=59244 connected=True
16:37:29 [INFO] Loop OK - px_off=-73px, zoom=1.0, tracking=True, fps=60, has_frame=True
16:37:29 [INFO] IMU diag: raw_yaw=-120.9deg px_off=-72px yaw_r=0.19 dead=0.39 gyro_mag=0.0525 imu_count=64182 connected=True
16:37:37 [INFO] Hotkeys triggered: {'recenter'}
16:37:37 [INFO] Recentered
16:37:39 [INFO] Loop OK - px_off=26px, zoom=1.0, tracking=True, fps=61, has_frame=True
16:37:39 [INFO] IMU diag: raw_yaw=30.3deg px_off=26px yaw_r=0.19 dead=0.39 gyro_mag=0.2324 imu_count=69122 connected=True
16:37:49 [INFO] Loop OK - px_off=-13px, zoom=1.0, tracking=True, fps=60, has_frame=True
16:37:49 [INFO] IMU diag: raw_yaw=-50.1deg px_off=-13px yaw_r=0.19 dead=0.39 gyro_mag=0.0452 imu_count=74057 connected=True
16:37:59 [INFO] Loop OK - px_off=40px, zoom=1.0, tracking=True, fps=61, has_frame=True
16:37:59 [INFO] IMU diag: raw_yaw=-104.4deg px_off=40px yaw_r=0.19 dead=0.39 gyro_mag=0.0181 imu_count=78989 connected=True
16:38:09 [INFO] Loop OK - px_off=21px, zoom=1.0, tracking=True, fps=60, has_frame=True
16:38:09 [INFO] IMU diag: raw_yaw=-129.4deg px_off=21px yaw_r=0.19 dead=0.39 gyro_mag=0.2335 imu_count=83915 connected=True
16:38:19 [INFO] Loop OK - px_off=-47px, zoom=1.0, tracking=True, fps=60, has_frame=True
16:38:19 [INFO] IMU diag: raw_yaw=-174.3deg px_off=-47px yaw_r=0.19 dead=0.39 gyro_mag=1.5114 imu_count=88841 connected=True
16:38:21 [INFO] Hotkeys triggered: {'quit'}
16:38:21 [INFO] Quit requested
16:43:44 [INFO] ============================================================
16:43:44 [INFO] AirPin starting...
16:43:44 [INFO] Args: Namespace(no_imu=False, no_audio=False, monitor=0, sensitivity=None, fps=None)
16:43:44 [INFO] Displays found: 2, target_monitor=0
16:43:44 [INFO]   [0] Monitor 0 @ (0,0) 1920x1080
16:43:44 [INFO]   [1] Monitor 1 @ (-3840,0) 3840x2160
16:43:44 [INFO] IMU tracker started and recentered
16:43:44 [INFO] Screen capture started: 1920x1080
16:43:44 [INFO] Renderer initialized: 1920x1080 at (0,0), hwnd=9961518
16:43:44 [INFO] Target display: Monitor 0 (1920x1080) at (0,0)
16:43:45 [CRITICAL] CRASH: 'SpatialTrackingFilter' object has no attribute 'update_pitch'
Traceback (most recent call last):
  File "C:\VR AR\AirPin\main.py", line 564, in <module>
    main()
  File "C:\VR AR\AirPin\main.py", line 438, in main
    follow.update_pitch(pitch_rad, gyro_mag)
AttributeError: 'SpatialTrackingFilter' object has no attribute 'update_pitch'
16:43:53 [INFO] ============================================================
16:43:53 [INFO] AirPin starting...
16:43:53 [INFO] Args: Namespace(no_imu=False, no_audio=False, monitor=0, sensitivity=None, fps=None)
16:43:53 [INFO] Displays found: 2, target_monitor=0
16:43:53 [INFO]   [0] Monitor 0 @ (0,0) 1920x1080
16:43:53 [INFO]   [1] Monitor 1 @ (-3840,0) 3840x2160
16:43:53 [INFO] IMU tracker started and recentered
16:43:53 [INFO] Screen capture started: 1920x1080
16:43:54 [INFO] Renderer initialized: 1920x1080 at (0,0), hwnd=7867952
16:43:54 [INFO] Target display: Monitor 0 (1920x1080) at (0,0)
16:43:54 [CRITICAL] CRASH: 'SpatialTrackingFilter' object has no attribute 'update_pitch'
Traceback (most recent call last):
  File "C:\VR AR\AirPin\main.py", line 564, in <module>
    main()
  File "C:\VR AR\AirPin\main.py", line 438, in main
    follow.update_pitch(pitch_rad, gyro_mag)
AttributeError: 'SpatialTrackingFilter' object has no attribute 'update_pitch'
16:44:01 [INFO] ============================================================
16:44:01 [INFO] AirPin starting...
16:44:01 [INFO] Args: Namespace(no_imu=False, no_audio=False, monitor=0, sensitivity=None, fps=None)
16:44:01 [INFO] Displays found: 2, target_monitor=0
16:44:01 [INFO]   [0] Monitor 0 @ (0,0) 1920x1080
16:44:01 [INFO]   [1] Monitor 1 @ (-3840,0) 3840x2160
16:44:01 [INFO] IMU tracker started and recentered
16:44:01 [INFO] Screen capture started: 1920x1080
16:44:02 [INFO] Renderer initialized: 1920x1080 at (0,0), hwnd=6816454
16:44:02 [INFO] Target display: Monitor 0 (1920x1080) at (0,0)
16:44:02 [CRITICAL] CRASH: 'SpatialTrackingFilter' object has no attribute 'update_pitch'
Traceback (most recent call last):
  File "C:\VR AR\AirPin\main.py", line 564, in <module>
    main()
  File "C:\VR AR\AirPin\main.py", line 438, in main
    follow.update_pitch(pitch_rad, gyro_mag)
AttributeError: 'SpatialTrackingFilter' object has no attribute 'update_pitch'
16:45:21 [INFO] ============================================================
16:45:21 [INFO] AirPin starting...
16:45:21 [INFO] Args: Namespace(no_imu=False, no_audio=False, monitor=0, sensitivity=None, fps=None)
16:45:21 [INFO] Displays found: 2, target_monitor=0
16:45:21 [INFO]   [0] Monitor 0 @ (0,0) 1920x1080
16:45:21 [INFO]   [1] Monitor 1 @ (-3840,0) 3840x2160
16:45:21 [INFO] IMU tracker started and recentered
16:45:21 [INFO] Screen capture started: 1920x1080
16:45:21 [INFO] Renderer initialized: 1920x1080 at (0,0), hwnd=49812242
16:45:21 [INFO] Target display: Monitor 0 (1920x1080) at (0,0)
16:45:22 [CRITICAL] CRASH: 'SpatialTrackingFilter' object has no attribute 'update_pitch'
Traceback (most recent call last):
  File "C:\VR AR\AirPin\main.py", line 564, in <module>
    main()
  File "C:\VR AR\AirPin\main.py", line 438, in main
    follow.update_pitch(pitch_rad, gyro_mag)
AttributeError: 'SpatialTrackingFilter' object has no attribute 'update_pitch'
16:47:51 [INFO] ============================================================
16:47:51 [INFO] AirPin starting...
16:47:51 [INFO] Args: Namespace(no_imu=False, no_audio=False, monitor=0, sensitivity=None, fps=None)
16:47:51 [INFO] Displays found: 2, target_monitor=0
16:47:51 [INFO]   [0] Monitor 0 @ (0,0) 1920x1080
16:47:51 [INFO]   [1] Monitor 1 @ (-3840,0) 3840x2160
16:47:52 [INFO] IMU tracker started and recentered
16:47:52 [INFO] Screen capture started: 1920x1080
16:48:04 [INFO] ============================================================
16:48:04 [INFO] AirPin starting...
16:48:04 [INFO] Args: Namespace(no_imu=False, no_audio=False, monitor=0, sensitivity=None, fps=None)
16:48:04 [INFO] Displays found: 2, target_monitor=0
16:48:04 [INFO]   [0] Monitor 0 @ (0,0) 1920x1080
16:48:04 [INFO]   [1] Monitor 1 @ (-3840,0) 3840x2160
16:48:04 [INFO] IMU tracker started and recentered
16:48:04 [INFO] Screen capture started: 1920x1080
16:48:04 [INFO] Renderer initialized: 1920x1080 at (0,0), hwnd=19340202
16:48:04 [INFO] Target display: Monitor 0 (1920x1080) at (0,0)
16:48:15 [INFO] Loop OK - px_off=0px, zoom=1.0, tracking=True, fps=60, has_frame=True
16:48:15 [INFO] IMU diag: raw_yaw=-0.1deg px_off=0px yaw_r=0.19 dead=0.39 gyro_mag=0.0010 imu_count=5330 connected=True
16:50:54 [INFO] ============================================================
16:50:54 [INFO] AirPin starting...
16:50:54 [INFO] Args: Namespace(no_imu=False, no_audio=False, monitor=0, sensitivity=None, fps=None)
16:50:54 [INFO] Displays found: 2, target_monitor=0
16:50:54 [INFO]   [0] Monitor 0 @ (0,0) 1920x1080
16:50:54 [INFO]   [1] Monitor 1 @ (-3840,0) 3840x2160
16:50:54 [INFO] IMU tracker started and recentered
16:50:54 [INFO] Screen capture started: 1920x1080
16:50:54 [INFO] Renderer initialized: 1920x1080 at (0,0), hwnd=105975328
16:50:54 [INFO] Target display: Monitor 0 (1920x1080) at (0,0)
16:51:02 [INFO] Hotkeys triggered: {'recenter'}
16:51:02 [INFO] Recentered
16:51:02 [INFO] Hotkeys triggered: {'toggle_settings'}
16:51:02 [INFO] Settings panel: shown (click-through: OFF)
16:51:05 [INFO] Loop OK - px_off=-25px, zoom=1.0, tracking=True, fps=60, has_frame=True
16:51:05 [INFO] IMU diag: raw_yaw=20.7deg px_off=-25px yaw_r=0.19 dead=0.39 gyro_mag=0.0354 imu_count=5334 connected=True
16:51:15 [INFO] Loop OK - px_off=-14px, zoom=1.0, tracking=True, fps=61, has_frame=True
16:51:15 [INFO] IMU diag: raw_yaw=-169.1deg px_off=-14px yaw_r=0.19 dead=0.31 gyro_mag=0.0231 imu_count=10266 connected=True
16:51:25 [INFO] Loop OK - px_off=-200px, zoom=1.0, tracking=True, fps=59, has_frame=True
16:51:25 [INFO] IMU diag: raw_yaw=-25.2deg px_off=-209px yaw_r=0.38 dead=0.31 gyro_mag=1.2379 imu_count=15199 connected=True
16:51:35 [INFO] Loop OK - px_off=-76px, zoom=1.0, tracking=True, fps=60, has_frame=True
16:51:35 [INFO] IMU diag: raw_yaw=-36.4deg px_off=-75px yaw_r=0.38 dead=0.32 gyro_mag=0.0174 imu_count=20134 connected=True
16:51:45 [INFO] Loop OK - px_off=-41px, zoom=1.0, tracking=True, fps=60, has_frame=True
16:51:45 [INFO] IMU diag: raw_yaw=-39.5deg px_off=-41px yaw_r=0.38 dead=0.20 gyro_mag=0.1113 imu_count=25071 connected=True
16:51:55 [INFO] Loop OK - px_off=-100px, zoom=1.0, tracking=True, fps=60, has_frame=True
16:51:55 [INFO] IMU diag: raw_yaw=11.4deg px_off=-100px yaw_r=0.44 dead=0.20 gyro_mag=0.0505 imu_count=30012 connected=True
16:52:05 [INFO] Loop OK - px_off=166px, zoom=1.0, tracking=True, fps=60, has_frame=True
16:52:05 [INFO] IMU diag: raw_yaw=61.9deg px_off=164px yaw_r=0.44 dead=0.40 gyro_mag=0.2120 imu_count=34959 connected=True
16:52:15 [INFO] Loop OK - px_off=78px, zoom=1.0, tracking=True, fps=60, has_frame=True
16:52:15 [INFO] IMU diag: raw_yaw=26.5deg px_off=78px yaw_r=0.44 dead=0.40 gyro_mag=0.1837 imu_count=39896 connected=True
16:52:25 [INFO] Loop OK - px_off=48px, zoom=1.0, tracking=True, fps=60, has_frame=True
16:52:25 [INFO] IMU diag: raw_yaw=61.4deg px_off=48px yaw_r=0.44 dead=0.24 gyro_mag=0.0145 imu_count=44826 connected=True
16:52:35 [INFO] Loop OK - px_off=-16px, zoom=1.0, tracking=True, fps=60, has_frame=True
16:52:35 [INFO] IMU diag: raw_yaw=31.6deg px_off=-24px yaw_r=0.44 dead=0.24 gyro_mag=0.3745 imu_count=49754 connected=True
16:52:45 [INFO] Loop OK - px_off=31px, zoom=1.0, tracking=True, fps=60, has_frame=True
16:52:45 [INFO] IMU diag: raw_yaw=50.8deg px_off=31px yaw_r=0.44 dead=0.24 gyro_mag=0.0313 imu_count=54681 connected=True
16:52:55 [INFO] Loop OK - px_off=359px, zoom=1.0, tracking=True, fps=60, has_frame=True
16:52:55 [INFO] IMU diag: raw_yaw=-3.1deg px_off=361px yaw_r=0.44 dead=0.24 gyro_mag=0.5411 imu_count=59610 connected=True
16:53:05 [INFO] Loop OK - px_off=30px, zoom=1.0, tracking=True, fps=60, has_frame=True
16:53:05 [INFO] IMU diag: raw_yaw=34.8deg px_off=30px yaw_r=0.44 dead=0.24 gyro_mag=0.0618 imu_count=64543 connected=True
16:53:15 [INFO] Loop OK - px_off=14px, zoom=1.0, tracking=True, fps=60, has_frame=True
16:53:15 [INFO] IMU diag: raw_yaw=50.9deg px_off=14px yaw_r=0.44 dead=0.24 gyro_mag=0.0465 imu_count=69476 connected=True
16:53:24 [INFO] Hotkeys triggered: {'quit'}
16:53:24 [INFO] Quit requested
16:55:47 [INFO] ============================================================
16:55:47 [INFO] AirPin starting...
16:55:47 [INFO] Args: Namespace(no_imu=False, no_audio=False, monitor=0, sensitivity=None, fps=None)
16:55:47 [INFO] Displays found: 2, target_monitor=0
16:55:47 [INFO]   [0] Monitor 0 @ (0,0) 1920x1080
16:55:47 [INFO]   [1] Monitor 1 @ (-3840,0) 3840x2160
16:55:47 [INFO] IMU tracker started and recentered
16:55:47 [INFO] Screen capture started: 1920x1080
16:55:47 [INFO] Renderer initialized: 1920x1080 at (0,0), hwnd=17112626
16:55:47 [INFO] Target display: Monitor 0 (1920x1080) at (0,0)
16:55:48 [INFO] GYRO_DIAG: gx=+0.0006 gy=-0.0004 gz=-0.0004 | yaw=-0.0 pitch=-4.5 roll=-115.9 | mag=0.0008
16:55:49 [INFO] GYRO_DIAG: gx=-0.0001 gy=+0.0002 gz=+0.0002 | yaw=+0.0 pitch=-4.6 roll=-115.9 | mag=0.0003
16:55:50 [INFO] GYRO_DIAG: gx=+0.0019 gy=-0.0005 gz=-0.0003 | yaw=+0.1 pitch=-4.5 roll=-116.0 | mag=0.0020
16:55:51 [INFO] GYRO_DIAG: gx=+0.0007 gy=-0.0011 gz=+0.0003 | yaw=+0.1 pitch=-4.5 roll=-116.0 | mag=0.0013
16:55:52 [INFO] GYRO_DIAG: gx=+0.0006 gy=+0.0013 gz=-0.0003 | yaw=+0.1 pitch=-4.5 roll=-115.9 | mag=0.0015
16:55:53 [INFO] GYRO_DIAG: gx=+0.0000 gy=-0.0011 gz=+0.0015 | yaw=+0.0 pitch=-4.5 roll=-115.9 | mag=0.0019
16:55:54 [INFO] GYRO_DIAG: gx=+0.0012 gy=-0.0004 gz=+0.0003 | yaw=+0.0 pitch=-4.5 roll=-115.9 | mag=0.0013
17:14:26 [INFO] ============================================================
17:14:26 [INFO] AirPin starting...
17:14:26 [INFO] Args: Namespace(no_imu=False, no_audio=False, monitor=0, sensitivity=None, fps=None)
17:14:26 [INFO] Displays found: 2, target_monitor=0
17:14:26 [INFO]   [0] Monitor 0 @ (0,0) 1920x1080
17:14:26 [INFO]   [1] Monitor 1 @ (-3840,0) 3840x2160
17:14:29 [WARNING] IMU stalled after 0 samples, reconnecting (attempt 1)
17:14:29 [INFO] IMU tracker started and recentered
17:14:29 [INFO] Screen capture started: 1920x1080
17:14:30 [INFO] IMU reconnected successfully
17:14:30 [INFO] Renderer initialized: 1920x1080 at (0,0), hwnd=11141166
17:14:30 [INFO] Target display: Monitor 0 (1920x1080) at (0,0)
17:14:33 [WARNING] IMU stalled after 0 samples, reconnecting (attempt 2)
17:14:33 [INFO] IMU reconnected successfully
17:14:36 [WARNING] IMU stalled after 0 samples, reconnecting (attempt 3)
17:14:37 [INFO] IMU reconnected successfully
17:14:40 [WARNING] IMU stalled after 0 samples, reconnecting (attempt 4)
17:14:40 [INFO] Loop OK - px_off=0px, zoom=1.0, tracking=True, fps=60, has_frame=True
17:14:40 [INFO] IMU inactive: tracking_enabled=True, imu_count=0, connected=True
17:14:40 [INFO] Hotkeys triggered: {'recenter'}
17:14:40 [INFO] Recentered
17:14:41 [INFO] IMU reconnected successfully
17:14:43 [INFO] Hotkeys triggered: {'recenter'}
17:14:43 [INFO] Recentered
17:14:43 [INFO] Hotkeys triggered: {'toggle_settings'}
17:14:43 [INFO] Settings panel: shown (click-through: OFF)
17:14:44 [WARNING] IMU stalled after 0 samples, reconnecting (attempt 5)
17:14:44 [INFO] IMU reconnected successfully
17:14:47 [WARNING] IMU stalled after 0 samples, reconnecting (attempt 6)
17:14:48 [INFO] IMU reconnected successfully
17:14:50 [INFO] Loop OK - px_off=0px, zoom=1.0, tracking=True, fps=61, has_frame=True
17:14:50 [INFO] IMU inactive: tracking_enabled=True, imu_count=0, connected=True
17:14:51 [WARNING] IMU stalled after 0 samples, reconnecting (attempt 7)
17:14:52 [INFO] IMU reconnected successfully
17:14:52 [INFO] Hotkeys triggered: {'quit'}
17:14:52 [INFO] Quit requested
17:16:01 [INFO] ============================================================
17:16:01 [INFO] AirPin starting...
17:16:01 [INFO] Args: Namespace(no_imu=False, no_audio=False, monitor=0, sensitivity=None, fps=None)
17:16:01 [INFO] Displays found: 2, target_monitor=0
17:16:01 [INFO]   [0] Monitor 0 @ (0,0) 1920x1080
17:16:01 [INFO]   [1] Monitor 1 @ (-3840,0) 3840x2160
17:16:01 [INFO] IMU tracker started and recentered
17:16:01 [INFO] Screen capture started: 1920x1080
17:16:12 [INFO] ============================================================
17:16:12 [INFO] AirPin starting...
17:16:12 [INFO] Args: Namespace(no_imu=False, no_audio=False, monitor=0, sensitivity=None, fps=None)
17:16:12 [INFO] Displays found: 2, target_monitor=0
17:16:12 [INFO]   [0] Monitor 0 @ (0,0) 1920x1080
17:16:12 [INFO]   [1] Monitor 1 @ (-3840,0) 3840x2160
17:16:12 [INFO] IMU tracker started and recentered
17:16:12 [INFO] Screen capture started: 1920x1080
17:16:13 [INFO] Renderer initialized: 1920x1080 at (0,0), hwnd=7217394
17:16:13 [INFO] Target display: Monitor 0 (1920x1080) at (0,0)
17:16:13 [INFO] GYRO_DIAG: gx=+0.0049(pitch) gy=-0.0507(roll) gz=-0.0171(yaw) | yaw=+17.0 pitch=-60.2 roll=+71.1 | mag=0.0537
17:16:14 [INFO] GYRO_DIAG: gx=+0.4478(pitch) gy=-0.1264(roll) gz=+0.0000(yaw) | yaw=+7.1 pitch=+80.7 roll=+68.0 | mag=0.4653
17:16:15 [INFO] GYRO_DIAG: gx=+0.8796(pitch) gy=-0.6267(roll) gz=-0.1930(yaw) | yaw=+75.8 pitch=-48.7 roll=+98.3 | mag=1.0972
17:16:16 [INFO] GYRO_DIAG: gx=+0.0147(pitch) gy=-0.0586(roll) gz=+0.0098(yaw) | yaw=+90.8 pitch=+126.0 roll=+35.3 | mag=0.0612
17:16:17 [INFO] GYRO_DIAG: gx=+0.0373(pitch) gy=-0.0391(roll) gz=+0.0098(yaw) | yaw=+96.4 pitch=+81.2 roll=+40.5 | mag=0.0549
17:16:18 [INFO] GYRO_DIAG: gx=-0.5944(pitch) gy=-0.0195(roll) gz=-0.0012(yaw) | yaw=+92.5 pitch=-248.9 roll=+25.0 | mag=0.5947
17:16:19 [INFO] GYRO_DIAG: gx=-0.0959(pitch) gy=-0.1093(roll) gz=+0.0764(yaw) | yaw=+108.7 pitch=+61.0 roll=+33.8 | mag=0.1643
17:16:20 [INFO] GYRO_DIAG: gx=-0.1735(pitch) gy=+0.9267(roll) gz=+0.3598(yaw) | yaw=+176.8 pitch=-47.1 roll=+233.9 | mag=1.0091
17:16:21 [INFO] GYRO_DIAG: gx=-0.1148(pitch) gy=+0.7844(roll) gz=+0.1521(yaw) | yaw=+182.7 pitch=-31.4 roll=+275.5 | mag=0.8072
17:16:22 [INFO] GYRO_DIAG: gx=+0.0574(pitch) gy=+0.5101(roll) gz=-0.0342(yaw) | yaw=+93.3 pitch=-18.7 roll=-64.1 | mag=0.5144
17:16:23 [INFO] Hotkeys triggered: {'toggle_settings'}
17:16:23 [INFO] Settings panel: shown (click-through: OFF)
17:16:23 [INFO] Loop OK - px_off=142px, zoom=1.0, tracking=True, fps=60, has_frame=True
17:16:23 [INFO] IMU diag: raw_yaw=89.4deg px_off=140px yaw_r=0.44 dead=0.24 gyro_mag=0.0377 imu_count=5320 connected=True
17:16:23 [INFO] GYRO_DIAG: gx=+0.0055(pitch) gy=-0.0293(roll) gz=+0.0275(yaw) | yaw=+100.2 pitch=+1.9 roll=-8.9 | mag=0.0406
17:16:24 [INFO] GYRO_DIAG: gx=-0.0031(pitch) gy=-0.0281(roll) gz=+0.0330(yaw) | yaw=+118.0 pitch=-5.1 roll=+9.5 | mag=0.0434
17:16:25 [INFO] GYRO_DIAG: gx=+0.0024(pitch) gy=-0.0770(roll) gz=+0.0153(yaw) | yaw=+123.7 pitch=+189.5 roll=+63.9 | mag=0.0785
17:16:26 [INFO] GYRO_DIAG: gx=-1.7733(pitch) gy=-0.1381(roll) gz=+0.1643(yaw) | yaw=+133.2 pitch=-117.6 roll=+38.3 | mag=1.7863
17:16:27 [INFO] GYRO_DIAG: gx=+0.1985(pitch) gy=-0.0794(roll) gz=+0.1038(yaw) | yaw=+131.5 pitch=-178.2 roll=+24.7 | mag=0.2377
17:16:28 [INFO] GYRO_DIAG: gx=+0.9731(pitch) gy=+0.1796(roll) gz=-0.0531(yaw) | yaw=+136.2 pitch=+50.4 roll=+45.2 | mag=0.9910
17:16:29 [INFO] GYRO_DIAG: gx=-0.0122(pitch) gy=-0.1717(roll) gz=-0.6616(yaw) | yaw=+248.9 pitch=+177.4 roll=+74.0 | mag=0.6836
17:16:30 [INFO] GYRO_DIAG: gx=+0.0147(pitch) gy=-0.0147(roll) gz=+0.0556(yaw) | yaw=+172.1 pitch=+52.2 roll=+15.1 | mag=0.0593
17:16:31 [INFO] GYRO_DIAG: gx=-0.0073(pitch) gy=-0.0385(roll) gz=+0.0312(yaw) | yaw=+189.5 pitch=+33.1 roll=+29.1 | mag=0.0501
17:16:32 [INFO] GYRO_DIAG: gx=+0.0067(pitch) gy=-0.0305(roll) gz=+0.0305(yaw) | yaw=+200.0 pitch=+22.6 roll=+33.9 | mag=0.0437
17:16:33 [INFO] Loop OK - px_off=-50px, zoom=1.0, tracking=True, fps=60, has_frame=True
17:16:33 [INFO] IMU diag: raw_yaw=-158.7deg px_off=-50px yaw_r=0.50 dead=0.24 gyro_mag=0.0383 imu_count=10257 connected=True
17:16:33 [INFO] GYRO_DIAG: gx=-0.0122(pitch) gy=-0.0501(roll) gz=+0.0092(yaw) | yaw=+209.2 pitch=+14.6 roll=+33.8 | mag=0.0524
17:16:34 [INFO] GYRO_DIAG: gx=-0.0073(pitch) gy=-0.0672(roll) gz=-0.0073(yaw) | yaw=+217.5 pitch=+6.6 roll=+31.1 | mag=0.0680
17:16:35 [INFO] GYRO_DIAG: gx=+0.1936(pitch) gy=-0.0464(roll) gz=+0.0672(yaw) | yaw=+211.8 pitch=-48.9 roll=+36.1 | mag=0.2102
17:16:36 [INFO] GYRO_DIAG: gx=+0.0140(pitch) gy=-0.0409(roll) gz=+0.0110(yaw) | yaw=+215.9 pitch=-10.2 roll=+29.5 | mag=0.0446
17:16:37 [INFO] GYRO_DIAG: gx=+0.1686(pitch) gy=-1.2981(roll) gz=-0.2535(yaw) | yaw=+185.7 pitch=+17.7 roll=-85.2 | mag=1.3333
17:16:38 [INFO] GYRO_DIAG: gx=-0.1307(pitch) gy=-2.6976(roll) gz=-0.2169(yaw) | yaw=+256.6 pitch=-40.7 roll=+75.0 | mag=2.7094
17:16:39 [INFO] GYRO_DIAG: gx=-0.3170(pitch) gy=+1.9535(roll) gz=-0.0031(yaw) | yaw=+293.1 pitch=+40.0 roll=-5.7 | mag=1.9791
17:16:40 [INFO] GYRO_DIAG: gx=-0.1014(pitch) gy=+2.3689(roll) gz=+0.4392(yaw) | yaw=+283.8 pitch=-29.4 roll=+127.5 | mag=2.4114
17:16:41 [INFO] GYRO_DIAG: gx=+0.0122(pitch) gy=-0.0336(roll) gz=+0.0037(yaw) | yaw=+275.0 pitch=-22.9 roll=+58.1 | mag=0.0359
17:16:42 [INFO] GYRO_DIAG: gx=+0.1246(pitch) gy=+0.5266(roll) gz=+0.0513(yaw) | yaw=+280.8 pitch=-6.8 roll=+52.0 | mag=0.5435
17:16:43 [INFO] Loop OK - px_off=-26px, zoom=1.0, tracking=True, fps=60, has_frame=True
17:16:43 [INFO] IMU diag: raw_yaw=-91.1deg px_off=-35px yaw_r=0.50 dead=0.39 gyro_mag=1.5690 imu_count=15193 connected=True
17:16:43 [INFO] GYRO_DIAG: gx=-0.0171(pitch) gy=-0.0208(roll) gz=+0.0238(yaw) | yaw=+296.7 pitch=-7.8 roll=+24.7 | mag=0.0359
17:16:44 [INFO] GYRO_DIAG: gx=+0.2700(pitch) gy=-0.8503(roll) gz=-0.1448(yaw) | yaw=+274.0 pitch=+40.6 roll=-73.9 | mag=0.9038
17:16:45 [INFO] GYRO_DIAG: gx=-2.4141(pitch) gy=-0.2926(roll) gz=+0.0745(yaw) | yaw=+312.8 pitch=-93.9 roll=+35.3 | mag=2.4329
17:16:46 [INFO] GYRO_DIAG: gx=+0.0122(pitch) gy=-0.0171(roll) gz=+0.0385(yaw) | yaw=+314.2 pitch=-11.3 roll=+31.4 | mag=0.0439
17:16:47 [INFO] GYRO_DIAG: gx=+0.0018(pitch) gy=-0.0098(roll) gz=+0.0024(yaw) | yaw=+335.6 pitch=-1.6 roll=+38.3 | mag=0.0102
17:16:49 [INFO] GYRO_DIAG: gx=-0.0073(pitch) gy=-0.0232(roll) gz=+0.0226(yaw) | yaw=+341.8 pitch=-6.0 roll=+31.8 | mag=0.0332
17:16:50 [INFO] GYRO_DIAG: gx=+0.0024(pitch) gy=-0.0299(roll) gz=+0.0116(yaw) | yaw=+349.4 pitch=-4.0 roll=+31.4 | mag=0.0322
17:16:51 [INFO] GYRO_DIAG: gx=-0.0079(pitch) gy=-0.0617(roll) gz=+0.0073(yaw) | yaw=+355.4 pitch=-4.6 roll=+31.5 | mag=0.0626
17:16:52 [INFO] GYRO_DIAG: gx=+0.0214(pitch) gy=-0.0275(roll) gz=-0.0086(yaw) | yaw=+367.0 pitch=+1.5 roll=+32.1 | mag=0.0359
17:16:53 [INFO] GYRO_DIAG: gx=+0.0519(pitch) gy=-0.0525(roll) gz=-0.0012(yaw) | yaw=+371.5 pitch=+7.5 roll=+30.6 | mag=0.0739
17:16:53 [INFO] Loop OK - px_off=42px, zoom=1.0, tracking=True, fps=60, has_frame=True
17:16:53 [INFO] IMU diag: raw_yaw=8.3deg px_off=42px yaw_r=0.50 dead=0.27 gyro_mag=0.0475 imu_count=20128 connected=True
17:16:54 [INFO] GYRO_DIAG: gx=-0.0116(pitch) gy=-0.0367(roll) gz=+0.0177(yaw) | yaw=+381.6 pitch=+11.8 roll=+34.7 | mag=0.0423
17:16:55 [INFO] GYRO_DIAG: gx=+0.0031(pitch) gy=-0.0452(roll) gz=+0.0031(yaw) | yaw=+385.5 pitch=+7.9 roll=+27.8 | mag=0.0454
17:16:55 [INFO] Hotkeys triggered: {'quit'}
17:16:55 [INFO] Quit requested
21:31:44 [INFO] ============================================================
21:31:44 [INFO] AirPin starting...
21:31:44 [INFO] Args: Namespace(no_imu=False, no_audio=False, monitor=0, sensitivity=None, fps=None)
21:31:44 [INFO] Displays found: 2, target_monitor=0
21:31:44 [INFO]   [0] Monitor 0 @ (0,0) 1920x1080
21:31:44 [INFO]   [1] Monitor 1 @ (-3840,0) 3840x2160
21:31:44 [INFO] IMU tracker started and recentered
21:31:44 [INFO] Screen capture started: 1920x1080
21:31:45 [INFO] Renderer initialized: 1920x1080 at (0,0), hwnd=524842
21:31:45 [INFO] Target display: Monitor 0 (1920x1080) at (0,0)
21:31:45 [INFO] GYRO_DIAG: gx=-0.7135 gy=-0.0788 gz=+0.0031 | peaks: [-0.7135, -0.1258, -0.1374] | yaw=-30.0 pitch=-109.9 roll=+89.1 | mag=0.7178
21:31:46 [INFO] GYRO_DIAG: gx=-0.4942 gy=-0.0770 gz=+0.0385 | peaks: [-0.8247, +0.1698, -0.1374] | yaw=-43.5 pitch=-242.0 roll=+85.7 | mag=0.5016
21:31:47 [INFO] GYRO_DIAG: gx=+0.1142 gy=-0.5052 gz=-0.1161 | peaks: [-0.8247, +1.7880, +0.4930] | yaw=+208.0 pitch=-166.7 roll=+158.9 | mag=0.5308
21:31:48 [INFO] GYRO_DIAG: gx=+0.3048 gy=-0.1326 gz=+0.0202 | peaks: [-0.8864, +1.7880, +0.4930] | yaw=-44.8 pitch=-217.0 roll=+69.4 | mag=0.3330
21:31:49 [INFO] GYRO_DIAG: gx=+0.0544 gy=+0.1588 gz=-0.0617 | peaks: [-0.8864, +1.7880, +0.4930] | yaw=-145.5 pitch=-73.3 roll=+51.3 | mag=0.1789
21:31:50 [INFO] Hotkeys triggered: {'toggle_settings'}
21:31:50 [INFO] Settings panel: shown (click-through: OFF)
21:31:50 [INFO] GYRO_DIAG: gx=+0.2779 gy=+0.1362 gz=-0.0092 | peaks: [-0.8864, +1.7880, +0.4930] | yaw=-84.7 pitch=+14.4 roll=+105.6 | mag=0.3097
21:31:51 [INFO] GYRO_DIAG: gx=-0.0257 gy=+0.0568 gz=+0.0788 | peaks: [-0.8864, +1.7880, +0.4930] | yaw=-66.9 pitch=+45.3 roll=+108.6 | mag=0.1005
21:31:52 [INFO] GYRO_DIAG: gx=+0.0226 gy=-0.0452 gz=-0.0385 | peaks: [-0.8864, +1.7880, +0.4930] | yaw=-80.9 pitch=+22.6 roll=+98.5 | mag=0.0635
21:31:53 [INFO] GYRO_DIAG: gx=+0.0489 gy=-0.0116 gz=+0.0220 | peaks: [-0.8864, +1.7880, +0.4930] | yaw=-96.1 pitch=+15.6 roll=+90.1 | mag=0.0548
21:31:54 [INFO] GYRO_DIAG: gx=+0.0055 gy=-0.0397 gz=-0.0104 | peaks: [-0.8864, +1.7880, +0.4930] | yaw=-110.4 pitch=+13.8 roll=+89.4 | mag=0.0414
21:31:55 [INFO] Loop OK - px_off=57px, zoom=1.0, tracking=True, fps=60, has_frame=True
21:31:55 [INFO] IMU diag: raw_yaw=-121.9deg px_off=57px yaw_r=0.50 dead=0.06 gyro_mag=0.0201 imu_count=5373 connected=True
21:31:55 [INFO] GYRO_DIAG: gx=+0.0079 gy=-0.0269 gz=+0.0153 | peaks: [-0.8864, +1.7880, +0.4930] | yaw=-127.4 pitch=+11.4 roll=+86.9 | mag=0.0319
21:31:56 [INFO] GYRO_DIAG: gx=-0.0128 gy=-0.0293 gz=+0.0116 | peaks: [-0.8864, +1.7880, +0.4930] | yaw=-142.9 pitch=+7.1 roll=+87.7 | mag=0.0340
21:31:57 [INFO] GYRO_DIAG: gx=+0.9560 gy=-0.2034 gz=+0.1564 | peaks: [+1.5455, +1.8619, +0.4930] | yaw=+31.5 pitch=+257.5 roll=+151.9 | mag=0.9898
21:31:58 [INFO] GYRO_DIAG: gx=-0.6982 gy=+0.0336 gz=+0.0189 | peaks: [-1.5522, +1.8619, +0.4930] | yaw=-104.2 pitch=-117.9 roll=+152.9 | mag=0.6993
21:31:59 [INFO] GYRO_DIAG: gx=+0.0110 gy=-0.0342 gz=+0.0061 | peaks: [-1.5522, +1.8619, +0.4930] | yaw=-18.6 pitch=-105.7 roll=+161.7 | mag=0.0364
21:32:00 [INFO] GYRO_DIAG: gx=+0.0067 gy=-0.0104 gz=+0.0195 | peaks: [-1.5522, +1.8619, +0.4930] | yaw=-106.4 pitch=-112.7 roll=+81.8 | mag=0.0231
21:32:01 [INFO] GYRO_DIAG: gx=+0.4246 gy=-0.2144 gz=-0.0696 | peaks: [-1.5522, +1.8619, +0.4930] | yaw=-170.7 pitch=+132.3 roll=+44.6 | mag=0.4807
21:32:02 [INFO] GYRO_DIAG: gx=+0.2627 gy=+2.1166 gz=+0.7789 | peaks: [-1.5522, +2.2144, +0.8137] | yaw=-29.9 pitch=-13.7 roll=+124.5 | mag=2.2706
21:32:03 [INFO] GYRO_DIAG: gx=-0.0128 gy=-0.7196 gz=-0.1619 | peaks: [-1.5522, -3.1295, +0.8320] | yaw=-508.0 pitch=+16.0 roll=+57.1 | mag=0.7377
21:32:04 [INFO] GYRO_DIAG: gx=+0.1710 gy=+0.0519 gz=+0.3574 | peaks: [-1.5522, -3.1295, +1.4368] | yaw=-328.0 pitch=+109.2 roll=+380.0 | mag=0.3996
21:32:05 [INFO] Loop OK - px_off=226px, zoom=1.0, tracking=True, fps=60, has_frame=True
21:32:05 [INFO] IMU diag: raw_yaw=69.1deg px_off=222px yaw_r=0.50 dead=0.06 gyro_mag=1.7242 imu_count=10302 connected=True
21:32:05 [INFO] GYRO_DIAG: gx=+0.0953 gy=+0.3354 gz=-0.6854 | peaks: [-1.5522, -3.1295, -2.6145] | yaw=-442.2 pitch=+102.9 roll=-240.4 | mag=0.7690
21:32:06 [INFO] GYRO_DIAG: gx=-0.0098 gy=-0.6396 gz=+0.3555 | peaks: [-1.5522, -3.1295, -2.6145] | yaw=-610.3 pitch=+86.6 roll=-124.1 | mag=0.7318
21:32:07 [INFO] GYRO_DIAG: gx=+0.1454 gy=+2.3323 gz=+1.2682 | peaks: [-1.5522, -3.1295, -2.6145] | yaw=-433.0 pitch=+95.8 roll=+178.2 | mag=2.6587
21:32:08 [INFO] GYRO_DIAG: gx=-0.0929 gy=-2.1460 gz=-1.6499 | peaks: [-1.5522, -3.1295, -2.6145] | yaw=-286.9 pitch=+61.7 roll=+202.6 | mag=2.7085
21:32:09 [INFO] GYRO_DIAG: gx=+0.0330 gy=+0.0073 gz=+0.0116 | peaks: [-1.5522, -3.1295, -2.6145] | yaw=-424.4 pitch=+39.0 roll=+88.1 | mag=0.0357
21:32:10 [INFO] GYRO_DIAG: gx=+0.0043 gy=-0.0287 gz=+0.0287 | peaks: [-1.5522, -3.1295, -2.6145] | yaw=-432.9 pitch=+28.3 roll=+90.4 | mag=0.0408
21:32:11 [INFO] GYRO_DIAG: gx=-0.0018 gy=-0.0385 gz=+0.0122 | peaks: [-1.5522, -3.1295, -2.6145] | yaw=-450.0 pitch=+19.0 roll=+90.0 | mag=0.0404
21:32:12 [INFO] GYRO_DIAG: gx=-0.0336 gy=-1.0122 gz=-0.2120 | peaks: [-1.5522, -3.1295, -2.6145] | yaw=-526.4 pitch=+9.2 roll=+69.9 | mag=1.0347
21:32:13 [INFO] GYRO_DIAG: gx=+0.0415 gy=-0.4197 gz=-0.0483 | peaks: [-1.5522, -3.1295, -2.6145] | yaw=-385.1 pitch=-5.9 roll=+131.5 | mag=0.4245
21:32:14 [INFO] GYRO_DIAG: gx=+0.0140 gy=-0.0312 gz=-0.0049 | peaks: [-1.5522, -3.1295, -2.6145] | yaw=-431.9 pitch=+10.1 roll=+107.6 | mag=0.0345
21:32:15 [INFO] Loop OK - px_off=-109px, zoom=1.0, tracking=True, fps=60, has_frame=True
21:32:15 [INFO] IMU diag: raw_yaw=-81.0deg px_off=-108px yaw_r=0.50 dead=0.06 gyro_mag=0.0373 imu_count=15232 connected=True
21:32:15 [INFO] GYRO_DIAG: gx=+0.0018 gy=-0.0440 gz=+0.0043 | peaks: [-1.5522, -3.1295, -2.6145] | yaw=-452.4 pitch=+7.9 roll=+97.0 | mag=0.0442
21:32:16 [INFO] GYRO_DIAG: gx=+0.0012 gy=+1.2987 gz=+0.2804 | peaks: [-1.5522, -3.1295, -2.6145] | yaw=-331.4 pitch=+15.2 roll=+116.0 | mag=1.3286
21:32:17 [INFO] GYRO_DIAG: gx=+0.4007 gy=-0.2101 gz=-0.0134 | peaks: [-1.5522, -3.1295, -2.6145] | yaw=-534.7 pitch=-119.8 roll=+61.6 | mag=0.4527
21:32:18 [INFO] GYRO_DIAG: gx=+0.0024 gy=-0.0318 gz=+0.0507 | peaks: [-1.5522, -3.1295, -2.6145] | yaw=-550.6 pitch=+13.8 roll=+55.6 | mag=0.0599
21:32:19 [INFO] GYRO_DIAG: gx=+0.0024 gy=-0.0312 gz=+0.0189 | peaks: [-1.5522, -3.1295, -2.6145] | yaw=-567.8 pitch=+17.3 roll=+74.8 | mag=0.0365
21:32:20 [INFO] GYRO_DIAG: gx=-0.6946 gy=-0.0605 gz=+0.0079 | peaks: [-1.5522, -3.1295, -2.6145] | yaw=-591.3 pitch=-28.1 roll=+82.1 | mag=0.6972
21:32:22 [INFO] GYRO_DIAG: gx=-0.0147 gy=-0.0312 gz=+0.0092 | peaks: [-1.5522, -3.1295, -2.6145] | yaw=-605.5 pitch=+10.6 roll=+86.1 | mag=0.0356
21:32:23 [INFO] GYRO_DIAG: gx=+0.0031 gy=-0.0324 gz=+0.0134 | peaks: [-1.5522, -3.1295, -2.6145] | yaw=-625.5 pitch=+6.9 roll=+88.9 | mag=0.0352
21:32:24 [INFO] GYRO_DIAG: gx=+0.0232 gy=-0.0342 gz=+0.0098 | peaks: [-1.5522, -3.1295, -2.6145] | yaw=-642.2 pitch=+5.7 roll=+88.9 | mag=0.0425
21:32:25 [INFO] GYRO_DIAG: gx=-0.6353 gy=-0.0342 gz=-0.0281 | peaks: [-1.5522, -3.1295, -2.6145] | yaw=-654.2 pitch=+97.2 roll=+98.6 | mag=0.6368
21:32:25 [INFO] Loop OK - px_off=-227px, zoom=1.0, tracking=True, fps=60, has_frame=True
21:32:25 [INFO] IMU diag: raw_yaw=58.6deg px_off=-224px yaw_r=0.50 dead=0.04 gyro_mag=0.3257 imu_count=20172 connected=True
21:32:26 [INFO] GYRO_DIAG: gx=+0.0257 gy=-0.0391 gz=+0.0122 | peaks: [-1.5522, -3.1295, -2.6145] | yaw=-679.4 pitch=-32.5 roll=+86.2 | mag=0.0483
21:32:27 [INFO] GYRO_DIAG: gx=+0.0195 gy=-0.0208 gz=+0.0226 | peaks: [-1.5522, -3.1295, -2.6145] | yaw=-696.8 pitch=-5.7 roll=+87.7 | mag=0.0364
21:32:28 [INFO] GYRO_DIAG: gx=+0.0128 gy=-0.0263 gz=+0.0177 | peaks: [-1.5522, -3.1295, -2.6145] | yaw=-713.2 pitch=+0.3 roll=+89.0 | mag=0.0342
21:32:29 [INFO] GYRO_DIAG: gx=-0.2107 gy=-0.0257 gz=+0.0623 | peaks: [-1.5522, -3.1295, -2.6145] | yaw=-726.7 pitch=-53.8 roll=+90.5 | mag=0.2213
21:32:30 [INFO] GYRO_DIAG: gx=+0.0122 gy=-0.0305 gz=+0.0086 | peaks: [-1.5522, -3.1295, -2.6145] | yaw=-751.5 pitch=-19.5 roll=+88.3 | mag=0.0340
21:32:31 [INFO] GYRO_DIAG: gx=+0.0110 gy=-0.0263 gz=+0.0183 | peaks: [-1.5522, -3.1295, -2.6145] | yaw=-769.3 pitch=-3.7 roll=+86.1 | mag=0.0339
21:32:32 [INFO] GYRO_DIAG: gx=+0.0079 gy=-0.0269 gz=+0.0165 | peaks: [-1.5522, -3.1295, -2.6145] | yaw=-789.0 pitch=+2.0 roll=+83.9 | mag=0.0325
21:32:33 [INFO] GYRO_DIAG: gx=-0.7288 gy=-0.0348 gz=+0.0116 | peaks: [-1.5522, -3.1295, -2.6145] | yaw=-803.9 pitch=-4.0 roll=+80.1 | mag=0.7297
21:32:34 [INFO] GYRO_DIAG: gx=+0.4624 gy=+0.0165 gz=+0.0305 | peaks: [-1.5522, -3.1295, -2.6145] | yaw=-822.7 pitch=+56.1 roll=+81.3 | mag=0.4637
21:32:35 [INFO] GYRO_DIAG: gx=-0.0110 gy=-0.0153 gz=+0.0324 | peaks: [-1.5522, -3.1295, -2.6145] | yaw=-833.6 pitch=+57.3 roll=+88.3 | mag=0.0374
21:32:35 [INFO] Loop OK - px_off=-83px, zoom=1.0, tracking=True, fps=60, has_frame=True
21:32:35 [INFO] IMU diag: raw_yaw=-114.6deg px_off=-82px yaw_r=0.50 dead=0.32 gyro_mag=0.0346 imu_count=25106 connected=True
21:32:36 [INFO] GYRO_DIAG: gx=-0.0006 gy=-0.0373 gz=+0.0147 | peaks: [-1.5522, -3.1295, -2.6145] | yaw=-850.3 pitch=+34.3 roll=+91.0 | mag=0.0400
21:32:37 [INFO] GYRO_DIAG: gx=-0.8131 gy=-0.0996 gz=+0.0110 | peaks: [-1.5522, -3.1295, -2.6145] | yaw=-874.0 pitch=-35.8 roll=+86.9 | mag=0.8192
21:32:38 [INFO] GYRO_DIAG: gx=+0.0367 gy=+0.7520 gz=+0.3861 | peaks: [-1.5522, -3.1295, -2.6145] | yaw=-792.7 pitch=-91.6 roll=+129.5 | mag=0.8461
21:32:39 [INFO] GYRO_DIAG: gx=+0.0000 gy=-1.0763 gz=-0.1155 | peaks: [-1.5522, -3.1295, -2.6145] | yaw=-853.3 pitch=-43.2 roll=+108.8 | mag=1.0825
21:32:40 [INFO] GYRO_DIAG: gx=+0.0715 gy=+0.7428 gz=+0.0971 | peaks: [-1.5522, -3.1295, -2.6145] | yaw=-1090.1 pitch=-5.1 roll=+54.5 | mag=0.7525
21:32:41 [INFO] GYRO_DIAG: gx=-0.1698 gy=-1.4722 gz=-0.2401 | peaks: [-1.5522, -3.1295, -2.6145] | yaw=-524.2 pitch=+81.5 roll=+188.2 | mag=1.5013
21:32:42 [INFO] GYRO_DIAG: gx=+0.1991 gy=+0.0837 gz=-0.1436 | peaks: [-1.5522, -3.1295, -2.6145] | yaw=-1026.0 pitch=+44.6 roll=+22.9 | mag=0.2594
21:32:43 [INFO] GYRO_DIAG: gx=-0.3164 gy=-0.0696 gz=+0.1417 | peaks: [-1.5522, -3.1295, -2.6145] | yaw=-1028.3 pitch=-57.0 roll=+89.7 | mag=0.3536
21:32:44 [INFO] GYRO_DIAG: gx=-0.0342 gy=-0.0971 gz=-0.0220 | peaks: [-1.5522, -3.1295, -2.6145] | yaw=-1040.5 pitch=+49.9 roll=+86.2 | mag=0.1053
21:32:45 [INFO] GYRO_DIAG: gx=+0.0086 gy=-0.0354 gz=+0.0214 | peaks: [-1.5522, -3.1295, -2.6145] | yaw=-1063.6 pitch=+20.0 roll=+87.5 | mag=0.0423
21:32:45 [INFO] Loop OK - px_off=-10px, zoom=1.0, tracking=True, fps=60, has_frame=True
21:32:45 [INFO] IMU diag: raw_yaw=16.8deg px_off=-10px yaw_r=0.50 dead=0.32 gyro_mag=0.0409 imu_count=30039 connected=True
21:32:46 [INFO] GYRO_DIAG: gx=+0.0012 gy=-0.0446 gz=+0.0086 | peaks: [-1.5522, -3.1295, -2.6145] | yaw=-1078.0 pitch=+16.5 roll=+92.8 | mag=0.0454
21:32:47 [INFO] GYRO_DIAG: gx=+0.0220 gy=-0.0318 gz=+0.0153 | peaks: [-1.5522, -3.1295, -2.6145] | yaw=-1096.8 pitch=+13.1 roll=+92.6 | mag=0.0415
21:32:48 [INFO] GYRO_DIAG: gx=+0.0067 gy=-0.0330 gz=+0.0140 | peaks: [-1.5522, -3.1295, -2.6145] | yaw=-1114.1 pitch=+8.1 roll=+93.1 | mag=0.0365
21:32:49 [INFO] GYRO_DIAG: gx=+0.0079 gy=-0.0183 gz=+0.0134 | peaks: [-1.5522, -3.1295, -2.6145] | yaw=-1132.7 pitch=+7.1 roll=+93.2 | mag=0.0241
21:32:50 [INFO] GYRO_DIAG: gx=-0.0116 gy=-0.0971 gz=+0.1405 | peaks: [-1.5522, -3.1295, -2.6145] | yaw=-1175.5 pitch=-45.6 roll=+102.4 | mag=0.1712
21:32:51 [INFO] GYRO_DIAG: gx=+0.0727 gy=-0.0153 gz=+0.0018 | peaks: [-1.5522, -3.1295, -2.6145] | yaw=-1238.8 pitch=-12.2 roll=+82.3 | mag=0.0743
21:32:52 [INFO] GYRO_DIAG: gx=-0.0055 gy=-0.0238 gz=+0.0226 | peaks: [-1.5522, -3.1295, -2.6145] | yaw=-1239.6 pitch=+10.4 roll=+88.2 | mag=0.0333
21:32:53 [INFO] GYRO_DIAG: gx=-0.1417 gy=-0.0275 gz=+0.0079 | peaks: [-1.5522, -3.1295, -2.6145] | yaw=-1255.8 pitch=+4.1 roll=+88.4 | mag=0.1446
21:32:54 [INFO] GYRO_DIAG: gx=+0.0617 gy=-0.0360 gz=+0.0183 | peaks: [-1.5522, -3.1295, -2.6145] | yaw=-1268.7 pitch=+2.9 roll=+88.3 | mag=0.0738
21:32:55 [INFO] Loop OK - px_off=-39px, zoom=1.0, tracking=True, fps=60, has_frame=True
21:32:55 [INFO] IMU diag: raw_yaw=158.0deg px_off=-39px yaw_r=0.50 dead=0.32 gyro_mag=0.1018 imu_count=34971 connected=True
21:32:55 [INFO] GYRO_DIAG: gx=+0.2199 gy=-0.0367 gz=+0.0837 | peaks: [-1.5522, -3.1295, -2.6145] | yaw=-1285.2 pitch=+21.5 roll=+92.5 | mag=0.2381
21:32:56 [INFO] Hotkeys triggered: {'toggle_tracking'}
21:32:56 [INFO] Tracking: OFF
21:32:56 [INFO] GYRO_DIAG: gx=-0.0018 gy=-0.0299 gz=+0.0373 | peaks: [-1.5522, -3.1295, -2.6145] | yaw=-1295.2 pitch=-48.7 roll=+98.6 | mag=0.0478
21:32:57 [INFO] GYRO_DIAG: gx=-0.2706 gy=+1.5058 gz=+0.2059 | peaks: [-1.5522, -3.1295, -2.6145] | yaw=-1189.8 pitch=+63.5 roll=+96.7 | mag=1.5437
21:32:58 [INFO] GYRO_DIAG: gx=+0.0599 gy=+0.8552 gz=+0.2169 | peaks: [-1.5522, -3.1295, -2.6145] | yaw=-1303.6 pitch=-26.0 roll=+68.0 | mag=0.8843
21:32:59 [INFO] Hotkeys triggered: {'toggle_tracking'}
21:32:59 [INFO] Tracking: ON
21:32:59 [INFO] GYRO_DIAG: gx=+0.0037 gy=-0.0721 gz=+0.0000 | peaks: [-1.5522, -3.1295, -2.6145] | yaw=-1296.3 pitch=+11.7 roll=+80.9 | mag=0.0722
21:32:59 [INFO] Hotkeys triggered: {'toggle_pitch'}
21:32:59 [INFO] Pitch: OFF
21:33:00 [INFO] GYRO_DIAG: gx=-0.4588 gy=+0.4081 gz=+0.1093 | peaks: [-1.5522, -3.1295, -2.6145] | yaw=-1419.3 pitch=-56.9 roll=+50.2 | mag=0.6236
21:33:01 [INFO] GYRO_DIAG: gx=-0.8186 gy=-0.2615 gz=+0.0079 | peaks: [-1.5522, -3.1295, -2.6145] | yaw=-1324.7 pitch=+40.4 roll=+101.4 | mag=0.8593
21:33:02 [INFO] GYRO_DIAG: gx=-0.7062 gy=+0.5980 gz=+0.1130 | peaks: [-1.5522, -3.1295, -2.6145] | yaw=-1497.5 pitch=-119.7 roll=+53.3 | mag=0.9322
21:33:03 [INFO] GYRO_DIAG: gx=+0.0379 gy=+0.0208 gz=-0.0452 | peaks: [-1.5522, -3.1295, -2.6145] | yaw=-1199.7 pitch=+13.2 roll=+168.3 | mag=0.0625
21:33:04 [INFO] GYRO_DIAG: gx=-0.0379 gy=+0.6597 gz=+0.1020 | peaks: [-1.5522, -3.1295, -2.6145] | yaw=-1388.3 pitch=-4.6 roll=+105.9 | mag=0.6686
21:33:05 [INFO] Loop OK - px_off=67px, zoom=1.0, tracking=True, fps=60, has_frame=True
21:33:05 [INFO] IMU diag: raw_yaw=171.5deg px_off=67px yaw_r=0.50 dead=0.32 gyro_mag=0.1067 imu_count=39901 connected=True
21:33:05 [INFO] GYRO_DIAG: gx=-0.1167 gy=-0.9059 gz=-0.1399 | peaks: [-1.5522, -3.1295, -2.6145] | yaw=-1152.5 pitch=+25.5 roll=+152.0 | mag=0.9240
21:33:06 [INFO] GYRO_DIAG: gx=+0.1106 gy=-0.0269 gz=-0.0037 | peaks: [-1.5522, -3.1295, -2.6145] | yaw=-1429.9 pitch=+35.9 roll=+81.3 | mag=0.1138
21:33:06 [INFO] Hotkeys triggered: {'toggle_pitch'}
21:33:06 [INFO] Pitch: ON
21:33:07 [INFO] GYRO_DIAG: gx=+0.0287 gy=+0.2657 gz=+0.0202 | peaks: [-1.5522, -3.1295, -2.6145] | yaw=-1443.8 pitch=+96.0 roll=+88.0 | mag=0.2680
21:33:08 [INFO] GYRO_DIAG: gx=+0.0983 gy=-0.0360 gz=+0.0067 | peaks: [-1.5522, -3.1295, -2.6145] | yaw=-1441.5 pitch=+14.9 roll=+76.5 | mag=0.1050
21:33:08 [INFO] Hotkeys triggered: {'toggle_tracking'}
21:33:08 [INFO] Tracking: OFF
21:33:09 [INFO] GYRO_DIAG: gx=+0.5492 gy=-0.0544 gz=+0.0574 | peaks: [-1.5522, -3.1295, -2.6145] | yaw=-1463.0 pitch=+56.7 roll=+81.7 | mag=0.5548
21:33:10 [INFO] GYRO_DIAG: gx=-0.8277 gy=-1.5382 gz=-0.7440 | peaks: [-1.5522, -3.1295, -2.6145] | yaw=-1364.2 pitch=-191.4 roll=+45.4 | mag=1.8986
21:33:11 [INFO] Hotkeys triggered: {'toggle_tracking'}
21:33:11 [INFO] Tracking: ON
21:33:11 [INFO] GYRO_DIAG: gx=+0.2535 gy=+0.1344 gz=+0.2224 | peaks: [-1.5522, -3.1295, -2.6145] | yaw=-1588.0 pitch=+13.9 roll=-98.6 | mag=0.3630
21:33:12 [INFO] GYRO_DIAG: gx=+0.0037 gy=+0.1368 gz=+0.2138 | peaks: [-1.5522, -3.1295, -2.6145] | yaw=-1526.1 pitch=+93.1 roll=+54.2 | mag=0.2539
21:33:13 [INFO] GYRO_DIAG: gx=+0.0507 gy=-0.0116 gz=+0.0024 | peaks: [-1.5522, -3.1295, -2.6145] | yaw=-1605.1 pitch=+27.8 roll=+55.7 | mag=0.0521
21:33:14 [INFO] GYRO_DIAG: gx=-0.0079 gy=-0.0379 gz=+0.0189 | peaks: [-1.5522, -3.1295, -2.6145] | yaw=-1610.4 pitch=+21.0 roll=+75.0 | mag=0.0431
21:33:15 [INFO] Loop OK - px_off=-84px, zoom=1.0, tracking=True, fps=60, has_frame=True
21:33:15 [INFO] IMU diag: raw_yaw=-23.9deg px_off=-84px yaw_r=0.50 dead=0.32 gyro_mag=0.1382 imu_count=44830 connected=True
21:33:15 [INFO] GYRO_DIAG: gx=-0.6188 gy=+0.2700 gz=+0.0733 | peaks: [-1.5522, -3.1295, -2.6145] | yaw=-1653.6 pitch=-60.4 roll=+75.1 | mag=0.6791
21:33:16 [INFO] GYRO_DIAG: gx=+0.2340 gy=-0.9242 gz=-0.2517 | peaks: [-1.5522, -3.1295, -2.6145] | yaw=-1518.4 pitch=+44.3 roll=+114.7 | mag=0.9861
21:33:17 [INFO] GYRO_DIAG: gx=+0.0079 gy=+0.1680 gz=+0.0483 | peaks: [-1.5522, -3.1295, -2.6145] | yaw=-1803.7 pitch=+1.2 roll=+87.0 | mag=0.1750
21:33:18 [INFO] GYRO_DIAG: gx=+0.0299 gy=+1.2474 gz=+0.0354 | peaks: [-1.5522, -3.1295, -2.6145] | yaw=-1486.7 pitch=+10.4 roll=+126.4 | mag=1.2482
21:33:19 [INFO] GYRO_DIAG: gx=-0.0922 gy=-1.0941 gz=-0.1032 | peaks: [-1.5522, -3.1295, -2.6145] | yaw=-1615.8 pitch=-8.9 roll=+101.7 | mag=1.1028
21:33:20 [INFO] GYRO_DIAG: gx=+0.0788 gy=+0.0263 gz=+0.0269 | peaks: [-1.5522, -3.1295, -2.6145] | yaw=-1655.0 pitch=-20.9 roll=+119.4 | mag=0.0873
21:33:21 [INFO] GYRO_DIAG: gx=+0.0458 gy=-0.0495 gz=-0.0342 | peaks: [-1.5522, -3.1295, -2.6145] | yaw=-1664.9 pitch=-10.5 roll=+103.3 | mag=0.0756
21:33:22 [INFO] GYRO_DIAG: gx=+0.0348 gy=-0.0421 gz=-0.0147 | peaks: [-1.5522, -3.1295, -2.6145] | yaw=-1682.0 pitch=+18.5 roll=+99.3 | mag=0.0566
21:33:23 [INFO] GYRO_DIAG: gx=+0.3995 gy=-0.0470 gz=+0.0281 | peaks: [-1.5522, -3.1295, -2.6145] | yaw=-1702.1 pitch=+20.1 roll=+94.0 | mag=0.4032
21:33:24 [INFO] GYRO_DIAG: gx=+0.6353 gy=-0.0580 gz=+0.1686 | peaks: [-1.5522, -3.1295, -2.6145] | yaw=-1739.8 pitch=+117.0 roll=+111.6 | mag=0.6598
21:33:25 [INFO] Loop OK - px_off=-266px, zoom=1.0, tracking=True, fps=60, has_frame=True
21:33:25 [INFO] IMU diag: raw_yaw=164.6deg px_off=-259px yaw_r=0.50 dead=0.32 gyro_mag=0.2606 imu_count=49760 connected=True
21:33:25 [INFO] GYRO_DIAG: gx=-0.0678 gy=-0.0281 gz=-0.0257 | peaks: [-1.5522, -3.1295, -2.6145] | yaw=-1783.5 pitch=+114.1 roll=+130.7 | mag=0.0778
21:33:26 [INFO] GYRO_DIAG: gx=+0.0324 gy=-0.0996 gz=-0.0043 | peaks: [-1.5522, -3.1295, -2.6145] | yaw=-1818.5 pitch=+63.3 roll=+119.9 | mag=0.1048
21:33:27 [INFO] GYRO_DIAG: gx=+0.1124 gy=-0.0525 gz=+0.0134 | peaks: [-1.5522, -3.1295, -2.6145] | yaw=-1845.0 pitch=+37.0 roll=+112.5 | mag=0.1248
21:33:28 [INFO] GYRO_DIAG: gx=+0.0244 gy=-0.0440 gz=+0.0208 | peaks: [-1.5522, -3.1295, -2.6145] | yaw=-1852.8 pitch=+38.4 roll=+120.4 | mag=0.0544
21:33:29 [INFO] GYRO_DIAG: gx=-0.0147 gy=-0.0360 gz=+0.0238 | peaks: [-1.5522, -3.1295, -2.6145] | yaw=-1869.0 pitch=+21.8 roll=+120.1 | mag=0.0456
21:33:30 [INFO] GYRO_DIAG: gx=+0.0000 gy=-0.0226 gz=+0.0140 | peaks: [-1.5522, -3.1295, -2.6145] | yaw=-1885.9 pitch=+11.1 roll=+117.5 | mag=0.0266
21:33:31 [INFO] GYRO_DIAG: gx=-0.0483 gy=-0.0464 gz=-0.0086 | peaks: [-1.5522, -3.1295, -2.6145] | yaw=-1905.2 pitch=+1.9 roll=+113.5 | mag=0.0675
21:33:32 [INFO] GYRO_DIAG: gx=-0.1063 gy=+0.0764 gz=+0.0861 | peaks: [-1.5522, -3.1295, -2.6145] | yaw=-1894.2 pitch=-163.8 roll=+56.6 | mag=0.1567
21:33:33 [INFO] GYRO_DIAG: gx=+0.0128 gy=-0.0550 gz=-0.0116 | peaks: [-1.5522, -3.1295, -2.6145] | yaw=-1906.0 pitch=-107.8 roll=+73.6 | mag=0.0576
21:33:35 [INFO] GYRO_DIAG: gx=-0.0336 gy=-0.1393 gz=-0.0391 | peaks: [-1.5522, -3.1295, -2.6145] | yaw=-1945.8 pitch=-74.6 roll=+67.4 | mag=0.1485
21:33:35 [INFO] Loop OK - px_off=50px, zoom=1.0, tracking=True, fps=60, has_frame=True
21:33:35 [INFO] IMU diag: raw_yaw=-15.9deg px_off=50px yaw_r=0.50 dead=0.32 gyro_mag=0.1505 imu_count=54690 connected=True
21:33:36 [INFO] GYRO_DIAG: gx=-0.1216 gy=+0.1936 gz=+0.2486 | peaks: [-1.5522, -3.1295, -2.6145] | yaw=-2022.2 pitch=-33.7 roll=+70.4 | mag=0.3378
21:33:37 [INFO] GYRO_DIAG: gx=-0.9267 gy=+0.2132 gz=-0.0941 | peaks: [-1.5522, -3.1295, -2.6145] | yaw=-2039.1 pitch=-83.9 roll=+71.2 | mag=0.9555
21:33:38 [INFO] GYRO_DIAG: gx=-0.1081 gy=-0.0208 gz=+0.1460 | peaks: [-1.5522, -3.1295, -2.6145] | yaw=-2071.2 pitch=+30.6 roll=+41.6 | mag=0.1829
21:33:39 [INFO] GYRO_DIAG: gx=-0.0293 gy=+0.0092 gz=+0.0562 | peaks: [-1.5522, -3.1295, -2.6145] | yaw=-2071.8 pitch=+6.3 roll=+86.6 | mag=0.0640
21:33:40 [INFO] GYRO_DIAG: gx=-0.0018 gy=-0.0373 gz=+0.0116 | peaks: [-1.5522, -3.1295, -2.6145] | yaw=-2088.5 pitch=+5.5 roll=+92.9 | mag=0.0391
21:33:41 [INFO] GYRO_DIAG: gx=-0.1991 gy=-0.1881 gz=-0.2046 | peaks: [-1.5522, -3.1295, -2.6145] | yaw=-2116.2 pitch=-23.2 roll=+78.2 | mag=0.3420
21:33:42 [INFO] GYRO_DIAG: gx=-0.0092 gy=-0.0672 gz=-0.0153 | peaks: [-1.5522, -3.1295, -2.6145] | yaw=-2141.5 pitch=-8.9 roll=+77.4 | mag=0.0695
21:33:42 [INFO] Hotkeys triggered: {'toggle_settings'}
21:33:42 [INFO] Settings panel: hidden (click-through: ON)
21:33:43 [INFO] GYRO_DIAG: gx=+0.0935 gy=-0.0348 gz=+0.0641 | peaks: [-1.5522, -3.1295, -2.6145] | yaw=-2155.3 pitch=+21.2 roll=+77.8 | mag=0.1186
21:33:44 [INFO] GYRO_DIAG: gx=+0.0342 gy=-0.0006 gz=+0.0257 | peaks: [-1.5522, -3.1295, -2.6145] | yaw=-2176.8 pitch=+20.3 roll=+95.8 | mag=0.0428
21:33:45 [INFO] Hotkeys triggered: {'toggle_hud'}
21:33:45 [INFO] HUD: OFF
21:33:45 [INFO] GYRO_DIAG: gx=+0.0483 gy=+0.0018 gz=+0.0428 | peaks: [-1.5522, -3.1295, -2.6145] | yaw=-2209.1 pitch=+17.9 roll=+83.7 | mag=0.0645
21:33:45 [INFO] Loop OK - px_off=-52px, zoom=1.0, tracking=True, fps=60, has_frame=True
21:33:45 [INFO] IMU diag: raw_yaw=111.6deg px_off=-52px yaw_r=0.50 dead=0.32 gyro_mag=0.0484 imu_count=59620 connected=True
21:33:46 [INFO] GYRO_DIAG: gx=-0.0012 gy=-0.0452 gz=+0.0250 | peaks: [-1.5522, -3.1295, -2.6145] | yaw=-2219.1 pitch=+16.9 roll=+99.5 | mag=0.0517
21:33:47 [INFO] GYRO_DIAG: gx=-0.0269 gy=-0.0281 gz=+0.0483 | peaks: [-1.5522, -3.1295, -2.6145] | yaw=-2236.7 pitch=+12.2 roll=+102.9 | mag=0.0620
21:33:48 [INFO] GYRO_DIAG: gx=-0.1356 gy=+0.0464 gz=+0.1399 | peaks: [-1.5522, -3.1295, -2.6145] | yaw=-2243.6 pitch=+3.3 roll=+98.7 | mag=0.2003
21:33:49 [INFO] GYRO_DIAG: gx=-0.0470 gy=-0.0916 gz=+0.0073 | peaks: [-1.5522, -3.1295, -2.6145] | yaw=-2285.2 pitch=+27.3 roll=+84.1 | mag=0.1033
21:33:50 [INFO] GYRO_DIAG: gx=+0.0342 gy=-0.0354 gz=+0.0043 | peaks: [-1.5522, -3.1295, -2.6145] | yaw=-2286.8 pitch=-5.6 roll=+104.1 | mag=0.0494
21:33:51 [INFO] GYRO_DIAG: gx=+0.0794 gy=-0.0367 gz=-0.0073 | peaks: [-1.5522, -3.1295, -2.6145] | yaw=-2309.2 pitch=+4.7 roll=+94.4 | mag=0.0878
21:33:52 [INFO] GYRO_DIAG: gx=+0.3488 gy=-0.0788 gz=+0.1723 | peaks: [-1.5522, -3.1295, -2.6145] | yaw=-2351.2 pitch=+197.0 roll=+172.9 | mag=0.3969
21:33:53 [INFO] GYRO_DIAG: gx=-0.0476 gy=-0.0611 gz=-0.0318 | peaks: [-1.5522, -3.1295, -2.6145] | yaw=-2390.2 pitch=+130.4 roll=+158.9 | mag=0.0837
21:33:54 [INFO] GYRO_DIAG: gx=-0.3396 gy=-0.0275 gz=-0.0666 | peaks: [-1.5522, -3.1295, -2.6145] | yaw=-2372.4 pitch=-193.2 roll=+41.6 | mag=0.3472
21:33:55 [INFO] GYRO_DIAG: gx=+0.1295 gy=-0.0092 gz=+0.0434 | peaks: [-1.5522, -3.1295, -2.6145] | yaw=-2397.3 pitch=-87.8 roll=+72.4 | mag=0.1369
21:33:55 [INFO] Loop OK - px_off=100px, zoom=1.0, tracking=True, fps=60, has_frame=True
21:33:55 [INFO] IMU diag: raw_yaw=-79.5deg px_off=99px yaw_r=0.50 dead=0.32 gyro_mag=0.1203 imu_count=64561 connected=True
21:33:56 [INFO] GYRO_DIAG: gx=+0.9743 gy=+0.0263 gz=+0.1326 | peaks: [-1.5522, -3.1295, -2.6145] | yaw=-2405.2 pitch=+33.4 roll=+89.2 | mag=0.9837
21:33:57 [INFO] GYRO_DIAG: gx=-0.0324 gy=-0.0342 gz=+0.0177 | peaks: [-1.5522, -3.1295, -2.6145] | yaw=-2417.0 pitch=+58.5 roll=+104.5 | mag=0.0503
21:33:58 [INFO] GYRO_DIAG: gx=-0.5284 gy=-0.0159 gz=-0.0263 | peaks: [-1.5522, -3.1295, -2.6145] | yaw=-2434.8 pitch=-46.1 roll=+96.9 | mag=0.5293
21:33:59 [INFO] GYRO_DIAG: gx=-0.1478 gy=-0.0415 gz=+0.0098 | peaks: [-1.5522, -3.1295, -2.6145] | yaw=-2451.5 pitch=-47.3 roll=+93.5 | mag=0.1539
21:34:00 [INFO] GYRO_DIAG: gx=+0.1649 gy=+0.0079 gz=+0.0043 | peaks: [-1.5522, -3.1295, -2.6145] | yaw=-2460.9 pitch=+24.1 roll=+95.5 | mag=0.1652
21:34:01 [INFO] GYRO_DIAG: gx=-0.0727 gy=-0.1332 gz=+0.0000 | peaks: [-1.5522, -3.1295, -2.6145] | yaw=-2433.3 pitch=+86.7 roll=+111.1 | mag=0.1517
21:34:02 [INFO] GYRO_DIAG: gx=-0.2743 gy=+0.7404 gz=+0.0018 | peaks: [-1.5522, -3.1295, -2.6145] | yaw=-2303.4 pitch=+28.1 roll=+120.9 | mag=0.7895
21:34:03 [INFO] GYRO_DIAG: gx=+0.0709 gy=+0.0134 gz=-0.0147 | peaks: [-1.5522, -3.1295, -2.6145] | yaw=-2559.1 pitch=-135.2 roll=+22.4 | mag=0.0736
21:34:04 [INFO] GYRO_DIAG: gx=+0.0458 gy=-0.0580 gz=+0.0250 | peaks: [-1.5522, -3.1295, -2.6145] | yaw=-2565.2 pitch=-46.8 roll=+62.0 | mag=0.0781
21:34:05 [INFO] Loop OK - px_off=-86px, zoom=1.0, tracking=True, fps=60, has_frame=True
21:34:05 [INFO] IMU diag: raw_yaw=104.8deg px_off=-86px yaw_r=0.50 dead=0.32 gyro_mag=0.0537 imu_count=69497 connected=True
21:34:05 [INFO] GYRO_DIAG: gx=+0.0318 gy=-0.0403 gz=+0.0098 | peaks: [-1.5522, -3.1295, -2.6145] | yaw=-2572.8 pitch=-12.1 roll=+81.3 | mag=0.0522
21:34:06 [INFO] GYRO_DIAG: gx=+0.0238 gy=+0.0757 gz=+0.0892 | peaks: [-1.5522, -3.1295, -2.6145] | yaw=-2597.3 pitch=-91.8 roll=+84.0 | mag=0.1194
21:34:07 [INFO] GYRO_DIAG: gx=-0.0531 gy=-0.0476 gz=+0.0098 | peaks: [-1.5522, -3.1295, -2.6145] | yaw=-2615.8 pitch=+0.6 roll=+85.6 | mag=0.0720
21:34:08 [INFO] GYRO_DIAG: gx=+0.0684 gy=-0.0605 gz=+0.0073 | peaks: [-1.5522, -3.1295, -2.6145] | yaw=-2636.4 pitch=-40.7 roll=+88.4 | mag=0.0916
21:34:09 [INFO] GYRO_DIAG: gx=+0.0519 gy=-0.0263 gz=+0.0293 | peaks: [-1.5522, -3.1295, -2.6145] | yaw=-2661.6 pitch=+56.3 roll=+84.8 | mag=0.0652
21:34:10 [INFO] GYRO_DIAG: gx=+0.1881 gy=+0.9798 gz=+0.1252 | peaks: [-1.5522, -3.1295, -2.6145] | yaw=-2542.8 pitch=+12.7 roll=+132.0 | mag=1.0056
21:34:11 [INFO] GYRO_DIAG: gx=-0.0312 gy=-0.0348 gz=+0.0202 | peaks: [-1.5522, -3.1295, -2.6145] | yaw=-2797.5 pitch=+16.7 roll=+59.2 | mag=0.0509
21:34:12 [INFO] GYRO_DIAG: gx=-0.0428 gy=+0.0525 gz=+0.0079 | peaks: [-1.5522, -3.1295, -2.6145] | yaw=-2765.2 pitch=-7.8 roll=+88.3 | mag=0.0682
21:34:13 [INFO] GYRO_DIAG: gx=+0.0214 gy=-0.0367 gz=+0.0275 | peaks: [-1.5522, -3.1295, -2.6145] | yaw=-2749.1 pitch=-5.5 roll=+94.9 | mag=0.0506
21:34:14 [INFO] GYRO_DIAG: gx=-0.0568 gy=-0.1924 gz=-0.0434 | peaks: [-1.5522, -3.1295, -2.6145] | yaw=-2784.7 pitch=-7.3 roll=+89.5 | mag=0.2053
21:34:15 [INFO] Loop OK - px_off=-63px, zoom=1.0, tracking=True, fps=60, has_frame=True
21:34:15 [INFO] IMU diag: raw_yaw=-134.0deg px_off=-63px yaw_r=0.50 dead=0.32 gyro_mag=0.0955 imu_count=74433 connected=True
21:34:15 [INFO] GYRO_DIAG: gx=+0.0000 gy=-0.0324 gz=-0.0165 | peaks: [-1.5522, -3.1295, -2.6145] | yaw=-2814.7 pitch=-28.8 roll=+110.2 | mag=0.0363
21:34:16 [INFO] GYRO_DIAG: gx=-0.0195 gy=-0.2456 gz=-0.1301 | peaks: [-1.5522, -3.1295, -2.6145] | yaw=-2855.1 pitch=-19.9 roll=+65.7 | mag=0.2786
21:34:17 [INFO] GYRO_DIAG: gx=+0.1588 gy=+0.0263 gz=+0.0391 | peaks: [-1.5522, -3.1295, -2.6145] | yaw=-2881.5 pitch=-3.9 roll=+79.0 | mag=0.1657
21:34:18 [INFO] GYRO_DIAG: gx=+0.1313 gy=-0.1246 gz=+0.0776 | peaks: [-1.5522, -3.1295, -2.6145] | yaw=-2947.5 pitch=+40.7 roll=+90.5 | mag=0.1970
21:34:19 [INFO] GYRO_DIAG: gx=-0.1918 gy=-0.0782 gz=-0.0232 | peaks: [-1.5522, -3.1295, -2.6145] | yaw=-2983.0 pitch=+0.3 roll=+90.0 | mag=0.2084
21:34:20 [INFO] GYRO_DIAG: gx=-0.0012 gy=+0.0953 gz=-0.0202 | peaks: [-1.5522, -3.1295, -2.6145] | yaw=-3005.5 pitch=-2.9 roll=+116.6 | mag=0.0974
21:34:21 [INFO] GYRO_DIAG: gx=+0.0483 gy=-0.0079 gz=+0.0929 | peaks: [-1.5522, -3.1295, -2.6145] | yaw=-2956.5 pitch=-96.3 roll=+67.9 | mag=0.1049
21:34:22 [INFO] GYRO_DIAG: gx=+0.0702 gy=-0.1442 gz=+0.0147 | peaks: [-1.5522, -3.1295, -2.6145] | yaw=-2986.0 pitch=-29.6 roll=+76.9 | mag=0.1610
21:34:23 [INFO] GYRO_DIAG: gx=-0.2511 gy=-0.9340 gz=-0.0739 | peaks: [-1.5522, -3.1295, -2.6145] | yaw=-3139.2 pitch=-31.2 roll=+69.4 | mag=0.9700
21:34:24 [INFO] GYRO_DIAG: gx=+0.1362 gy=+0.3146 gz=+0.1045 | peaks: [-1.5522, -3.1295, -2.6145] | yaw=-3143.4 pitch=+24.6 roll=+71.2 | mag=0.3584
21:34:25 [INFO] Loop OK - px_off=141px, zoom=1.0, tracking=True, fps=60, has_frame=True
21:34:25 [INFO] IMU diag: raw_yaw=-65.7deg px_off=140px yaw_r=0.50 dead=0.32 gyro_mag=0.2426 imu_count=79367 connected=True
21:34:25 [INFO] GYRO_DIAG: gx=-1.1625 gy=-0.0544 gz=-0.0104 | peaks: [-1.5522, -3.1295, -2.6145] | yaw=-3117.2 pitch=-31.5 roll=+24.4 | mag=1.1638
21:34:26 [INFO] GYRO_DIAG: gx=+0.4337 gy=+0.1814 gz=+0.1368 | peaks: [-1.5522, -3.1295, -2.6145] | yaw=-3117.1 pitch=-5.4 roll=+77.2 | mag=0.4896
21:34:27 [INFO] GYRO_DIAG: gx=+0.1032 gy=-0.0513 gz=+0.0739 | peaks: [-1.5522, -3.1295, -2.6145] | yaw=-3098.8 pitch=+122.4 roll=+95.7 | mag=0.1369
21:34:28 [INFO] GYRO_DIAG: gx=-0.0140 gy=-0.0440 gz=+0.0031 | peaks: [-1.5522, -3.1295, -2.6145] | yaw=-3112.9 pitch=+87.1 roll=+116.0 | mag=0.0463
21:34:29 [INFO] GYRO_DIAG: gx=-0.0079 gy=-0.0556 gz=+0.0269 | peaks: [-1.5522, -3.1295, -2.6145] | yaw=-3148.9 pitch=+14.0 roll=+77.5 | mag=0.0623
21:34:30 [INFO] GYRO_DIAG: gx=+0.2150 gy=-0.0171 gz=-0.0385 | peaks: [-1.5522, -3.1295, -2.6145] | yaw=-3137.7 pitch=+53.4 roll=+97.3 | mag=0.2191
21:34:31 [INFO] GYRO_DIAG: gx=+0.0586 gy=-0.0751 gz=-0.0525 | peaks: [-1.5522, -3.1295, -2.6145] | yaw=-3129.1 pitch=+31.2 roll=+97.7 | mag=0.1088
21:34:32 [INFO] GYRO_DIAG: gx=+0.0428 gy=-0.0721 gz=+0.0092 | peaks: [-1.5522, -3.1295, -2.6145] | yaw=-3175.2 pitch=+0.8 roll=+99.4 | mag=0.0843
21:34:33 [INFO] GYRO_DIAG: gx=+0.0250 gy=-0.0257 gz=+0.0202 | peaks: [-1.5522, -3.1295, -2.6145] | yaw=-3205.0 pitch=+16.9 roll=+97.9 | mag=0.0411
21:34:34 [INFO] GYRO_DIAG: gx=+0.2193 gy=+0.0214 gz=-0.0495 | peaks: [-1.5522, -3.1295, -2.6145] | yaw=-3217.8 pitch=+239.3 roll=+179.9 | mag=0.2258
21:34:35 [INFO] Loop OK - px_off=-386px, zoom=1.0, tracking=True, fps=60, has_frame=True
21:34:35 [INFO] IMU diag: raw_yaw=81.1deg px_off=-387px yaw_r=0.50 dead=0.32 gyro_mag=0.3862 imu_count=84303 connected=True
21:34:35 [INFO] GYRO_DIAG: gx=-0.0238 gy=+0.0373 gz=+0.0049 | peaks: [-1.5522, -3.1295, -2.6145] | yaw=-3323.1 pitch=+170.4 roll=+176.7 | mag=0.0445
21:34:36 [INFO] GYRO_DIAG: gx=-1.5162 gy=-0.0159 gz=-0.3787 | peaks: [-1.8534, -3.1295, -2.6145] | yaw=-3282.4 pitch=-316.6 roll=+35.9 | mag=1.5628
21:34:37 [INFO] GYRO_DIAG: gx=-1.0140 gy=+0.0483 gz=-0.4013 | peaks: [+2.1093, -3.1295, -2.6145] | yaw=-3356.8 pitch=-285.5 roll=+101.3 | mag=1.0916
21:34:38 [INFO] GYRO_DIAG: gx=+1.0311 gy=+0.3714 gz=+0.1576 | peaks: [+2.6267, -3.1295, -2.6145] | yaw=-3273.3 pitch=-15.9 roll=+17.6 | mag=1.1073
21:34:39 [INFO] GYRO_DIAG: gx=-0.1491 gy=+0.0593 gz=-0.2016 | peaks: [+2.6267, -3.1295, -2.6145] | yaw=-3316.3 pitch=+11.8 roll=-43.2 | mag=0.2576
21:34:40 [INFO] Hotkeys triggered: {'quit'}
21:34:40 [INFO] Quit requested
21:44:34 [INFO] ============================================================
21:44:34 [INFO] AirPin starting...
21:44:34 [INFO] Args: Namespace(no_imu=False, no_audio=False, monitor=0, sensitivity=None, fps=None)
21:44:34 [INFO] Displays found: 2, target_monitor=0
21:44:34 [INFO]   [0] Monitor 0 @ (0,0) 1920x1080
21:44:34 [INFO]   [1] Monitor 1 @ (-3840,0) 3840x2160
21:44:34 [INFO] IMU tracker started and recentered
21:44:34 [INFO] Screen capture started: 1920x1080
21:44:35 [INFO] Renderer initialized: 1920x1080 at (0,0), hwnd=25432008
21:44:35 [INFO] Target display: Monitor 0 (1920x1080) at (0,0)
21:44:35 [INFO] GYRO_DIAG: gx=-0.3099 gy=-0.0049 gz=-0.0209 | peaks: [-0.3099, -0.0336, -0.0435] | yaw=-4.5 pitch=-9.8 roll=+109.5 | mag=0.3106
21:44:36 [INFO] GYRO_DIAG: gx=+0.0408 gy=+0.2144 gz=-0.0588 | peaks: [-1.1748, -0.7226, +0.1129] | yaw=-108.9 pitch=-231.8 roll=+103.2 | mag=0.2260
21:44:37 [INFO] GYRO_DIAG: gx=-0.1339 gy=+1.1698 gz=+0.2772 | peaks: [-1.1748, +1.3971, +0.3267] | yaw=+188.2 pitch=-115.4 roll=+130.7 | mag=1.2096
21:44:38 [INFO] GYRO_DIAG: gx=+0.1080 gy=-0.0544 gz=+0.0121 | peaks: [+1.1843, -1.5565, +0.3590] | yaw=-61.1 pitch=+141.7 roll=+122.0 | mag=0.1215
21:44:39 [INFO] GYRO_DIAG: gx=-0.0246 gy=-0.0165 gz=-0.0160 | peaks: [+1.1843, -1.5565, +0.3590] | yaw=-80.7 pitch=+90.2 roll=+111.7 | mag=0.0337
21:44:40 [INFO] GYRO_DIAG: gx=+0.0084 gy=+0.0079 gz=-0.0056 | peaks: [+1.1843, -1.5565, +0.3590] | yaw=-81.4 pitch=+54.2 roll=+110.4 | mag=0.0129
21:44:41 [INFO] GYRO_DIAG: gx=-0.4491 gy=-0.0336 gz=-0.0283 | peaks: [-1.3294, -1.5565, +0.3590] | yaw=-53.6 pitch=-193.6 roll=+88.6 | mag=0.4513
21:44:42 [INFO] GYRO_DIAG: gx=+0.0096 gy=-0.0177 gz=+0.0261 | peaks: [-1.3294, -1.5565, +0.3590] | yaw=-53.2 pitch=-133.6 roll=+84.8 | mag=0.0330
21:44:42 [INFO] Hotkeys triggered: {'quit'}
21:44:42 [INFO] Quit requested
21:44:45 [INFO] ============================================================
21:44:45 [INFO] AirPin starting...
21:44:45 [INFO] Args: Namespace(no_imu=False, no_audio=False, monitor=0, sensitivity=None, fps=None)
21:44:45 [INFO] Displays found: 2, target_monitor=0
21:44:45 [INFO]   [0] Monitor 0 @ (0,0) 1920x1080
21:44:45 [INFO]   [1] Monitor 1 @ (-3840,0) 3840x2160
21:44:46 [INFO] IMU tracker started and recentered
21:44:46 [INFO] Screen capture started: 1920x1080
21:44:46 [INFO] Renderer initialized: 1920x1080 at (0,0), hwnd=40634798
21:44:46 [INFO] Target display: Monitor 0 (1920x1080) at (0,0)
21:44:46 [INFO] GYRO_DIAG: gx=+0.0280 gy=+0.0092 gz=+0.0017 | peaks: [+0.0713, -0.0330, -0.0356] | yaw=-2.7 pitch=+8.9 roll=+81.3 | mag=0.0295
21:44:47 [INFO] Hotkeys triggered: {'toggle_settings'}
21:44:47 [INFO] Settings panel: shown (click-through: OFF)
21:44:47 [INFO] GYRO_DIAG: gx=-0.0362 gy=-0.0067 gz=-0.0179 | peaks: [+0.0713, -0.0330, -0.0356] | yaw=-2.3 pitch=+9.1 roll=+84.6 | mag=0.0409
21:44:48 [INFO] GYRO_DIAG: gx=+0.0365 gy=+0.0055 gz=-0.0044 | peaks: [+0.0713, -0.0330, -0.0356] | yaw=+1.9 pitch=+7.3 roll=+84.7 | mag=0.0372
21:44:49 [INFO] GYRO_DIAG: gx=-0.0209 gy=+0.0086 gz=-0.0093 | peaks: [+1.1629, -0.0654, +0.2509] | yaw=-11.5 pitch=+177.5 roll=+117.6 | mag=0.0244
21:44:50 [INFO] GYRO_DIAG: gx=-0.5634 gy=-0.0672 gz=-0.0557 | peaks: [+1.1629, -0.0941, +0.2509] | yaw=-28.6 pitch=+49.4 roll=+100.4 | mag=0.5701
21:44:51 [INFO] GYRO_DIAG: gx=+0.0267 gy=-0.0256 gz=-0.0258 | peaks: [+1.1629, -0.0941, +0.2509] | yaw=-33.9 pitch=+86.3 roll=+116.9 | mag=0.0452
21:44:53 [INFO] GYRO_DIAG: gx=-0.0075 gy=+0.0104 gz=+0.0096 | peaks: [+1.1629, -0.0941, +0.2509] | yaw=-36.9 pitch=+46.8 roll=+109.6 | mag=0.0160
21:44:54 [INFO] GYRO_DIAG: gx=-0.0118 gy=-0.0043 gz=+0.0060 | peaks: [+1.1629, -0.0941, +0.2509] | yaw=-38.0 pitch=+20.8 roll=+108.0 | mag=0.0138
21:44:55 [INFO] GYRO_DIAG: gx=-0.3025 gy=-0.0177 gz=-0.0099 | peaks: [+1.1629, +0.1546, +0.2509] | yaw=-15.2 pitch=-136.9 roll=+91.5 | mag=0.3032
21:44:56 [INFO] GYRO_DIAG: gx=-0.0093 gy=-0.0116 gz=-0.0063 | peaks: [+1.1629, +0.1546, +0.2509] | yaw=-20.9 pitch=-86.6 roll=+87.8 | mag=0.0161
21:44:56 [INFO] Loop OK - px_off=94px, zoom=1.0, tracking=True, fps=60, has_frame=True
21:44:56 [INFO] IMU diag: raw_yaw=-22.0deg px_off=94px yaw_r=0.50 dead=0.06 gyro_mag=0.0076 imu_count=5422 connected=True
21:44:57 [INFO] GYRO_DIAG: gx=+0.0096 gy=-0.0079 gz=+0.0017 | peaks: [+1.1629, +0.1546, +0.2509] | yaw=-23.3 pitch=-53.7 roll=+87.6 | mag=0.0126
21:44:58 [INFO] GYRO_DIAG: gx=+0.4885 gy=+0.0580 gz=+0.0689 | peaks: [+1.1629, +0.1546, +0.2509] | yaw=-21.7 pitch=+44.6 roll=+97.0 | mag=0.4968
21:44:59 [INFO] GYRO_DIAG: gx=+0.0115 gy=-0.0202 gz=-0.0002 | peaks: [+1.1629, +0.1546, +0.2509] | yaw=-30.6 pitch=+71.4 roll=+103.6 | mag=0.0232
21:45:00 [INFO] GYRO_DIAG: gx=-0.0252 gy=+0.0104 gz=-0.0124 | peaks: [+1.1629, +0.1546, +0.2509] | yaw=-33.9 pitch=+41.6 roll=+102.4 | mag=0.0299
21:45:01 [INFO] GYRO_DIAG: gx=-0.2359 gy=-0.0165 gz=-0.0166 | peaks: [+1.1629, +0.1546, +0.2509] | yaw=-34.0 pitch=+14.9 roll=+101.7 | mag=0.2371
21:45:02 [INFO] GYRO_DIAG: gx=+0.0225 gy=-0.0006 gz=+0.0322 | peaks: [+1.1629, +0.1564, +0.2509] | yaw=-23.3 pitch=-164.8 roll=+76.6 | mag=0.0393
21:45:03 [INFO] GYRO_DIAG: gx=+0.0157 gy=+0.0031 gz=+0.0194 | peaks: [+1.1629, +0.1564, +0.2509] | yaw=-10.3 pitch=-98.8 roll=+83.7 | mag=0.0252
21:45:04 [INFO] GYRO_DIAG: gx=+0.0005 gy=+0.0116 gz=-0.0075 | peaks: [+1.1629, +0.1564, +0.2509] | yaw=-6.6 pitch=-63.0 roll=+81.5 | mag=0.0138
21:45:05 [INFO] GYRO_DIAG: gx=-0.0130 gy=-0.0085 gz=-0.0026 | peaks: [+1.1629, +0.1564, +0.2509] | yaw=-8.5 pitch=-38.3 roll=+80.3 | mag=0.0157
21:45:06 [INFO] GYRO_DIAG: gx=-0.0399 gy=+0.0012 gz=+0.0078 | peaks: [+1.1629, +0.1564, +0.2509] | yaw=-9.1 pitch=-26.0 roll=+79.4 | mag=0.0406
21:45:06 [INFO] Loop OK - px_off=-21px, zoom=1.0, tracking=True, fps=60, has_frame=True
21:45:06 [INFO] IMU diag: raw_yaw=-13.1deg px_off=-33px yaw_r=0.50 dead=0.06 gyro_mag=1.1848 imu_count=10356 connected=True
21:45:07 [INFO] GYRO_DIAG: gx=+0.0390 gy=-0.0360 gz=-0.0148 | peaks: [+1.3981, +0.1564, +0.2509] | yaw=-21.9 pitch=+221.6 roll=+114.0 | mag=0.0551
21:45:08 [INFO] GYRO_DIAG: gx=+0.0157 gy=-0.0073 gz=+0.0017 | peaks: [+1.3981, +0.1564, +0.2509] | yaw=-29.8 pitch=+135.7 roll=+109.1 | mag=0.0174
21:45:09 [INFO] GYRO_DIAG: gx=-0.0001 gy=-0.0043 gz=-0.0044 | peaks: [+1.3981, +0.1564, +0.2509] | yaw=-30.2 pitch=+75.9 roll=+106.3 | mag=0.0062
21:45:10 [INFO] GYRO_DIAG: gx=-0.0136 gy=-0.0104 gz=-0.0075 | peaks: [+1.3981, +0.1564, +0.2509] | yaw=-31.7 pitch=+38.2 roll=+105.8 | mag=0.0187
21:45:11 [INFO] GYRO_DIAG: gx=-0.2873 gy=-1.2993 gz=-0.0783 | peaks: [+1.3981, -1.3005, +0.2509] | yaw=-110.7 pitch=-179.2 roll=+58.8 | mag=1.3330
21:45:12 [INFO] GYRO_DIAG: gx=-0.0276 gy=+0.8522 gz=+0.0518 | peaks: [+1.3981, +1.3262, +0.3169] | yaw=+223.3 pitch=-149.1 roll=+114.5 | mag=0.8542
21:45:13 [INFO] GYRO_DIAG: gx=+0.0829 gy=-0.7385 gz=+0.4543 | peaks: [+1.3981, -1.5180, +0.4543] | yaw=-165.4 pitch=-90.7 roll=+101.3 | mag=0.8710
21:45:14 [INFO] GYRO_DIAG: gx=-0.0936 gy=+0.5400 gz=-0.0741 | peaks: [+1.3981, -1.5180, +0.5594] | yaw=-218.0 pitch=-53.8 roll=+106.5 | mag=0.5530
21:45:15 [INFO] GYRO_DIAG: gx=+0.0035 gy=+0.0128 gz=-0.0124 | peaks: [+1.3981, -1.5180, +0.5594] | yaw=-107.5 pitch=-52.8 roll=+73.3 | mag=0.0182
21:45:16 [INFO] GYRO_DIAG: gx=-0.0441 gy=+0.6915 gz=+0.1367 | peaks: [+1.3981, +1.7947, +0.5594] | yaw=+246.9 pitch=-41.9 roll=+116.8 | mag=0.7063
21:45:16 [INFO] Loop OK - px_off=-107px, zoom=1.0, tracking=True, fps=60, has_frame=True
21:45:16 [INFO] IMU diag: raw_yaw=-52.5deg px_off=-106px yaw_r=0.50 dead=0.06 gyro_mag=1.3363 imu_count=15290 connected=True
21:45:17 [INFO] GYRO_DIAG: gx=-0.0264 gy=-0.1148 gz=+0.0243 | peaks: [+1.3981, -2.1667, +0.5594] | yaw=-194.3 pitch=-11.7 roll=+52.8 | mag=0.1203
21:45:18 [INFO] GYRO_DIAG: gx=-0.0258 gy=+0.0122 gz=-0.0362 | peaks: [+1.3981, -2.1667, +0.5594] | yaw=-208.8 pitch=-7.1 roll=+61.3 | mag=0.0461
21:45:19 [INFO] GYRO_DIAG: gx=+0.5826 gy=+0.3592 gz=-0.0197 | peaks: [+1.3981, -2.1667, +0.5594] | yaw=-166.9 pitch=-25.0 roll=+48.6 | mag=0.6847
21:45:20 [INFO] GYRO_DIAG: gx=-0.0704 gy=-0.0379 gz=+0.0249 | peaks: [+1.3981, -2.1667, +0.5594] | yaw=-84.1 pitch=-59.1 roll=+56.8 | mag=0.0837
21:45:21 [INFO] GYRO_DIAG: gx=-0.1345 gy=-0.4380 gz=-0.0924 | peaks: [+1.3981, -2.1667, +0.5594] | yaw=-115.8 pitch=-48.8 roll=+71.3 | mag=0.4674
21:45:22 [INFO] GYRO_DIAG: gx=-0.0240 gy=+0.0672 gz=+0.0316 | peaks: [+1.3981, -2.1667, +0.5594] | yaw=-122.4 pitch=-79.7 roll=+63.9 | mag=0.0780
21:45:23 [INFO] GYRO_DIAG: gx=-0.0967 gy=+0.0843 gz=+0.0182 | peaks: [+1.3981, -2.1667, +0.5594] | yaw=+1.7 pitch=+102.1 roll=+72.5 | mag=0.1295
21:45:24 [INFO] GYRO_DIAG: gx=-0.0136 gy=+0.0079 gz=+0.0029 | peaks: [+1.3981, -2.1667, +0.5594] | yaw=+5.4 pitch=+56.1 roll=+78.7 | mag=0.0160
21:45:25 [INFO] GYRO_DIAG: gx=-0.0008 gy=-0.0030 gz=+0.0005 | peaks: [+1.3981, -2.1667, +0.5594] | yaw=+4.3 pitch=+31.8 roll=+79.9 | mag=0.0032
21:45:26 [INFO] GYRO_DIAG: gx=-0.0166 gy=-0.0030 gz=+0.0060 | peaks: [+1.3981, -2.1667, +0.5594] | yaw=+4.0 pitch=+18.3 roll=+81.1 | mag=0.0179
21:45:26 [INFO] Loop OK - px_off=70px, zoom=1.0, tracking=True, fps=60, has_frame=True
21:45:26 [INFO] IMU diag: raw_yaw=3.5deg px_off=70px yaw_r=0.50 dead=0.06 gyro_mag=0.0175 imu_count=20223 connected=True
21:45:27 [INFO] GYRO_DIAG: gx=-0.0008 gy=-0.0153 gz=-0.0002 | peaks: [+1.3981, -2.1667, +0.5594] | yaw=+2.0 pitch=+8.7 roll=+79.5 | mag=0.0153
21:45:28 [INFO] GYRO_DIAG: gx=-0.0111 gy=-0.0085 gz=-0.0105 | peaks: [+1.3981, -2.1667, +0.5594] | yaw=+2.0 pitch=+4.2 roll=+80.1 | mag=0.0176
21:45:29 [INFO] GYRO_DIAG: gx=-0.1651 gy=-0.3598 gz=-0.0655 | peaks: [+1.3981, -2.1667, +0.5594] | yaw=-27.2 pitch=-106.2 roll=+80.9 | mag=0.4012
21:45:30 [INFO] GYRO_DIAG: gx=+0.0365 gy=+0.4679 gz=+0.1049 | peaks: [+1.3981, -2.1667, +0.5594] | yaw=-51.2 pitch=-73.9 roll=+79.0 | mag=0.4809
21:45:31 [INFO] GYRO_DIAG: gx=+0.4452 gy=-0.0482 gz=-0.0521 | peaks: [+1.3981, -2.1667, +0.5594] | yaw=+30.6 pitch=+89.7 roll=+98.4 | mag=0.4508
21:45:32 [INFO] GYRO_DIAG: gx=-0.9500 gy=-0.0122 gz=-0.0655 | peaks: [+1.3981, -2.1667, +0.5594] | yaw=+4.9 pitch=+96.3 roll=+83.2 | mag=0.9524
21:45:33 [INFO] GYRO_DIAG: gx=-0.2640 gy=+0.0031 gz=+0.0273 | peaks: [+1.3981, -2.1667, +0.5594] | yaw=-0.7 pitch=-157.6 roll=+89.4 | mag=0.2655
21:45:34 [INFO] GYRO_DIAG: gx=-0.3202 gy=-0.0250 gz=-0.0380 | peaks: [+1.4403, -2.1667, +0.5594] | yaw=-5.1 pitch=+118.2 roll=+71.5 | mag=0.3235
21:45:35 [INFO] GYRO_DIAG: gx=+0.1245 gy=+1.9187 gz=+0.2222 | peaks: [+1.4403, +2.2022, +0.5594] | yaw=+149.9 pitch=+15.5 roll=+98.5 | mag=1.9356
21:45:36 [INFO] GYRO_DIAG: gx=-0.0264 gy=-1.0409 gz=+0.0481 | peaks: [+1.4403, +2.2022, +0.5594] | yaw=-94.2 pitch=+5.8 roll=+91.1 | mag=1.0424
21:45:36 [INFO] Loop OK - px_off=-532px, zoom=1.0, tracking=True, fps=60, has_frame=True
21:45:36 [INFO] IMU diag: raw_yaw=162.9deg px_off=-507px yaw_r=0.50 dead=0.13 gyro_mag=0.3225 imu_count=25156 connected=True
21:45:37 [INFO] GYRO_DIAG: gx=-0.0185 gy=-0.1686 gz=-0.0374 | peaks: [+1.4403, +2.2022, +0.5594] | yaw=-279.2 pitch=-8.8 roll=+60.1 | mag=0.1737
21:45:38 [INFO] GYRO_DIAG: gx=+0.0713 gy=+1.1521 gz=+0.5844 | peaks: [+1.4403, +2.4587, +0.6028] | yaw=+441.5 pitch=+34.5 roll=+207.4 | mag=1.2938
21:45:39 [INFO] GYRO_DIAG: gx=-0.1944 gy=-1.6060 gz=-0.4210 | peaks: [+1.4403, +2.4587, -0.7656] | yaw=+267.2 pitch=+0.2 roll=+108.5 | mag=1.6716
21:45:40 [INFO] GYRO_DIAG: gx=+0.0047 gy=+0.0012 gz=+0.0548 | peaks: [+1.4403, +2.4587, -0.7656] | yaw=-70.5 pitch=-38.5 roll=+28.0 | mag=0.0550
21:45:41 [INFO] GYRO_DIAG: gx=+0.0102 gy=+0.0092 gz=+0.0084 | peaks: [+1.4403, +2.4587, -0.7656] | yaw=-65.5 pitch=-28.3 roll=+50.4 | mag=0.0161
21:45:42 [INFO] GYRO_DIAG: gx=-0.0240 gy=+0.1704 gz=+0.0060 | peaks: [+1.4403, +2.4587, -0.7656] | yaw=-57.7 pitch=-19.5 roll=+60.1 | mag=0.1722
21:45:43 [INFO] GYRO_DIAG: gx=-0.0490 gy=+0.6469 gz=+0.0341 | peaks: [+1.4403, +2.4587, -0.7656] | yaw=-50.9 pitch=-17.5 roll=+64.8 | mag=0.6497
21:45:44 [INFO] GYRO_DIAG: gx=-0.1022 gy=+0.1417 gz=+0.0322 | peaks: [+1.4403, +2.4587, -0.7656] | yaw=-57.3 pitch=-21.1 roll=+66.1 | mag=0.1777
21:45:45 [INFO] GYRO_DIAG: gx=-0.0997 gy=+0.0006 gz=+0.0108 | peaks: [+1.4403, +2.4587, -0.7656] | yaw=-33.4 pitch=+8.9 roll=+75.0 | mag=0.1003
21:45:46 [INFO] GYRO_DIAG: gx=-0.0087 gy=-0.0110 gz=-0.0050 | peaks: [+1.4403, +2.4587, -0.7656] | yaw=-36.9 pitch=-0.0 roll=+75.6 | mag=0.0149
21:45:46 [INFO] Loop OK - px_off=7px, zoom=1.0, tracking=True, fps=60, has_frame=True
21:45:46 [INFO] IMU diag: raw_yaw=-36.6deg px_off=7px yaw_r=0.50 dead=0.13 gyro_mag=0.0050 imu_count=30089 connected=True
21:45:47 [INFO] GYRO_DIAG: gx=+0.0011 gy=-0.0061 gz=-0.0050 | peaks: [+1.4403, +2.4587, -0.7656] | yaw=-37.0 pitch=-3.1 roll=+77.9 | mag=0.0080
21:45:48 [INFO] GYRO_DIAG: gx=+0.0280 gy=-0.4844 gz=-0.0985 | peaks: [+1.4403, +2.4587, -0.7656] | yaw=-6.3 pitch=-7.0 roll=+81.9 | mag=0.4951
21:45:49 [INFO] GYRO_DIAG: gx=+0.2014 gy=+0.0489 gz=+0.0322 | peaks: [+1.4403, +2.4587, -0.7656] | yaw=-52.1 pitch=+22.1 roll=+73.1 | mag=0.2098
21:45:50 [INFO] GYRO_DIAG: gx=-0.4357 gy=-0.0104 gz=-0.0270 | peaks: [+1.4403, +2.4587, -0.7656] | yaw=-45.1 pitch=+4.3 roll=+75.9 | mag=0.4367
21:45:51 [INFO] GYRO_DIAG: gx=-0.0038 gy=-0.0030 gz=-0.0063 | peaks: [+1.4403, +2.4587, -0.7656] | yaw=-42.0 pitch=+11.8 roll=+76.1 | mag=0.0079
21:45:52 [INFO] GYRO_DIAG: gx=+0.6272 gy=+0.0269 gz=-0.0105 | peaks: [+1.4403, +2.4587, -0.7656] | yaw=-44.3 pitch=-48.4 roll=+73.1 | mag=0.6279
21:45:53 [INFO] GYRO_DIAG: gx=-0.2708 gy=-0.0397 gz=-0.0435 | peaks: [+1.4403, +2.4587, -0.7656] | yaw=-39.3 pitch=+51.4 roll=+79.3 | mag=0.2771
21:45:54 [INFO] GYRO_DIAG: gx=+0.8343 gy=-0.2627 gz=+0.2375 | peaks: [+1.4403, +2.4587, -0.7656] | yaw=-50.7 pitch=+66.0 roll=+95.6 | mag=0.9063
21:45:55 [INFO] GYRO_DIAG: gx=-0.0221 gy=+0.0232 gz=-0.0105 | peaks: [+1.4403, +2.4587, -0.7656] | yaw=-125.4 pitch=+124.6 roll=+121.0 | mag=0.0338
21:45:56 [INFO] GYRO_DIAG: gx=-0.0185 gy=-0.0055 gz=+0.0053 | peaks: [+1.4403, +2.4587, -0.7656] | yaw=-141.0 pitch=+69.5 roll=+113.3 | mag=0.0200
21:45:56 [INFO] Loop OK - px_off=-109px, zoom=1.0, tracking=True, fps=60, has_frame=True
21:45:56 [INFO] IMU diag: raw_yaw=-139.9deg px_off=-108px yaw_r=0.50 dead=0.13 gyro_mag=0.0530 imu_count=35029 connected=True
21:45:57 [INFO] GYRO_DIAG: gx=-0.0331 gy=+0.0263 gz=-0.0142 | peaks: [+1.4403, +2.4587, -0.7656] | yaw=-132.9 pitch=+39.7 roll=+104.3 | mag=0.0446
21:45:58 [INFO] GYRO_DIAG: gx=-0.0680 gy=-0.1576 gz=-0.0692 | peaks: [+1.4403, +2.4587, -0.7656] | yaw=-77.1 pitch=-156.6 roll=+61.4 | mag=0.1850
21:45:59 [INFO] GYRO_DIAG: gx=+0.0121 gy=-0.0030 gz=+0.0225 | peaks: [+1.4403, +2.4587, -0.7656] | yaw=-131.3 pitch=-100.3 roll=+56.9 | mag=0.0257
21:46:00 [INFO] GYRO_DIAG: gx=+0.3804 gy=+0.0434 gz=-0.0130 | peaks: [+1.4403, +2.4587, -0.7656] | yaw=-125.5 pitch=-22.5 roll=+62.4 | mag=0.3831
21:46:01 [INFO] GYRO_DIAG: gx=-0.4510 gy=+0.0348 gz=+0.0096 | peaks: [+1.4403, +2.4587, -0.7656] | yaw=-107.2 pitch=-50.8 roll=+69.8 | mag=0.4524
21:46:02 [INFO] GYRO_DIAG: gx=+0.0017 gy=+0.0055 gz=+0.0017 | peaks: [+1.4403, +2.4587, -0.7656] | yaw=-108.9 pitch=-53.0 roll=+76.3 | mag=0.0060
21:46:03 [INFO] GYRO_DIAG: gx=-0.0020 gy=-0.0055 gz=+0.0078 | peaks: [+1.4403, +2.4587, -0.7656] | yaw=-109.6 pitch=-30.8 roll=+74.1 | mag=0.0097
21:46:04 [INFO] GYRO_DIAG: gx=+0.0017 gy=-0.0018 gz=-0.0105 | peaks: [+1.4403, +2.4587, -0.7656] | yaw=-109.4 pitch=-14.2 roll=+73.5 | mag=0.0108
21:46:05 [INFO] GYRO_DIAG: gx=+0.2937 gy=+0.0458 gz=+0.0133 | peaks: [+1.4403, +2.4587, -0.7656] | yaw=-96.8 pitch=+63.0 roll=+75.9 | mag=0.2975
21:46:06 [INFO] Loop OK - px_off=-456px, zoom=1.0, tracking=True, fps=60, has_frame=True
21:46:06 [INFO] IMU diag: raw_yaw=-179.4deg px_off=-446px yaw_r=0.50 dead=0.13 gyro_mag=0.3368 imu_count=39970 connected=True
21:46:06 [INFO] GYRO_DIAG: gx=+0.0047 gy=-0.1338 gz=-0.0056 | peaks: [+1.4403, +2.4587, -0.7656] | yaw=-187.7 pitch=-12.1 roll=+63.6 | mag=0.1340
21:46:07 [INFO] GYRO_DIAG: gx=+0.2540 gy=+0.0141 gz=-0.0099 | peaks: [+1.4403, +2.4587, -0.7656] | yaw=-104.5 pitch=+14.0 roll=+73.8 | mag=0.2546
21:46:08 [INFO] GYRO_DIAG: gx=-0.0832 gy=-0.0092 gz=-0.0038 | peaks: [+1.4403, +2.4587, -0.7656] | yaw=-108.5 pitch=+9.6 roll=+74.0 | mag=0.0838
21:46:09 [INFO] GYRO_DIAG: gx=+0.0139 gy=+0.0122 gz=+0.0035 | peaks: [+1.4403, +2.4587, -0.7656] | yaw=-110.0 pitch=+3.9 roll=+77.6 | mag=0.0188
21:46:11 [INFO] GYRO_DIAG: gx=-0.0130 gy=+0.0043 gz=-0.0105 | peaks: [+1.4403, +2.4587, -0.7656] | yaw=-111.1 pitch=-0.8 roll=+77.1 | mag=0.0173
21:46:12 [INFO] GYRO_DIAG: gx=-0.0716 gy=+1.1894 gz=+0.1067 | peaks: [+1.4403, +2.4587, -0.7656] | yaw=-225.5 pitch=-18.4 roll=+59.2 | mag=1.1963
21:46:13 [INFO] GYRO_DIAG: gx=-0.0447 gy=+0.9591 gz=+0.0463 | peaks: [+1.4403, +2.4587, -0.7656] | yaw=+3.5 pitch=-16.9 roll=+96.9 | mag=0.9612
21:46:14 [INFO] GYRO_DIAG: gx=+0.0023 gy=-0.2950 gz=-0.1669 | peaks: [+1.4403, +2.4587, -0.7656] | yaw=-411.1 pitch=+7.2 roll=+42.3 | mag=0.3390
21:46:15 [INFO] GYRO_DIAG: gx=+0.0390 gy=-0.0428 gz=-0.0307 | peaks: [+1.4403, +2.4587, -0.7656] | yaw=-32.4 pitch=-39.3 roll=+91.6 | mag=0.0655
21:46:16 [INFO] GYRO_DIAG: gx=-0.0704 gy=-1.7385 gz=-0.3630 | peaks: [+1.4403, +2.4587, -0.7656] | yaw=+1.3 pitch=-25.2 roll=+98.5 | mag=1.7774
21:46:16 [INFO] Loop OK - px_off=35px, zoom=1.0, tracking=True, fps=60, has_frame=True
21:46:16 [INFO] IMU diag: raw_yaw=-68.4deg px_off=34px yaw_r=0.50 dead=0.13 gyro_mag=0.1947 imu_count=44909 connected=True
21:46:17 [INFO] GYRO_DIAG: gx=-0.1834 gy=-0.0434 gz=-0.0191 | peaks: [+1.4403, +2.4587, -0.7656] | yaw=-73.2 pitch=+78.4 roll=+64.9 | mag=0.1894
21:46:18 [INFO] GYRO_DIAG: gx=-0.0337 gy=-0.0140 gz=-0.0044 | peaks: [+1.4403, +2.4587, -0.7656] | yaw=-81.3 pitch=-91.6 roll=+68.4 | mag=0.0368
21:46:19 [INFO] GYRO_DIAG: gx=+0.6095 gy=+0.0617 gz=+0.0353 | peaks: [+1.4403, +2.4587, -0.7656] | yaw=-71.2 pitch=+69.0 roll=+68.1 | mag=0.6136
21:46:20 [INFO] GYRO_DIAG: gx=-0.2976 gy=+0.0141 gz=-0.0344 | peaks: [+1.4403, +2.4587, -0.7656] | yaw=-73.8 pitch=+91.9 roll=+74.9 | mag=0.2999
21:46:21 [INFO] GYRO_DIAG: gx=-0.0374 gy=-0.0208 gz=-0.0044 | peaks: [+1.4403, +2.4587, -0.7656] | yaw=-74.1 pitch=-49.0 roll=+72.1 | mag=0.0430
21:46:22 [INFO] GYRO_DIAG: gx=+0.0011 gy=-0.0904 gz=-0.0173 | peaks: [+1.4403, +2.4587, -0.7656] | yaw=-78.8 pitch=+23.7 roll=+73.5 | mag=0.0920
21:46:23 [INFO] GYRO_DIAG: gx=-0.0118 gy=+0.0159 gz=+0.0457 | peaks: [+1.4403, +2.4587, -0.7656] | yaw=-109.8 pitch=-55.9 roll=+80.7 | mag=0.0498
21:46:24 [INFO] GYRO_DIAG: gx=+0.1178 gy=+0.0336 gz=+0.0017 | peaks: [+1.4403, +2.4587, -0.7656] | yaw=-101.6 pitch=-1.2 roll=+78.0 | mag=0.1225
21:46:25 [INFO] GYRO_DIAG: gx=+0.0231 gy=-0.0202 gz=-0.0234 | peaks: [+1.4403, +2.4587, -0.7656] | yaw=-102.5 pitch=-37.0 roll=+72.2 | mag=0.0385
21:46:26 [INFO] GYRO_DIAG: gx=+0.0597 gy=+0.0220 gz=+0.0053 | peaks: [+1.4403, +2.4587, -0.7656] | yaw=-101.8 pitch=+8.5 roll=+75.6 | mag=0.0639
21:46:26 [INFO] Loop OK - px_off=-51px, zoom=1.0, tracking=True, fps=60, has_frame=True
21:46:26 [INFO] IMU diag: raw_yaw=-99.0deg px_off=-50px yaw_r=0.50 dead=0.13 gyro_mag=0.0088 imu_count=49845 connected=True
21:46:27 [INFO] GYRO_DIAG: gx=-0.0050 gy=-0.0147 gz=+0.0053 | peaks: [+1.4403, +2.4587, -0.7656] | yaw=-99.2 pitch=+15.4 roll=+78.5 | mag=0.0164
21:46:28 [INFO] GYRO_DIAG: gx=+1.2002 gy=-0.0354 gz=+0.3841 | peaks: [+1.4403, +2.4587, -0.7656] | yaw=-104.4 pitch=+92.7 roll=+101.4 | mag=1.2607
21:46:29 [INFO] GYRO_DIAG: gx=-0.0020 gy=+0.0684 gz=+0.0078 | peaks: [+1.4403, +2.4587, -0.7656] | yaw=-104.5 pitch=+169.7 roll=+131.1 | mag=0.0689
21:46:30 [INFO] GYRO_DIAG: gx=+0.0353 gy=-0.0281 gz=+0.0444 | peaks: [+1.4403, +2.4587, -0.7656] | yaw=-104.7 pitch=+96.6 roll=+116.5 | mag=0.0633
21:46:31 [INFO] GYRO_DIAG: gx=-0.0136 gy=-0.0672 gz=-0.0313 | peaks: [+1.4403, +2.4587, -0.7656] | yaw=-125.2 pitch=+55.2 roll=+112.9 | mag=0.0754
21:46:32 [INFO] GYRO_DIAG: gx=+0.0017 gy=+0.0067 gz=-0.0044 | peaks: [+1.4403, +2.4587, -0.7656] | yaw=-126.9 pitch=+35.6 roll=+109.0 | mag=0.0082
21:46:33 [INFO] GYRO_DIAG: gx=-0.6611 gy=-0.0311 gz=-0.1132 | peaks: [+1.4403, +2.4587, -0.7656] | yaw=-117.9 pitch=-135.1 roll=+78.6 | mag=0.6714
21:46:34 [INFO] GYRO_DIAG: gx=-0.0221 gy=+0.0501 gz=+0.0615 | peaks: [+1.4403, +2.4587, -0.7656] | yaw=-118.0 pitch=-129.0 roll=+68.7 | mag=0.0824
21:46:35 [INFO] GYRO_DIAG: gx=+0.8728 gy=-0.0806 gz=+0.0701 | peaks: [+1.4403, +2.4587, -0.7656] | yaw=-119.1 pitch=+87.7 roll=+86.6 | mag=0.8793
21:46:36 [INFO] GYRO_DIAG: gx=+0.1819 gy=+0.0128 gz=+0.0060 | peaks: [+1.4403, +2.4587, -0.7656] | yaw=-126.3 pitch=+83.3 roll=+91.1 | mag=0.1824
21:46:36 [INFO] Loop OK - px_off=-47px, zoom=1.0, tracking=True, fps=60, has_frame=True
21:46:36 [INFO] IMU diag: raw_yaw=-122.3deg px_off=-73px yaw_r=0.50 dead=0.13 gyro_mag=1.0770 imu_count=54774 connected=True
21:46:37 [INFO] GYRO_DIAG: gx=-0.0350 gy=-0.0366 gz=-0.0118 | peaks: [+1.4403, +2.4587, -0.7656] | yaw=-113.7 pitch=-99.3 roll=+66.6 | mag=0.0520
21:46:38 [INFO] GYRO_DIAG: gx=+0.0499 gy=+0.0134 gz=-0.0130 | peaks: [+1.4403, +2.4587, -0.7656] | yaw=-112.3 pitch=-58.9 roll=+71.4 | mag=0.0533
21:46:39 [INFO] GYRO_DIAG: gx=+0.4452 gy=-0.0886 gz=+0.0634 | peaks: [+1.4403, +2.4587, -0.7656] | yaw=-119.7 pitch=-16.5 roll=+73.9 | mag=0.4583
21:46:40 [INFO] GYRO_DIAG: gx=-0.0038 gy=-0.0421 gz=-0.0197 | peaks: [+1.4403, +2.4587, -0.7656] | yaw=-111.8 pitch=+123.3 roll=+106.0 | mag=0.0467
21:46:41 [INFO] GYRO_DIAG: gx=-0.0295 gy=+0.0055 gz=-0.0056 | peaks: [+1.4403, +2.4587, -0.7656] | yaw=-111.0 pitch=+18.8 roll=+90.7 | mag=0.0305
21:46:42 [INFO] GYRO_DIAG: gx=+0.3102 gy=-0.0660 gz=+0.1067 | peaks: [+1.4403, +2.4587, -0.7656] | yaw=-118.1 pitch=+31.9 roll=+99.6 | mag=0.3346
21:46:43 [INFO] GYRO_DIAG: gx=-0.0478 gy=+0.0073 gz=-0.0417 | peaks: [+1.4403, +2.4587, -0.7656] | yaw=-122.9 pitch=+40.3 roll=+103.7 | mag=0.0638
21:46:44 [INFO] GYRO_DIAG: gx=+0.0096 gy=+0.0403 gz=-0.0008 | peaks: [+1.4403, +2.4587, -0.7656] | yaw=-122.6 pitch=+23.1 roll=+104.2 | mag=0.0415
21:46:45 [INFO] GYRO_DIAG: gx=-0.4742 gy=-0.0311 gz=-0.1217 | peaks: [+1.4403, +2.4587, -0.7656] | yaw=-124.9 pitch=-19.3 roll=+92.6 | mag=0.4905
21:46:46 [INFO] GYRO_DIAG: gx=+0.3126 gy=+0.0189 gz=+0.0273 | peaks: [+1.4403, +2.4587, -0.7656] | yaw=-130.9 pitch=+12.5 roll=+102.5 | mag=0.3144
21:46:46 [INFO] Loop OK - px_off=-115px, zoom=1.0, tracking=True, fps=60, has_frame=True
21:46:46 [INFO] IMU diag: raw_yaw=-125.8deg px_off=-114px yaw_r=0.50 dead=0.13 gyro_mag=0.0567 imu_count=59700 connected=True
21:46:47 [INFO] GYRO_DIAG: gx=+0.0047 gy=+0.0037 gz=-0.0032 | peaks: [+1.4403, +2.4587, -0.7656] | yaw=-128.4 pitch=+24.3 roll=+103.3 | mag=0.0068
21:46:48 [INFO] GYRO_DIAG: gx=-0.0087 gy=+0.0000 gz=-0.0032 | peaks: [+1.4403, +2.4587, -0.7656] | yaw=-127.8 pitch=+13.2 roll=+100.6 | mag=0.0093
21:46:49 [INFO] GYRO_DIAG: gx=-0.0038 gy=-0.0092 gz=-0.0118 | peaks: [+1.4403, +2.4587, -0.7656] | yaw=-130.3 pitch=+4.7 roll=+98.4 | mag=0.0154
21:46:50 [INFO] GYRO_DIAG: gx=-0.0160 gy=-0.0592 gz=+0.0170 | peaks: [+1.4403, +2.4587, -0.7656] | yaw=-131.5 pitch=-0.8 roll=+97.1 | mag=0.0637
21:46:51 [INFO] GYRO_DIAG: gx=-0.0423 gy=+0.0177 gz=-0.0160 | peaks: [+1.4403, +2.4587, -0.7656] | yaw=-128.2 pitch=-4.2 roll=+95.6 | mag=0.0486
21:46:52 [INFO] GYRO_DIAG: gx=-0.0105 gy=-0.0049 gz=+0.0029 | peaks: [+1.4403, +2.4587, -0.7656] | yaw=-128.3 pitch=-14.8 roll=+93.5 | mag=0.0120
21:46:53 [INFO] GYRO_DIAG: gx=+0.0218 gy=+0.0196 gz=-0.0050 | peaks: [+1.4403, +2.4587, -0.7656] | yaw=-130.4 pitch=-9.6 roll=+92.7 | mag=0.0298
21:46:54 [INFO] GYRO_DIAG: gx=+0.0915 gy=-0.0037 gz=+0.0108 | peaks: [+1.4403, +2.4587, -0.7656] | yaw=-130.7 pitch=-16.8 roll=+93.9 | mag=0.0922
21:46:55 [INFO] GYRO_DIAG: gx=-0.7246 gy=-0.1661 gz=-0.0380 | peaks: [+1.4403, +2.4587, -0.7656] | yaw=-154.2 pitch=-159.9 roll=+48.3 | mag=0.7444
21:46:56 [INFO] GYRO_DIAG: gx=+0.0078 gy=+0.0477 gz=+0.0548 | peaks: [+1.4403, +2.4587, -0.7656] | yaw=-144.7 pitch=-140.0 roll=+73.2 | mag=0.0731
21:46:56 [INFO] Loop OK - px_off=-130px, zoom=1.0, tracking=True, fps=60, has_frame=True
21:46:56 [INFO] IMU diag: raw_yaw=-137.2deg px_off=-129px yaw_r=0.50 dead=0.13 gyro_mag=0.1926 imu_count=64627 connected=True
21:46:57 [INFO] GYRO_DIAG: gx=-0.1303 gy=+0.1002 gz=+0.1086 | peaks: [+1.4403, +2.4587, -0.7656] | yaw=-136.5 pitch=-152.1 roll=+70.2 | mag=0.1970
21:46:58 [INFO] GYRO_DIAG: gx=+0.0561 gy=-0.0098 gz=+0.0078 | peaks: [+1.4403, +2.4587, -0.7656] | yaw=-124.3 pitch=-67.3 roll=+64.7 | mag=0.0574
21:46:59 [INFO] GYRO_DIAG: gx=+0.0866 gy=-0.0311 gz=-0.0240 | peaks: [+1.4403, +2.4587, -0.7656] | yaw=-128.0 pitch=-28.0 roll=+66.4 | mag=0.0951
21:47:00 [INFO] GYRO_DIAG: gx=-0.0643 gy=+0.0208 gz=+0.1196 | peaks: [+1.4403, +2.4587, -0.7656] | yaw=-145.8 pitch=-29.4 roll=+77.6 | mag=0.1373
21:47:01 [INFO] GYRO_DIAG: gx=+0.0897 gy=-0.0458 gz=+0.0762 | peaks: [+1.4403, +2.4587, -0.7656] | yaw=-139.1 pitch=-31.6 roll=+57.6 | mag=0.1263
21:47:02 [INFO] GYRO_DIAG: gx=+0.0707 gy=-0.1240 gz=-0.1003 | peaks: [+1.4403, +2.4587, -0.7656] | yaw=-169.5 pitch=+22.5 roll=+75.2 | mag=0.1745
21:47:03 [INFO] GYRO_DIAG: gx=+0.0609 gy=-0.0189 gz=-0.0258 | peaks: [+1.4403, +2.4587, -0.7656] | yaw=-193.1 pitch=+98.9 roll=+75.1 | mag=0.0688
21:47:04 [INFO] GYRO_DIAG: gx=+0.0481 gy=-0.0592 gz=-0.0111 | peaks: [+1.4403, +2.4587, -0.7656] | yaw=-211.3 pitch=+86.7 roll=+78.9 | mag=0.0771
21:47:05 [INFO] GYRO_DIAG: gx=-0.3880 gy=+0.1625 gz=+0.0377 | peaks: [+1.4403, +2.4587, -0.7656] | yaw=-218.1 pitch=-31.8 roll=+78.0 | mag=0.4224
21:47:06 [INFO] GYRO_DIAG: gx=-0.0453 gy=+0.0318 gz=+0.0518 | peaks: [+1.4403, +2.4587, -0.7656] | yaw=-186.9 pitch=-60.0 roll=+88.0 | mag=0.0758
21:47:06 [INFO] Loop OK - px_off=137px, zoom=1.0, tracking=True, fps=60, has_frame=True
21:47:06 [INFO] IMU diag: raw_yaw=174.8deg px_off=136px yaw_r=0.50 dead=0.13 gyro_mag=0.0874 imu_count=69554 connected=True
21:47:07 [INFO] GYRO_DIAG: gx=-0.1321 gy=+0.0134 gz=-0.0942 | peaks: [+1.4403, +2.4587, -0.7656] | yaw=-182.8 pitch=-61.5 roll=+63.4 | mag=0.1628
21:47:08 [INFO] GYRO_DIAG: gx=+0.1086 gy=+0.0690 gz=+0.0628 | peaks: [+1.4403, +2.4587, -0.7656] | yaw=-181.0 pitch=-16.8 roll=+67.7 | mag=0.1432
21:47:09 [INFO] GYRO_DIAG: gx=+0.0139 gy=+0.0208 gz=+0.0689 | peaks: [+1.4403, +2.4587, -0.7656] | yaw=-166.1 pitch=+14.1 roll=+59.4 | mag=0.0733
21:47:10 [INFO] GYRO_DIAG: gx=+0.0609 gy=+0.0189 gz=+0.0151 | peaks: [+1.4403, +2.4587, -0.7656] | yaw=-158.8 pitch=+31.3 roll=+76.6 | mag=0.0656
21:47:11 [INFO] GYRO_DIAG: gx=-0.0221 gy=+0.0043 gz=-0.0234 | peaks: [+1.4403, +2.4587, -0.7656] | yaw=-158.8 pitch=+54.9 roll=+88.6 | mag=0.0325
21:47:12 [INFO] GYRO_DIAG: gx=-0.0191 gy=-0.0043 gz=-0.0063 | peaks: [+1.4403, +2.4587, -0.7656] | yaw=-158.4 pitch=+22.0 roll=+83.1 | mag=0.0205
21:47:13 [INFO] GYRO_DIAG: gx=+0.0096 gy=+0.0037 gz=+0.0133 | peaks: [+1.4403, +2.4587, -0.7656] | yaw=-157.4 pitch=+13.5 roll=+83.5 | mag=0.0168
21:47:14 [INFO] GYRO_DIAG: gx=-0.0019 gy=+0.0020 gz=+0.0096 | peaks: [+1.4403, +2.4587, -0.7656] | yaw=-156.8 pitch=+10.2 roll=+82.6 | mag=0.0100
21:47:15 [INFO] GYRO_DIAG: gx=+0.0146 gy=-0.0010 gz=-0.0020 | peaks: [+1.4403, +2.4587, -0.7656] | yaw=-158.9 pitch=+8.1 roll=+80.8 | mag=0.0147
21:47:16 [INFO] Loop OK - px_off=35px, zoom=1.0, tracking=True, fps=60, has_frame=True
21:47:16 [INFO] IMU diag: raw_yaw=-159.5deg px_off=35px yaw_r=0.50 dead=0.13 gyro_mag=0.0129 imu_count=74488 connected=True
21:47:16 [INFO] GYRO_DIAG: gx=-0.0083 gy=+0.0012 gz=+0.0108 | peaks: [+1.4403, +2.4587, -0.7656] | yaw=-160.0 pitch=+3.9 roll=+80.9 | mag=0.0137
21:47:17 [INFO] GYRO_DIAG: gx=-0.0010 gy=+0.0055 gz=-0.0069 | peaks: [+1.4403, +2.4587, -0.7656] | yaw=-160.3 pitch=+1.7 roll=+80.4 | mag=0.0088
21:47:18 [INFO] GYRO_DIAG: gx=+0.0051 gy=+0.0036 gz=+0.0035 | peaks: [+1.4403, +2.4587, -0.7656] | yaw=-161.3 pitch=+0.0 roll=+79.8 | mag=0.0072
21:47:19 [INFO] GYRO_DIAG: gx=-0.0162 gy=+0.0091 gz=+0.0041 | peaks: [+1.4403, +2.4587, -0.7656] | yaw=-160.5 pitch=+4.9 roll=+80.0 | mag=0.0191
21:47:20 [INFO] GYRO_DIAG: gx=-0.0016 gy=-0.0007 gz=+0.0059 | peaks: [+1.4403, +2.4587, -0.7656] | yaw=-160.5 pitch=+1.1 roll=+79.0 | mag=0.0062
21:47:21 [INFO] GYRO_DIAG: gx=+0.0931 gy=-0.0062 gz=+0.0127 | peaks: [+1.4403, +2.4587, -0.7656] | yaw=-140.7 pitch=+211.3 roll=+106.6 | mag=0.0942
21:47:23 [INFO] GYRO_DIAG: gx=-0.0425 gy=-0.0361 gz=+0.0035 | peaks: [+1.4403, +2.4587, -0.7656] | yaw=-141.0 pitch=+141.2 roll=+114.7 | mag=0.0559
21:47:24 [INFO] GYRO_DIAG: gx=-0.0401 gy=+0.0091 gz=-0.0228 | peaks: [+1.4403, +2.4587, -0.7656] | yaw=-136.8 pitch=+72.7 roll=+113.2 | mag=0.0470
21:47:25 [INFO] GYRO_DIAG: gx=-0.0138 gy=-0.0129 gz=+0.0035 | peaks: [+1.4403, +2.4587, -0.7656] | yaw=-137.7 pitch=+32.3 roll=+109.0 | mag=0.0192
21:47:26 [INFO] GYRO_DIAG: gx=-0.0059 gy=+0.0140 gz=-0.0026 | peaks: [+1.4403, +2.4587, -0.7656] | yaw=-134.7 pitch=+21.6 roll=+110.6 | mag=0.0154
21:47:26 [INFO] Loop OK - px_off=45px, zoom=1.0, tracking=True, fps=60, has_frame=True
21:47:26 [INFO] IMU diag: raw_yaw=-133.7deg px_off=45px yaw_r=0.50 dead=0.13 gyro_mag=0.0162 imu_count=79422 connected=True
21:47:27 [INFO] GYRO_DIAG: gx=-0.0169 gy=+0.0213 gz=+0.0188 | peaks: [+1.4403, +2.4587, -0.7656] | yaw=-132.9 pitch=+6.3 roll=+110.2 | mag=0.0330
21:47:28 [INFO] GYRO_DIAG: gx=-0.0022 gy=-0.0165 gz=+0.0078 | peaks: [+1.4403, +2.4587, -0.7656] | yaw=-133.3 pitch=-4.8 roll=+107.9 | mag=0.0184
21:47:29 [INFO] GYRO_DIAG: gx=+0.2519 gy=+0.0946 gz=+0.1348 | peaks: [+1.4403, +2.4587, -0.7656] | yaw=-98.6 pitch=+49.4 roll=+136.6 | mag=0.3010
21:47:30 [INFO] GYRO_DIAG: gx=-0.4897 gy=-0.2041 gz=-0.1388 | peaks: [+1.4403, +2.4587, -0.7656] | yaw=-137.5 pitch=-272.2 roll=+50.9 | mag=0.5484
21:47:31 [INFO] GYRO_DIAG: gx=+0.0094 gy=+0.0317 gz=+0.0273 | peaks: [+1.4403, +2.4587, -0.7656] | yaw=-142.6 pitch=-191.4 roll=+55.1 | mag=0.0429
21:47:32 [INFO] GYRO_DIAG: gx=-0.0071 gy=-0.0116 gz=-0.0118 | peaks: [+1.4403, +2.4587, -0.7656] | yaw=-140.2 pitch=-113.6 roll=+63.6 | mag=0.0180
21:47:33 [INFO] GYRO_DIAG: gx=-0.0053 gy=+0.0055 gz=-0.0008 | peaks: [+1.4403, +2.4587, -0.7656] | yaw=-139.0 pitch=-67.8 roll=+68.5 | mag=0.0076
21:47:34 [INFO] GYRO_DIAG: gx=-0.0169 gy=+0.0030 gz=-0.0081 | peaks: [+1.4403, +2.4587, -0.7656] | yaw=-137.8 pitch=-45.0 roll=+71.5 | mag=0.0190
21:47:35 [INFO] GYRO_DIAG: gx=-0.0077 gy=-0.0147 gz=-0.0179 | peaks: [+1.4403, +2.4587, -0.7656] | yaw=-135.7 pitch=-29.1 roll=+73.9 | mag=0.0244
21:47:36 [INFO] GYRO_DIAG: gx=+0.0522 gy=-0.0648 gz=-0.0203 | peaks: [+1.4403, +2.4587, -0.7656] | yaw=-133.7 pitch=-12.6 roll=+70.2 | mag=0.0856
21:47:36 [INFO] Loop OK - px_off=-29px, zoom=1.0, tracking=True, fps=60, has_frame=True
21:47:36 [INFO] IMU diag: raw_yaw=-172.6deg px_off=-29px yaw_r=0.50 dead=0.13 gyro_mag=0.6154 imu_count=84355 connected=True
21:47:37 [INFO] GYRO_DIAG: gx=+0.0448 gy=-0.0275 gz=+0.0084 | peaks: [+1.4403, +2.4587, -0.7656] | yaw=-134.4 pitch=-12.7 roll=+73.7 | mag=0.0533
21:47:38 [INFO] GYRO_DIAG: gx=+0.5696 gy=-0.1393 gz=+0.1483 | peaks: [+1.5763, +2.4587, -0.7656] | yaw=-132.8 pitch=+254.9 roll=+105.2 | mag=0.6048
21:47:39 [INFO] GYRO_DIAG: gx=-0.0779 gy=-0.0007 gz=-0.0209 | peaks: [+1.5763, +2.4587, -0.7656] | yaw=-139.9 pitch=+196.7 roll=+120.0 | mag=0.0807
21:47:40 [INFO] GYRO_DIAG: gx=-0.2239 gy=+0.0458 gz=+0.0017 | peaks: [+1.5763, +2.4587, -0.7656] | yaw=-128.4 pitch=-107.9 roll=+82.9 | mag=0.2286
21:47:41 [INFO] GYRO_DIAG: gx=-0.0798 gy=-0.0116 gz=+0.0023 | peaks: [+1.5763, +2.4587, -0.7656] | yaw=-117.9 pitch=-116.8 roll=+88.6 | mag=0.0807
21:47:42 [INFO] GYRO_DIAG: gx=-0.0205 gy=-0.0007 gz=+0.0078 | peaks: [+1.5763, +2.4587, -0.7656] | yaw=-119.7 pitch=-75.1 roll=+82.2 | mag=0.0220
21:47:43 [INFO] GYRO_DIAG: gx=+0.0045 gy=+0.0061 gz=-0.0002 | peaks: [+1.5763, +2.4587, -0.7656] | yaw=-119.8 pitch=-49.5 roll=+79.0 | mag=0.0076
21:47:44 [INFO] GYRO_DIAG: gx=-0.0132 gy=-0.0037 gz=+0.0010 | peaks: [+1.5763, +2.4587, -0.7656] | yaw=-120.7 pitch=-33.6 roll=+77.9 | mag=0.0137
21:47:45 [INFO] GYRO_DIAG: gx=-0.0005 gy=+0.0047 gz=-0.0125 | peaks: [+1.5763, +2.4587, -0.7656] | yaw=-121.7 pitch=-19.0 roll=+75.1 | mag=0.0133
21:47:46 [INFO] GYRO_DIAG: gx=+0.1797 gy=+0.2900 gz=+0.1103 | peaks: [+1.5763, +2.4587, -0.7656] | yaw=-111.9 pitch=+2.2 roll=+80.2 | mag=0.3585
21:47:46 [INFO] Loop OK - px_off=39px, zoom=1.0, tracking=True, fps=60, has_frame=True
21:47:46 [INFO] IMU diag: raw_yaw=13.0deg px_off=39px yaw_r=0.11 dead=0.13 gyro_mag=0.9917 imu_count=89284 connected=True
21:47:47 [INFO] GYRO_DIAG: gx=-0.4086 gy=-0.4870 gz=-0.1444 | peaks: [+1.5763, +2.4587, -0.7656] | yaw=-257.0 pitch=+11.5 roll=+30.0 | mag=0.6519
21:47:48 [INFO] GYRO_DIAG: gx=+0.3526 gy=+0.0896 gz=+0.0040 | peaks: [+1.5763, +2.4587, -0.7656] | yaw=-128.2 pitch=+85.7 roll=+77.9 | mag=0.3638
21:47:49 [INFO] GYRO_DIAG: gx=-0.0127 gy=-0.0045 gz=+0.0132 | peaks: [+1.5763, +2.4587, -0.7656] | yaw=-140.4 pitch=-7.1 roll=+78.4 | mag=0.0189
21:47:50 [INFO] GYRO_DIAG: gx=+0.0025 gy=-0.0008 gz=-0.0027 | peaks: [+1.5763, +2.4587, -0.7656] | yaw=-140.4 pitch=-4.3 roll=+77.9 | mag=0.0038
21:47:51 [INFO] GYRO_DIAG: gx=+0.0190 gy=-0.0045 gz=-0.0070 | peaks: [+1.5763, +2.4587, -0.7656] | yaw=-139.1 pitch=+0.6 roll=+75.7 | mag=0.0208
21:47:52 [INFO] GYRO_DIAG: gx=-0.0092 gy=+0.0049 gz=+0.0021 | peaks: [+1.5763, +2.4587, -0.7656] | yaw=-138.7 pitch=+2.7 roll=+75.9 | mag=0.0107
21:47:53 [INFO] GYRO_DIAG: gx=-0.0001 gy=-0.0018 gz=-0.0083 | peaks: [+1.5763, +2.4587, -0.7656] | yaw=-137.5 pitch=+2.7 roll=+75.9 | mag=0.0085
21:47:54 [INFO] GYRO_DIAG: gx=+0.0054 gy=-0.0073 gz=-0.0009 | peaks: [+1.5763, +2.4587, -0.7656] | yaw=-137.5 pitch=+2.0 roll=+75.8 | mag=0.0092
21:47:55 [INFO] GYRO_DIAG: gx=-0.1119 gy=-1.0794 gz=-0.1280 | peaks: [+1.5763, +2.4587, -0.7656] | yaw=-249.2 pitch=-1.4 roll=+72.5 | mag=1.0927
21:47:56 [INFO] GYRO_DIAG: gx=-0.3397 gy=+0.0855 gz=+0.0412 | peaks: [+1.5763, +2.4587, -0.7656] | yaw=-199.8 pitch=+13.2 roll=+55.7 | mag=0.3527
21:47:56 [INFO] Loop OK - px_off=71px, zoom=1.0, tracking=True, fps=60, has_frame=True
21:47:56 [INFO] IMU diag: raw_yaw=174.2deg px_off=46px yaw_r=0.50 dead=0.13 gyro_mag=0.3448 imu_count=94214 connected=True
21:47:57 [INFO] GYRO_DIAG: gx=-0.1009 gy=+1.4166 gz=+0.0504 | peaks: [+1.5763, +2.4587, -0.7656] | yaw=-223.5 pitch=-9.6 roll=+87.8 | mag=1.4211
21:47:58 [INFO] GYRO_DIAG: gx=-0.0044 gy=-0.0049 gz=-0.0003 | peaks: [+1.5763, +2.4587, -0.7656] | yaw=-115.6 pitch=-13.9 roll=+78.5 | mag=0.0065
21:47:59 [INFO] GYRO_DIAG: gx=+0.0109 gy=-0.0006 gz=+0.0015 | peaks: [+1.5763, +2.4587, -0.7656] | yaw=-121.8 pitch=-6.4 roll=+75.5 | mag=0.0110
21:48:00 [INFO] GYRO_DIAG: gx=-0.0001 gy=-0.1038 gz=-0.0009 | peaks: [+1.5763, +2.4587, -0.7656] | yaw=-125.2 pitch=-3.3 roll=+76.0 | mag=0.1038
21:48:01 [INFO] GYRO_DIAG: gx=+0.2473 gy=+0.1619 gz=-0.0492 | peaks: [+1.5763, +2.4587, -0.7656] | yaw=-303.7 pitch=-18.6 roll=+37.4 | mag=0.2997
21:48:02 [INFO] GYRO_DIAG: gx=+0.0635 gy=-0.1417 gz=+0.0131 | peaks: [+1.5763, +2.4587, -0.7656] | yaw=-113.8 pitch=+77.3 roll=+69.9 | mag=0.1558
21:48:03 [INFO] GYRO_DIAG: gx=-0.0007 gy=-0.0043 gz=+0.0082 | peaks: [+1.5763, +2.4587, -0.7656] | yaw=-130.7 pitch=-16.1 roll=+69.8 | mag=0.0093
21:48:04 [INFO] GYRO_DIAG: gx=+0.0121 gy=+0.0049 gz=+0.0009 | peaks: [+1.5763, +2.4587, -0.7656] | yaw=-132.5 pitch=-6.1 roll=+71.1 | mag=0.0131
21:48:05 [INFO] GYRO_DIAG: gx=+0.0158 gy=-0.0018 gz=-0.0022 | peaks: [+1.5763, +2.4587, -0.7656] | yaw=-133.1 pitch=-1.8 roll=+70.9 | mag=0.0161
21:48:06 [INFO] GYRO_DIAG: gx=-0.0007 gy=+0.0037 gz=+0.0088 | peaks: [+1.5763, +2.4587, -0.7656] | yaw=-132.5 pitch=+2.3 roll=+70.8 | mag=0.0096
21:48:06 [INFO] Loop OK - px_off=48px, zoom=1.0, tracking=True, fps=61, has_frame=True
21:48:06 [INFO] IMU diag: raw_yaw=-131.6deg px_off=48px yaw_r=0.50 dead=0.13 gyro_mag=0.0164 imu_count=99144 connected=True
21:48:07 [INFO] GYRO_DIAG: gx=-0.0056 gy=-0.0079 gz=+0.0107 | peaks: [+1.5763, +2.4587, -0.7656] | yaw=-133.3 pitch=+2.9 roll=+69.8 | mag=0.0144
21:48:08 [INFO] GYRO_DIAG: gx=-0.0233 gy=-0.0012 gz=-0.0138 | peaks: [+1.5763, +2.4587, -0.7656] | yaw=-134.3 pitch=+1.9 roll=+70.7 | mag=0.0271
21:48:09 [INFO] GYRO_DIAG: gx=+0.2290 gy=+0.7514 gz=+0.0962 | peaks: [+1.5763, +2.4587, -0.7656] | yaw=-57.5 pitch=+15.3 roll=+84.8 | mag=0.7914
21:48:10 [INFO] GYRO_DIAG: gx=+0.0011 gy=+0.2737 gz=+0.0253 | peaks: [+1.5763, +2.4587, -0.7656] | yaw=-92.4 pitch=-9.1 roll=+90.7 | mag=0.2749
21:48:11 [INFO] GYRO_DIAG: gx=+0.0146 gy=+0.0025 gz=+0.0027 | peaks: [+1.5763, +2.4587, -0.7656] | yaw=-84.9 pitch=+0.5 roll=+86.5 | mag=0.0150
21:48:12 [INFO] GYRO_DIAG: gx=+0.0390 gy=-0.1252 gz=-0.0119 | peaks: [+1.5763, +2.4587, -0.7656] | yaw=-92.6 pitch=+6.1 roll=+80.1 | mag=0.1317
21:48:13 [INFO] GYRO_DIAG: gx=-0.3367 gy=+0.1411 gz=+0.0852 | peaks: [+1.5763, +2.4587, -0.7656] | yaw=-107.8 pitch=+11.3 roll=+87.0 | mag=0.3749
21:48:14 [INFO] GYRO_DIAG: gx=+0.0378 gy=-0.0098 gz=+0.0052 | peaks: [+1.5763, +2.4587, -0.7656] | yaw=-132.1 pitch=-13.6 roll=+71.1 | mag=0.0394
21:48:15 [INFO] GYRO_DIAG: gx=-0.0086 gy=+0.0128 gz=-0.0009 | peaks: [+1.5763, +2.4587, -0.7656] | yaw=-134.7 pitch=-4.5 roll=+68.5 | mag=0.0155
21:48:16 [INFO] GYRO_DIAG: gx=+0.0079 gy=-0.0024 gz=-0.0040 | peaks: [+1.5763, +2.4587, -0.7656] | yaw=-134.6 pitch=+0.4 roll=+69.8 | mag=0.0091
21:48:16 [INFO] Loop OK - px_off=67px, zoom=1.0, tracking=True, fps=60, has_frame=True
21:48:16 [INFO] IMU diag: raw_yaw=-134.0deg px_off=67px yaw_r=0.50 dead=0.09 gyro_mag=0.0159 imu_count=104077 connected=True
21:48:17 [INFO] GYRO_DIAG: gx=+0.0079 gy=+0.0073 gz=+0.0076 | peaks: [+1.5763, +2.4587, -0.7656] | yaw=-134.6 pitch=+2.7 roll=+69.7 | mag=0.0132
21:48:18 [INFO] GYRO_DIAG: gx=-0.0160 gy=-0.0006 gz=-0.0101 | peaks: [+1.5763, +2.4587, -0.7656] | yaw=-130.1 pitch=+29.6 roll=+75.2 | mag=0.0189
21:48:19 [INFO] GYRO_DIAG: gx=+0.0011 gy=+0.0135 gz=-0.0083 | peaks: [+1.5763, +2.4587, -0.7656] | yaw=-131.9 pitch=+13.4 roll=+74.2 | mag=0.0158
21:48:20 [INFO] GYRO_DIAG: gx=+0.0005 gy=-0.0104 gz=-0.0162 | peaks: [+1.5763, +2.4587, -0.7656] | yaw=-132.4 pitch=+8.9 roll=+72.2 | mag=0.0192
21:48:21 [INFO] GYRO_DIAG: gx=+0.0195 gy=+0.0043 gz=+0.0052 | peaks: [+1.5763, +2.4587, -0.7656] | yaw=-133.1 pitch=+13.0 roll=+72.0 | mag=0.0206
21:48:22 [INFO] GYRO_DIAG: gx=-0.0068 gy=-0.0037 gz=-0.0009 | peaks: [+1.5763, +2.4587, -0.7656] | yaw=-132.8 pitch=+10.0 roll=+73.6 | mag=0.0078
21:48:23 [INFO] GYRO_DIAG: gx=+0.0360 gy=+0.0018 gz=+0.0046 | peaks: [+1.5763, +2.4587, -0.7656] | yaw=-132.0 pitch=+10.5 roll=+73.6 | mag=0.0363
21:48:24 [INFO] GYRO_DIAG: gx=-0.0380 gy=-0.0061 gz=+0.0009 | peaks: [+1.5763, +2.4587, -0.7656] | yaw=-137.5 pitch=+2.9 roll=+75.1 | mag=0.0384
21:48:25 [INFO] GYRO_DIAG: gx=+0.0683 gy=+0.0171 gz=+0.0174 | peaks: [+1.5763, +2.4587, -0.7656] | yaw=-134.5 pitch=+11.0 roll=+76.3 | mag=0.0726
21:48:26 [INFO] GYRO_DIAG: gx=-0.0227 gy=-0.0128 gz=-0.0278 | peaks: [+1.7293, +2.4587, -0.7656] | yaw=-114.4 pitch=+227.5 roll=+127.9 | mag=0.0381
21:48:26 [INFO] Loop OK - px_off=186px, zoom=1.0, tracking=True, fps=60, has_frame=True
21:48:26 [INFO] IMU diag: raw_yaw=-114.1deg px_off=184px yaw_r=0.50 dead=0.09 gyro_mag=0.0877 imu_count=109009 connected=True
21:48:27 [INFO] Hotkeys triggered: {'toggle_settings'}
21:48:27 [INFO] Settings panel: hidden (click-through: ON)
21:48:27 [INFO] GYRO_DIAG: gx=-0.0153 gy=+0.0171 gz=+0.0040 | peaks: [+1.7293, +2.4587, -0.7656] | yaw=-115.7 pitch=+93.4 roll=+106.3 | mag=0.0233
21:48:28 [INFO] GYRO_DIAG: gx=-0.0166 gy=+0.0006 gz=-0.0046 | peaks: [+1.7293, +2.4587, -0.7656] | yaw=-118.0 pitch=+55.3 roll=+102.1 | mag=0.0172
21:48:29 [INFO] GYRO_DIAG: gx=-0.0208 gy=+0.0269 gz=+0.0040 | peaks: [+1.7293, +2.4587, -0.7656] | yaw=-115.9 pitch=+43.6 roll=+105.7 | mag=0.0343
21:48:30 [INFO] GYRO_DIAG: gx=-0.0380 gy=+0.0556 gz=-0.0321 | peaks: [+1.7293, +2.4587, -0.7656] | yaw=-109.6 pitch=+29.1 roll=+103.6 | mag=0.0746
21:48:31 [INFO] GYRO_DIAG: gx=-0.0074 gy=-0.0037 gz=-0.0235 | peaks: [+1.7293, +2.4587, -0.7656] | yaw=-102.8 pitch=+14.6 roll=+100.3 | mag=0.0249
21:48:32 [INFO] GYRO_DIAG: gx=-0.0233 gy=-0.0018 gz=-0.0101 | peaks: [+1.7293, +2.4587, -0.7656] | yaw=-103.8 pitch=+3.1 roll=+99.2 | mag=0.0254
21:48:33 [INFO] GYRO_DIAG: gx=-0.0263 gy=-0.0104 gz=+0.0156 | peaks: [+1.7293, +2.4587, -0.7656] | yaw=-107.7 pitch=-1.4 roll=+97.6 | mag=0.0323
21:48:34 [INFO] Hotkeys triggered: {'toggle_hud'}
21:48:34 [INFO] HUD: OFF
21:48:34 [INFO] GYRO_DIAG: gx=+0.0457 gy=-0.0226 gz=+0.0241 | peaks: [+1.7293, +2.4587, -0.7656] | yaw=-116.8 pitch=-5.0 roll=+95.4 | mag=0.0564
21:48:36 [INFO] GYRO_DIAG: gx=-0.0416 gy=+0.0642 gz=-0.0779 | peaks: [+1.7293, +2.4587, -0.7656] | yaw=-160.5 pitch=+68.9 roll=+137.4 | mag=0.1092
21:48:36 [INFO] Loop OK - px_off=-119px, zoom=1.0, tracking=True, fps=61, has_frame=True
21:48:36 [INFO] IMU diag: raw_yaw=-155.5deg px_off=-118px yaw_r=0.50 dead=0.09 gyro_mag=0.0691 imu_count=113941 connected=True
21:48:37 [INFO] GYRO_DIAG: gx=+0.0647 gy=+0.0244 gz=+0.0088 | peaks: [+1.7293, +2.4587, -0.7656] | yaw=-154.0 pitch=+48.9 roll=+121.1 | mag=0.0697
21:48:38 [INFO] GYRO_DIAG: gx=-0.0764 gy=+0.0196 gz=+0.0217 | peaks: [+1.7293, +2.4587, -0.7656] | yaw=-143.3 pitch=+46.3 roll=+114.7 | mag=0.0818
21:48:39 [INFO] GYRO_DIAG: gx=+0.1471 gy=-0.0605 gz=-0.1585 | peaks: [+1.7293, +2.4587, -0.7656] | yaw=-130.7 pitch=+20.2 roll=+89.7 | mag=0.2246
21:48:40 [INFO] GYRO_DIAG: gx=-0.0612 gy=+0.0110 gz=-0.0565 | peaks: [+1.7293, +2.4587, -0.7656] | yaw=-145.4 pitch=+15.3 roll=+90.3 | mag=0.0840
21:48:41 [INFO] GYRO_DIAG: gx=+0.0042 gy=+0.0116 gz=-0.0113 | peaks: [+1.7293, +2.4587, -0.7656] | yaw=-149.6 pitch=+13.2 roll=+94.5 | mag=0.0168
21:48:42 [INFO] GYRO_DIAG: gx=-0.0251 gy=+0.0196 gz=-0.0064 | peaks: [+1.7293, +2.4587, -0.7656] | yaw=-148.8 pitch=+8.1 roll=+99.3 | mag=0.0325
21:48:43 [INFO] GYRO_DIAG: gx=+0.0018 gy=-0.0030 gz=-0.0022 | peaks: [+1.7293, +2.4587, -0.7656] | yaw=-148.7 pitch=+7.3 roll=+105.1 | mag=0.0041
21:48:44 [INFO] GYRO_DIAG: gx=-0.0190 gy=-0.0140 gz=+0.0076 | peaks: [+1.7293, +2.4587, -0.7656] | yaw=-149.9 pitch=+3.9 roll=+107.7 | mag=0.0248
21:48:45 [INFO] GYRO_DIAG: gx=+0.0152 gy=-0.0073 gz=-0.0046 | peaks: [+1.7293, +2.4587, -0.7656] | yaw=-149.7 pitch=+2.5 roll=+109.4 | mag=0.0175
21:48:46 [INFO] GYRO_DIAG: gx=+0.0121 gy=+0.0018 gz=+0.0003 | peaks: [+1.7293, +2.4587, -0.7656] | yaw=-151.6 pitch=+3.5 roll=+110.4 | mag=0.0123
21:48:46 [INFO] Loop OK - px_off=-28px, zoom=1.0, tracking=True, fps=61, has_frame=True
21:48:46 [INFO] IMU diag: raw_yaw=-148.4deg px_off=-28px yaw_r=0.50 dead=0.09 gyro_mag=0.0038 imu_count=118875 connected=True
21:48:47 [INFO] GYRO_DIAG: gx=-0.0001 gy=-0.0238 gz=-0.0107 | peaks: [+1.7293, +2.4587, -0.7656] | yaw=-148.7 pitch=+2.3 roll=+112.6 | mag=0.0261
21:48:48 [INFO] GYRO_DIAG: gx=-0.0037 gy=+0.0049 gz=-0.0077 | peaks: [+1.7293, +2.4587, -0.7656] | yaw=-150.4 pitch=+2.1 roll=+112.1 | mag=0.0098
21:48:49 [INFO] GYRO_DIAG: gx=+0.0195 gy=+0.0275 gz=+0.0211 | peaks: [+1.7293, +2.4587, -0.7656] | yaw=-146.0 pitch=+2.8 roll=+114.7 | mag=0.0397
21:48:50 [INFO] GYRO_DIAG: gx=-0.0080 gy=-0.0098 gz=-0.0015 | peaks: [+1.7293, +2.4587, -0.7656] | yaw=-139.8 pitch=+3.6 roll=+116.6 | mag=0.0127
21:48:51 [INFO] GYRO_DIAG: gx=-0.0050 gy=-0.0208 gz=-0.0089 | peaks: [+1.7293, +2.4587, -0.7656] | yaw=-142.7 pitch=+4.4 roll=+114.5 | mag=0.0231
21:48:52 [INFO] GYRO_DIAG: gx=-0.0031 gy=-0.0067 gz=-0.0144 | peaks: [+1.7293, +2.4587, -0.7656] | yaw=-143.1 pitch=+3.0 roll=+114.5 | mag=0.0162
21:48:53 [INFO] GYRO_DIAG: gx=-0.0013 gy=+0.0025 gz=-0.0015 | peaks: [+1.7293, +2.4587, -0.7656] | yaw=-143.3 pitch=+2.9 roll=+114.3 | mag=0.0032
21:48:54 [INFO] GYRO_DIAG: gx=+0.0005 gy=+0.0055 gz=+0.0009 | peaks: [+1.7293, +2.4587, -0.7656] | yaw=-143.9 pitch=+1.2 roll=+113.7 | mag=0.0056
21:48:55 [INFO] GYRO_DIAG: gx=+0.0024 gy=+0.0055 gz=+0.0021 | peaks: [+1.7293, +2.4587, -0.7656] | yaw=-142.5 pitch=+1.9 roll=+113.9 | mag=0.0064
21:48:56 [INFO] GYRO_DIAG: gx=+0.0048 gy=+0.0055 gz=+0.0052 | peaks: [+1.7293, +2.4587, -0.7656] | yaw=-143.2 pitch=+1.7 roll=+113.3 | mag=0.0090
21:48:56 [INFO] Loop OK - px_off=-14px, zoom=1.0, tracking=True, fps=60, has_frame=True
21:48:56 [INFO] IMU diag: raw_yaw=-142.7deg px_off=-14px yaw_r=0.50 dead=0.09 gyro_mag=0.0076 imu_count=123804 connected=True
21:48:57 [INFO] GYRO_DIAG: gx=+0.0005 gy=-0.0012 gz=+0.0021 | peaks: [+1.7293, +2.4587, -0.7656] | yaw=-142.5 pitch=+1.0 roll=+113.6 | mag=0.0025
21:48:58 [INFO] GYRO_DIAG: gx=+0.0073 gy=+0.0086 gz=+0.0040 | peaks: [+1.7293, +2.4587, -0.7656] | yaw=-142.9 pitch=+1.5 roll=+113.5 | mag=0.0119
21:48:59 [INFO] GYRO_DIAG: gx=+0.0054 gy=+0.0055 gz=-0.0015 | peaks: [+1.7293, +2.4587, -0.7656] | yaw=-142.4 pitch=+1.2 roll=+113.6 | mag=0.0079
21:49:00 [INFO] GYRO_DIAG: gx=-0.0031 gy=-0.0018 gz=+0.0040 | peaks: [+1.7293, +2.4587, -0.7656] | yaw=-141.8 pitch=+1.0 roll=+113.6 | mag=0.0054
21:49:01 [INFO] GYRO_DIAG: gx=+0.0018 gy=-0.0049 gz=-0.0003 | peaks: [+1.7293, +2.4587, -0.7656] | yaw=-142.5 pitch=+1.2 roll=+113.5 | mag=0.0052
21:49:02 [INFO] GYRO_DIAG: gx=+0.0030 gy=+0.0098 gz=+0.0040 | peaks: [+1.7293, +2.4587, -0.7656] | yaw=-141.7 pitch=+0.6 roll=+113.7 | mag=0.0110
21:49:03 [INFO] GYRO_DIAG: gx=+0.0054 gy=+0.0110 gz=+0.0043 | peaks: [+1.7293, +2.4587, -0.7656] | yaw=-141.3 pitch=+1.3 roll=+113.5 | mag=0.0130
21:49:04 [INFO] Hotkeys triggered: {'quit'}
21:49:04 [INFO] Quit requested
21:50:39 [INFO] ============================================================
21:50:39 [INFO] AirPin starting...
21:50:39 [INFO] Args: Namespace(no_imu=False, no_audio=False, monitor=0, sensitivity=None, fps=None)
21:50:39 [INFO] Displays found: 2, target_monitor=0
21:50:39 [INFO]   [0] Monitor 0 @ (0,0) 1920x1080
21:50:39 [INFO]   [1] Monitor 1 @ (-3840,0) 3840x2160
21:50:39 [INFO] IMU tracker started and recentered
21:50:39 [INFO] Screen capture started: 1920x1080
21:50:40 [INFO] Renderer initialized: 1920x1080 at (0,0), hwnd=31265866
21:50:40 [INFO] Target display: Monitor 0 (1920x1080) at (0,0)
21:50:40 [INFO] GYRO_DIAG: gx=+0.0054 gy=+0.0035 gz=-0.0056 | peaks: [+0.0121, +0.0243, +0.0133] | yaw=+4.1 pitch=+14.0 roll=-52.0 | mag=0.0086
21:50:41 [INFO] GYRO_DIAG: gx=+0.0005 gy=-0.0087 gz=+0.0066 | peaks: [+0.0121, +0.0243, +0.0139] | yaw=-0.5 pitch=+16.3 roll=-50.0 | mag=0.0109
21:50:42 [INFO] GYRO_DIAG: gx=+0.0006 gy=+0.0179 gz=-0.0093 | peaks: [-0.0159, +0.0301, -0.0245] | yaw=+2.1 pitch=+14.8 roll=-51.0 | mag=0.0201
21:50:43 [INFO] GYRO_DIAG: gx=-0.0972 gy=+0.0118 gz=-0.2732 | peaks: [-0.1014, +0.0649, -0.2744] | yaw=+6.2 pitch=+5.7 roll=-70.9 | mag=0.2902
21:50:44 [INFO] GYRO_DIAG: gx=+1.2950 gy=-0.2039 gz=-0.5444 | peaks: [+2.2663, -1.2949, +1.9956] | yaw=+1.2 pitch=+352.0 roll=+177.7 | mag=1.4195
21:50:45 [INFO] GYRO_DIAG: gx=+0.6902 gy=+0.1608 gz=+0.1184 | peaks: [+3.2046, -1.4348, +1.9956] | yaw=-283.1 pitch=+732.4 roll=+129.3 | mag=0.7186
21:50:47 [INFO] GYRO_DIAG: gx=-0.0141 gy=-0.5240 gz=+0.1373 | peaks: [+3.2046, -1.4348, +1.9956] | yaw=-232.1 pitch=+457.3 roll=+121.2 | mag=0.5419
21:50:48 [INFO] GYRO_DIAG: gx=-0.1680 gy=+0.3264 gz=+0.3298 | peaks: [+3.2046, -1.4348, +1.9956] | yaw=-106.7 pitch=+301.8 roll=+127.3 | mag=0.4934
21:50:49 [INFO] GYRO_DIAG: gx=-0.0678 gy=+0.3606 gz=+0.0683 | peaks: [+3.2046, +1.4424, +1.9956] | yaw=+228.7 pitch=+173.5 roll=+194.9 | mag=0.3732
21:50:50 [INFO] GYRO_DIAG: gx=-0.6243 gy=-1.0389 gz=-0.2958 | peaks: [+3.2046, +1.4430, +1.9956] | yaw=+451.0 pitch=+90.0 roll=+99.6 | mag=1.2477
21:50:50 [INFO] Loop OK - px_off=-253px, zoom=1.0, tracking=True, fps=60, has_frame=True
21:50:50 [INFO] IMU diag: raw_yaw=71.0deg px_off=-247px yaw_r=0.50 dead=0.09 gyro_mag=1.4802 imu_count=5014 connected=True
21:50:51 [INFO] GYRO_DIAG: gx=+0.5870 gy=+0.2524 gz=-0.3477 | peaks: [+3.2046, +1.4430, +1.9956] | yaw=+376.4 pitch=-192.2 roll=-1.1 | mag=0.7275
21:50:52 [INFO] GYRO_DIAG: gx=+0.1301 gy=+0.0166 gz=-0.5920 | peaks: [+3.2046, -4.0108, +4.3841] | yaw=-308.3 pitch=-411.0 roll=-20.5 | mag=0.6064
21:50:53 [INFO] GYRO_DIAG: gx=-1.0971 gy=-0.2161 gz=-0.6476 | peaks: [+3.2046, -4.0108, +4.3841] | yaw=-665.2 pitch=-661.8 roll=-197.3 | mag=1.2922
21:50:54 [INFO] GYRO_DIAG: gx=+1.0067 gy=+0.2640 gz=+0.8814 | peaks: [+3.2046, -4.0108, +4.3841] | yaw=-636.1 pitch=-374.4 roll=-105.7 | mag=1.3638
21:50:55 [INFO] GYRO_DIAG: gx=+0.7947 gy=+0.5713 gz=+1.1960 | peaks: [+3.2046, -4.0108, +4.3841] | yaw=-382.3 pitch=-176.2 roll=+137.7 | mag=1.5454
21:50:56 [INFO] GYRO_DIAG: gx=+1.7299 gy=+0.1871 gz=-0.4008 | peaks: [+3.2046, -4.0108, +4.3841] | yaw=+74.4 pitch=-33.3 roll=+174.1 | mag=1.7856
21:50:57 [INFO] GYRO_DIAG: gx=+1.1178 gy=-0.3413 gz=-0.0575 | peaks: [+3.2046, -4.0108, +4.3841] | yaw=+117.4 pitch=+315.0 roll=+180.2 | mag=1.1702
21:50:58 [INFO] GYRO_DIAG: gx=+0.2077 gy=-0.5221 gz=-0.1064 | peaks: [+3.2046, -4.0108, +4.3841] | yaw=-25.6 pitch=+360.2 roll=+29.3 | mag=0.5719
21:50:59 [INFO] GYRO_DIAG: gx=+0.6169 gy=-0.0945 gz=-0.1204 | peaks: [+3.2046, -4.0108, +4.3841] | yaw=-88.8 pitch=+200.0 roll=+9.2 | mag=0.6357
21:51:00 [INFO] Loop OK - px_off=-560px, zoom=1.0, tracking=True, fps=60, has_frame=True
21:51:00 [INFO] IMU diag: raw_yaw=-117.2deg px_off=-583px yaw_r=0.50 dead=0.09 gyro_mag=0.5717 imu_count=9946 connected=True
21:51:00 [INFO] GYRO_DIAG: gx=+0.8955 gy=+0.0429 gz=+0.5601 | peaks: [+3.2046, -4.0108, +4.3841] | yaw=-130.0 pitch=+192.3 roll=+22.2 | mag=1.0571
21:51:01 [INFO] GYRO_DIAG: gx=+0.3891 gy=-0.1019 gz=-0.1693 | peaks: [+3.2046, -4.0108, +4.3841] | yaw=-119.9 pitch=+182.4 roll=+90.2 | mag=0.4364
21:51:02 [INFO] GYRO_DIAG: gx=+0.1344 gy=+0.2085 gz=-0.0135 | peaks: [+3.2046, -4.0108, +4.3841] | yaw=-153.2 pitch=+184.2 roll=+63.6 | mag=0.2484
21:51:03 [INFO] GYRO_DIAG: gx=-0.0342 gy=+0.0289 gz=+0.0207 | peaks: [+3.2046, -4.0108, +4.3841] | yaw=-149.9 pitch=+107.3 roll=+79.3 | mag=0.0493
21:51:04 [INFO] Hotkeys triggered: {'recenter'}
21:51:04 [INFO] Recentered
21:51:04 [INFO] GYRO_DIAG: gx=+0.5650 gy=+0.1138 gz=+0.0017 | peaks: [+3.2046, -4.0108, +4.3841] | yaw=-137.0 pitch=+77.3 roll=+87.9 | mag=0.5764
21:51:05 [INFO] Hotkeys triggered: {'recenter'}
21:51:05 [INFO] Recentered
21:51:05 [INFO] GYRO_DIAG: gx=-0.0306 gy=-0.0017 gz=-0.0166 | peaks: [+3.2046, -4.0108, +4.3841] | yaw=-130.4 pitch=+54.8 roll=+89.5 | mag=0.0348
21:51:06 [INFO] GYRO_DIAG: gx=+0.2846 gy=-0.0053 gz=-0.0215 | peaks: [+3.2046, -4.0108, +4.3841] | yaw=-138.8 pitch=-4.6 roll=+85.8 | mag=0.2855
21:51:07 [INFO] GYRO_DIAG: gx=-0.0019 gy=+0.0136 gz=+0.0133 | peaks: [+3.2046, -4.0108, +4.3841] | yaw=-132.4 pitch=+5.9 roll=+95.9 | mag=0.0191
21:51:08 [INFO] GYRO_DIAG: gx=+0.0097 gy=+0.0038 gz=+0.0023 | peaks: [+3.2046, -4.0108, +4.3841] | yaw=-131.1 pitch=+2.5 roll=+93.8 | mag=0.0107
21:51:08 [INFO] Hotkeys triggered: {'toggle_settings'}
21:51:08 [INFO] Settings panel: shown (click-through: OFF)
21:51:09 [INFO] GYRO_DIAG: gx=+0.0152 gy=+0.0063 gz=+0.0017 | peaks: [+3.2046, -4.0108, +4.3841] | yaw=-128.6 pitch=+4.6 roll=+92.9 | mag=0.0166
21:51:10 [INFO] Loop OK - px_off=-121px, zoom=1.0, tracking=True, fps=60, has_frame=True
21:51:10 [INFO] IMU diag: raw_yaw=-3.7deg px_off=-202px yaw_r=0.50 dead=0.09 gyro_mag=0.4984 imu_count=14878 connected=True
21:51:10 [INFO] GYRO_DIAG: gx=+0.0427 gy=-0.0786 gz=-0.2389 | peaks: [+3.2046, -4.0108, +4.3841] | yaw=-170.5 pitch=-3.4 roll=+61.3 | mag=0.2552
21:51:11 [INFO] GYRO_DIAG: gx=-0.0452 gy=+0.1138 gz=-0.0221 | peaks: [+3.2046, -4.0108, +4.3841] | yaw=-153.7 pitch=-93.4 roll=+85.6 | mag=0.1244
21:51:12 [INFO] GYRO_DIAG: gx=-0.0446 gy=+0.0112 gz=+0.0805 | peaks: [+3.2046, -4.0108, +4.3841] | yaw=-132.0 pitch=+17.3 roll=+79.8 | mag=0.0927
21:51:13 [INFO] GYRO_DIAG: gx=+0.0049 gy=+0.0069 gz=+0.0060 | peaks: [+3.2046, -4.0108, +4.3841] | yaw=-124.3 pitch=+13.4 roll=+91.6 | mag=0.0103
21:51:14 [INFO] GYRO_DIAG: gx=+0.0122 gy=-0.0084 gz=-0.0068 | peaks: [+3.2046, -4.0108, +4.3841] | yaw=-122.1 pitch=+8.9 roll=+93.9 | mag=0.0163
21:51:15 [INFO] GYRO_DIAG: gx=+0.0012 gy=-0.0035 gz=-0.0044 | peaks: [+3.2046, -4.0108, +4.3841] | yaw=-121.5 pitch=+5.8 roll=+93.3 | mag=0.0057
21:51:16 [INFO] GYRO_DIAG: gx=-0.0025 gy=-0.0017 gz=+0.0030 | peaks: [+3.2046, -4.0108, +4.3841] | yaw=-121.1 pitch=+2.5 roll=+93.2 | mag=0.0042
21:51:17 [INFO] GYRO_DIAG: gx=-0.1766 gy=+0.2335 gz=+0.2100 | peaks: [+3.2046, -4.0108, +4.3841] | yaw=-170.3 pitch=-7.9 roll=+70.0 | mag=0.3603
21:51:18 [INFO] GYRO_DIAG: gx=-0.0404 gy=-0.0133 gz=+0.0121 | peaks: [+3.2046, -4.0108, +4.3841] | yaw=-129.4 pitch=+12.4 roll=+98.5 | mag=0.0442
21:51:19 [INFO] GYRO_DIAG: gx=+0.2193 gy=-0.0169 gz=-0.0044 | peaks: [+3.2046, -4.0108, +4.3841] | yaw=-128.4 pitch=-55.8 roll=+97.0 | mag=0.2200
21:51:20 [INFO] Loop OK - px_off=98px, zoom=1.0, tracking=True, fps=60, has_frame=True
21:51:20 [INFO] IMU diag: raw_yaw=4.3deg px_off=97px yaw_r=0.50 dead=0.09 gyro_mag=0.0171 imu_count=19808 connected=True
21:51:20 [INFO] GYRO_DIAG: gx=-0.0037 gy=+0.0148 gz=+0.0042 | peaks: [+3.2046, -4.0108, +4.3841] | yaw=-124.4 pitch=-18.1 roll=+94.4 | mag=0.0158
21:51:21 [INFO] GYRO_DIAG: gx=+0.0067 gy=+0.0252 gz=-0.0019 | peaks: [+3.2046, -4.0108, +4.3841] | yaw=-121.4 pitch=-6.9 roll=+92.9 | mag=0.0261
21:51:22 [INFO] GYRO_DIAG: gx=+0.1710 gy=+0.0362 gz=-0.0862 | peaks: [+3.2046, -4.0108, +4.3841] | yaw=-123.7 pitch=+176.8 roll=+121.9 | mag=0.1949
21:51:23 [INFO] GYRO_DIAG: gx=+0.0073 gy=-0.0365 gz=-0.0245 | peaks: [+3.2046, -4.0108, +4.3841] | yaw=-140.2 pitch=+137.4 roll=+110.6 | mag=0.0446
21:51:24 [INFO] GYRO_DIAG: gx=+0.0629 gy=+0.0472 gz=+0.0201 | peaks: [+3.2046, -4.0108, +4.3841] | yaw=-137.4 pitch=+80.6 roll=+118.1 | mag=0.0811
21:51:25 [INFO] GYRO_DIAG: gx=-0.0129 gy=-0.0011 gz=-0.0074 | peaks: [+3.2046, -4.0108, +4.3841] | yaw=-140.2 pitch=+48.4 roll=+111.8 | mag=0.0149
21:51:26 [INFO] GYRO_DIAG: gx=-0.0080 gy=-0.0304 gz=-0.0288 | peaks: [+3.2046, -4.0108, +4.3841] | yaw=-138.2 pitch=+20.7 roll=+109.5 | mag=0.0426
21:51:27 [INFO] GYRO_DIAG: gx=+0.0061 gy=-0.0029 gz=+0.0005 | peaks: [+3.2046, -4.0108, +4.3841] | yaw=-138.3 pitch=+10.5 roll=+107.8 | mag=0.0068
21:51:28 [INFO] GYRO_DIAG: gx=-0.0098 gy=-0.0096 gz=-0.0032 | peaks: [+3.2046, -4.0108, +4.3841] | yaw=-138.8 pitch=+4.7 roll=+110.6 | mag=0.0141
21:51:29 [INFO] GYRO_DIAG: gx=-0.0049 gy=+0.0044 gz=+0.0060 | peaks: [+3.2046, -4.0108, +4.3841] | yaw=-137.0 pitch=+1.9 roll=+112.1 | mag=0.0089
21:51:30 [INFO] Loop OK - px_off=49px, zoom=1.0, tracking=True, fps=60, has_frame=True
21:51:30 [INFO] IMU diag: raw_yaw=-6.1deg px_off=49px yaw_r=0.50 dead=0.09 gyro_mag=0.0089 imu_count=24738 connected=True
21:51:30 [INFO] GYRO_DIAG: gx=-0.0000 gy=+0.0215 gz=+0.0066 | peaks: [+3.2046, -4.0108, +4.3841] | yaw=-135.8 pitch=+0.6 roll=+112.4 | mag=0.0225
21:51:31 [INFO] GYRO_DIAG: gx=+0.0049 gy=+0.0002 gz=+0.0078 | peaks: [+3.2046, -4.0108, +4.3841] | yaw=-135.8 pitch=-2.8 roll=+112.9 | mag=0.0092
21:51:32 [INFO] GYRO_DIAG: gx=+0.0079 gy=+0.0160 gz=+0.0048 | peaks: [+3.2046, -4.0108, +4.3841] | yaw=-133.8 pitch=-2.5 roll=+113.5 | mag=0.0185
21:51:33 [INFO] GYRO_DIAG: gx=+0.0061 gy=+0.0124 gz=-0.0013 | peaks: [+3.2046, -4.0108, +4.3841] | yaw=-133.4 pitch=-2.3 roll=+113.2 | mag=0.0138
21:51:34 [INFO] GYRO_DIAG: gx=-0.0013 gy=+0.0069 gz=+0.0115 | peaks: [+3.2046, -4.0108, +4.3841] | yaw=-133.9 pitch=-3.7 roll=+113.6 | mag=0.0135
21:51:36 [INFO] GYRO_DIAG: gx=+0.0128 gy=+0.0203 gz=-0.0038 | peaks: [+3.2046, -4.0108, +4.3841] | yaw=-131.6 pitch=-3.3 roll=+113.3 | mag=0.0243
21:51:37 [INFO] GYRO_DIAG: gx=-0.0086 gy=+0.0142 gz=+0.0011 | peaks: [+3.2046, -4.0108, +4.3841] | yaw=-130.4 pitch=-3.3 roll=+113.5 | mag=0.0166
21:51:38 [INFO] GYRO_DIAG: gx=+0.0085 gy=+0.0166 gz=+0.0060 | peaks: [+3.2046, -4.0108, +4.3841] | yaw=-129.0 pitch=-5.1 roll=+114.2 | mag=0.0196
21:51:39 [INFO] GYRO_DIAG: gx=-0.0043 gy=+0.0173 gz=+0.0054 | peaks: [+3.2046, -4.0108, +4.3841] | yaw=-127.3 pitch=-3.5 roll=+113.7 | mag=0.0186
21:51:40 [INFO] GYRO_DIAG: gx=-0.0055 gy=+0.0185 gz=-0.0001 | peaks: [+3.2046, -4.0108, +4.3841] | yaw=-127.7 pitch=-4.6 roll=+113.7 | mag=0.0193
21:51:40 [INFO] Loop OK - px_off=34px, zoom=1.0, tracking=True, fps=60, has_frame=True
21:51:40 [INFO] IMU diag: raw_yaw=3.1deg px_off=34px yaw_r=0.50 dead=0.09 gyro_mag=0.0023 imu_count=29670 connected=True
21:51:41 [INFO] GYRO_DIAG: gx=+0.0012 gy=+0.0142 gz=+0.0005 | peaks: [+3.2046, -4.0108, +4.3841] | yaw=-126.4 pitch=-4.0 roll=+113.8 | mag=0.0143
21:51:42 [INFO] GYRO_DIAG: gx=+0.0091 gy=+0.0258 gz=+0.0017 | peaks: [+3.2046, -4.0108, +4.3841] | yaw=-126.7 pitch=-3.5 roll=+113.7 | mag=0.0274
21:51:43 [INFO] GYRO_DIAG: gx=-0.0074 gy=-0.0017 gz=+0.0097 | peaks: [+3.2046, -4.0108, +4.3841] | yaw=-126.7 pitch=-4.7 roll=+114.2 | mag=0.0123
21:51:44 [INFO] GYRO_DIAG: gx=-0.0006 gy=-0.0115 gz=+0.0011 | peaks: [+3.2046, -4.0108, +4.3841] | yaw=-124.7 pitch=-3.8 roll=+113.7 | mag=0.0115
21:51:45 [INFO] GYRO_DIAG: gx=-0.0025 gy=+0.0050 gz=+0.0060 | peaks: [+3.2046, -4.0108, +4.3841] | yaw=-124.1 pitch=-3.4 roll=+114.0 | mag=0.0082
21:51:46 [INFO] GYRO_DIAG: gx=+0.0158 gy=+0.0069 gz=-0.0007 | peaks: [+3.2046, -4.0108, +4.3841] | yaw=-122.6 pitch=-5.6 roll=+114.4 | mag=0.0173
21:51:47 [INFO] GYRO_DIAG: gx=-0.0746 gy=+0.0484 gz=+0.0396 | peaks: [+3.2046, -4.0108, +4.3841] | yaw=-112.3 pitch=-22.4 roll=+105.7 | mag=0.0973
21:51:48 [INFO] GYRO_DIAG: gx=-0.0239 gy=-0.0444 gz=+0.0017 | peaks: [+3.2046, -4.0108, +4.3841] | yaw=-104.0 pitch=-27.4 roll=+109.5 | mag=0.0505
21:51:49 [INFO] GYRO_DIAG: gx=-0.0104 gy=-0.0493 gz=-0.0148 | peaks: [+3.2046, -4.0108, +4.3841] | yaw=-99.1 pitch=-11.3 roll=+110.8 | mag=0.0525
21:51:50 [INFO] GYRO_DIAG: gx=-0.0000 gy=+0.0020 gz=+0.0127 | peaks: [+3.2046, -4.0108, +4.3841] | yaw=-100.4 pitch=-8.2 roll=+111.4 | mag=0.0129
21:51:50 [INFO] Loop OK - px_off=32px, zoom=1.0, tracking=True, fps=60, has_frame=True
21:51:50 [INFO] IMU diag: raw_yaw=29.5deg px_off=32px yaw_r=0.50 dead=0.09 gyro_mag=0.0062 imu_count=34602 connected=True
21:51:51 [INFO] GYRO_DIAG: gx=-0.0141 gy=-0.0151 gz=+0.0011 | peaks: [+3.2046, -4.0108, +4.3841] | yaw=-103.5 pitch=-7.1 roll=+108.3 | mag=0.0207
21:51:52 [INFO] GYRO_DIAG: gx=+0.0201 gy=-0.0023 gz=+0.0060 | peaks: [+3.2046, -4.0108, +4.3841] | yaw=-103.0 pitch=-6.9 roll=+110.0 | mag=0.0211
21:51:53 [INFO] GYRO_DIAG: gx=-0.0147 gy=-0.0078 gz=+0.0048 | peaks: [+3.2046, -4.0108, +4.3841] | yaw=-103.7 pitch=-4.7 roll=+109.4 | mag=0.0173
21:51:54 [INFO] GYRO_DIAG: gx=+0.0116 gy=-0.0133 gz=+0.0097 | peaks: [+3.2046, -4.0108, +4.3841] | yaw=-104.8 pitch=-5.6 roll=+110.5 | mag=0.0201
21:51:55 [INFO] GYRO_DIAG: gx=-0.0025 gy=-0.0041 gz=-0.0025 | peaks: [+3.2046, -4.0108, +4.3841] | yaw=-106.2 pitch=-3.9 roll=+109.0 | mag=0.0054
21:51:56 [INFO] GYRO_DIAG: gx=-0.0098 gy=+0.0057 gz=+0.0164 | peaks: [+3.2046, -4.0108, +4.3841] | yaw=-107.1 pitch=-4.1 roll=+111.5 | mag=0.0199
21:51:57 [INFO] GYRO_DIAG: gx=-0.8247 gy=+0.0637 gz=+0.0628 | peaks: [+3.2046, -4.0108, +4.3841] | yaw=-106.5 pitch=-151.2 roll=+82.4 | mag=0.8295
21:51:58 [INFO] GYRO_DIAG: gx=+0.0268 gy=+0.0283 gz=+0.0023 | peaks: [+3.2046, -4.0108, +4.3841] | yaw=-96.1 pitch=-79.1 roll=+103.3 | mag=0.0390
21:51:59 [INFO] GYRO_DIAG: gx=-0.0049 gy=-0.0194 gz=-0.0196 | peaks: [+3.2046, -4.0108, +4.3841] | yaw=-100.3 pitch=-43.9 roll=+99.5 | mag=0.0280
21:52:00 [INFO] GYRO_DIAG: gx=-0.0092 gy=+0.0081 gz=+0.0195 | peaks: [+3.2046, -4.0108, +4.3841] | yaw=-102.1 pitch=-26.2 roll=+95.6 | mag=0.0230
21:52:00 [INFO] Loop OK - px_off=85px, zoom=1.0, tracking=True, fps=60, has_frame=True
21:52:00 [INFO] IMU diag: raw_yaw=28.3deg px_off=85px yaw_r=0.50 dead=0.09 gyro_mag=0.0124 imu_count=39536 connected=True
21:52:01 [INFO] GYRO_DIAG: gx=-0.0666 gy=-0.2888 gz=-0.3874 | peaks: [+3.2046, -4.0108, +4.3841] | yaw=-186.6 pitch=-15.6 roll=+30.1 | mag=0.4878
21:52:02 [INFO] GYRO_DIAG: gx=-0.0031 gy=+0.0179 gz=+0.0188 | peaks: [+3.2046, -4.0108, +4.3841] | yaw=-120.2 pitch=-8.5 roll=+105.3 | mag=0.0261
21:52:03 [INFO] GYRO_DIAG: gx=+0.0061 gy=-0.0029 gz=+0.0042 | peaks: [+3.2046, -4.0108, +4.3841] | yaw=-120.8 pitch=-4.4 roll=+101.1 | mag=0.0079
21:52:04 [INFO] GYRO_DIAG: gx=-0.0104 gy=+0.0026 gz=-0.0148 | peaks: [+3.2046, -4.0108, +4.3841] | yaw=-121.2 pitch=-3.7 roll=+100.1 | mag=0.0183
21:52:05 [INFO] GYRO_DIAG: gx=+0.0006 gy=+0.0136 gz=-0.0123 | peaks: [+3.2046, -4.0108, +4.3841] | yaw=-119.0 pitch=-1.5 roll=+100.1 | mag=0.0184
21:52:06 [INFO] GYRO_DIAG: gx=-0.0074 gy=-0.0072 gz=-0.0135 | peaks: [+3.2046, -4.0108, +4.3841] | yaw=-118.1 pitch=-1.5 roll=+99.0 | mag=0.0170
21:52:07 [INFO] GYRO_DIAG: gx=-0.0116 gy=+0.0014 gz=+0.0133 | peaks: [+3.2046, -4.0108, +4.3841] | yaw=-97.9 pitch=-1.4 roll=+118.8 | mag=0.0178
21:52:08 [INFO] GYRO_DIAG: gx=+0.0024 gy=+0.0154 gz=+0.0030 | peaks: [+3.2046, -4.0108, +4.3841] | yaw=-101.1 pitch=-2.6 roll=+106.7 | mag=0.0159
21:52:09 [INFO] GYRO_DIAG: gx=-0.0013 gy=-0.0047 gz=-0.0074 | peaks: [+3.2046, -4.0108, +4.3841] | yaw=-102.6 pitch=-3.5 roll=+101.5 | mag=0.0089
21:52:10 [INFO] Loop OK - px_off=-620px, zoom=1.0, tracking=True, fps=60, has_frame=True
21:52:10 [INFO] IMU diag: raw_yaw=-10.6deg px_off=-636px yaw_r=0.50 dead=0.09 gyro_mag=0.5398 imu_count=44473 connected=True
21:52:10 [INFO] GYRO_DIAG: gx=-0.0098 gy=-0.3120 gz=-0.3636 | peaks: [+3.2046, -4.0108, +4.3841] | yaw=-151.3 pitch=-1.3 roll=+61.7 | mag=0.4792
21:52:11 [INFO] GYRO_DIAG: gx=-0.0000 gy=+0.0209 gz=+0.0457 | peaks: [+3.2046, -4.0108, +4.3841] | yaw=-52.1 pitch=-5.6 roll=+146.3 | mag=0.0503
21:52:12 [INFO] GYRO_DIAG: gx=+0.0892 gy=-0.0041 gz=-0.0233 | peaks: [+3.2046, -4.0108, +4.3841] | yaw=-76.2 pitch=-35.0 roll=+110.0 | mag=0.0922
21:52:13 [INFO] GYRO_DIAG: gx=+0.0146 gy=-0.0066 gz=-0.0135 | peaks: [+3.2046, -4.0108, +4.3841] | yaw=-85.9 pitch=-1.1 roll=+98.2 | mag=0.0210
21:52:14 [INFO] GYRO_DIAG: gx=-0.6702 gy=+0.0515 gz=-0.0398 | peaks: [+3.2046, -4.0108, +4.3841] | yaw=-90.8 pitch=-55.5 roll=+91.4 | mag=0.6733
21:52:15 [INFO] GYRO_DIAG: gx=+0.3970 gy=-0.0316 gz=-0.0258 | peaks: [+3.2046, -4.0108, +4.3841] | yaw=-86.8 pitch=+2.3 roll=+89.7 | mag=0.3991
21:52:16 [INFO] GYRO_DIAG: gx=+0.0745 gy=-0.1605 gz=-0.1186 | peaks: [+3.2046, -4.0108, +4.3841] | yaw=-104.5 pitch=-6.9 roll=+82.1 | mag=0.2130
21:52:17 [INFO] GYRO_DIAG: gx=+0.0281 gy=-0.0041 gz=-0.0074 | peaks: [+3.2046, -4.0108, +4.3841] | yaw=-101.9 pitch=+9.7 roll=+95.4 | mag=0.0293
21:52:18 [INFO] GYRO_DIAG: gx=+0.0055 gy=+0.0166 gz=+0.0078 | peaks: [+3.2046, -4.0108, +4.3841] | yaw=-95.4 pitch=+8.2 roll=+97.0 | mag=0.0192
21:52:19 [INFO] GYRO_DIAG: gx=-0.0129 gy=+0.4015 gz=+0.3017 | peaks: [+3.2046, -4.0108, +4.3841] | yaw=-129.0 pitch=+8.8 roll=+81.6 | mag=0.5024
21:52:20 [INFO] Loop OK - px_off=68px, zoom=1.0, tracking=True, fps=60, has_frame=True
21:52:20 [INFO] IMU diag: raw_yaw=26.9deg px_off=65px yaw_r=0.50 dead=0.15 gyro_mag=0.2442 imu_count=49409 connected=True
21:52:20 [INFO] GYRO_DIAG: gx=+0.0018 gy=+0.0484 gz=+0.0451 | peaks: [+3.2046, -4.0108, +4.3841] | yaw=-105.9 pitch=+5.7 roll=+92.3 | mag=0.0662
21:52:21 [INFO] GYRO_DIAG: gx=-0.0043 gy=-0.0005 gz=-0.0099 | peaks: [+3.2046, -4.0108, +4.3841] | yaw=-99.9 pitch=+3.4 roll=+97.8 | mag=0.0108
21:52:22 [INFO] GYRO_DIAG: gx=-0.0104 gy=-0.0817 gz=-0.0691 | peaks: [+3.2046, -4.0108, +4.3841] | yaw=-104.6 pitch=-0.0 roll=+93.6 | mag=0.1075
21:52:23 [INFO] GYRO_DIAG: gx=+0.0177 gy=-0.2198 gz=-0.2267 | peaks: [+3.2046, -4.0108, +4.3841] | yaw=-141.1 pitch=+0.6 roll=+66.7 | mag=0.3162
21:52:24 [INFO] GYRO_DIAG: gx=-0.0000 gy=-0.0182 gz=-0.0264 | peaks: [+3.2046, -4.0108, +4.3841] | yaw=-90.9 pitch=-1.6 roll=+111.3 | mag=0.0320
21:52:25 [INFO] GYRO_DIAG: gx=+0.1289 gy=-0.1733 gz=-0.1663 | peaks: [+3.2046, -4.0108, +4.3841] | yaw=-81.6 pitch=-20.1 roll=+109.4 | mag=0.2726
21:52:26 [INFO] GYRO_DIAG: gx=+0.0311 gy=-0.0267 gz=-0.0203 | peaks: [+3.2046, -4.0108, +4.3841] | yaw=-96.0 pitch=-14.5 roll=+90.5 | mag=0.0457
21:52:27 [INFO] GYRO_DIAG: gx=+0.0018 gy=-0.0005 gz=-0.0007 | peaks: [+3.2046, -4.0108, +4.3841] | yaw=-93.9 pitch=-3.6 roll=+96.0 | mag=0.0020
21:52:28 [INFO] GYRO_DIAG: gx=-0.4026 gy=+0.0252 gz=-0.1027 | peaks: [+3.2046, -4.0108, +4.3841] | yaw=-87.7 pitch=-87.9 roll=+82.5 | mag=0.4163
21:52:29 [INFO] GYRO_DIAG: gx=+0.1069 gy=-0.0096 gz=-0.0294 | peaks: [+3.2046, -4.0108, +4.3841] | yaw=-81.5 pitch=-82.9 roll=+109.2 | mag=0.1113
21:52:30 [INFO] Loop OK - px_off=48px, zoom=1.0, tracking=True, fps=60, has_frame=True
21:52:30 [INFO] IMU diag: raw_yaw=37.8deg px_off=52px yaw_r=0.50 dead=0.11 gyro_mag=0.3137 imu_count=54341 connected=True
21:52:30 [INFO] GYRO_DIAG: gx=+0.1673 gy=+0.1046 gz=+0.1294 | peaks: [+3.2046, -4.0108, +4.3841] | yaw=-73.9 pitch=-14.8 roll=+60.5 | mag=0.2360
21:52:31 [INFO] GYRO_DIAG: gx=-0.3091 gy=-0.0542 gz=+0.0433 | peaks: [+3.2046, -4.0108, +4.3841] | yaw=-59.2 pitch=-10.6 roll=+96.1 | mag=0.3168
21:52:32 [INFO] GYRO_DIAG: gx=+0.0244 gy=+0.0032 gz=+0.0140 | peaks: [+3.2046, -4.0108, +4.3841] | yaw=-54.4 pitch=+16.0 roll=+92.7 | mag=0.0283
21:52:33 [INFO] GYRO_DIAG: gx=-0.0141 gy=-0.0084 gz=-0.0190 | peaks: [+3.2046, -4.0108, +4.3841] | yaw=-122.8 pitch=+2.3 roll=+61.6 | mag=0.0251
21:52:34 [INFO] GYRO_DIAG: gx=+0.0562 gy=-0.7445 gz=-0.2982 | peaks: [+3.2046, -4.0108, +4.3841] | yaw=-58.8 pitch=-4.7 roll=+102.5 | mag=0.8040
21:52:35 [INFO] GYRO_DIAG: gx=-0.0019 gy=+0.1743 gz=+0.1037 | peaks: [+3.2046, -4.0108, +4.3841] | yaw=-93.9 pitch=-3.9 roll=+90.6 | mag=0.2028
21:52:36 [INFO] GYRO_DIAG: gx=-0.0404 gy=+0.0325 gz=+0.0347 | peaks: [+3.2046, -4.0108, +4.3841] | yaw=-56.7 pitch=-21.7 roll=+112.1 | mag=0.0624
21:52:37 [INFO] GYRO_DIAG: gx=+0.0158 gy=-0.0292 gz=-0.0276 | peaks: [+3.2046, -4.0108, +4.3841] | yaw=-56.1 pitch=-10.7 roll=+99.3 | mag=0.0432
21:52:38 [INFO] GYRO_DIAG: gx=-0.2878 gy=+0.1303 gz=+0.1392 | peaks: [+3.2046, -4.0108, +4.3841] | yaw=-67.1 pitch=-37.7 roll=+92.3 | mag=0.3452
21:52:39 [INFO] GYRO_DIAG: gx=+0.0299 gy=-0.0151 gz=-0.0062 | peaks: [+3.2046, -4.0108, +4.3841] | yaw=-66.5 pitch=-17.9 roll=+90.9 | mag=0.0341
21:52:40 [INFO] Loop OK - px_off=23px, zoom=1.0, tracking=True, fps=60, has_frame=True
21:52:40 [INFO] IMU diag: raw_yaw=62.8deg px_off=23px yaw_r=0.10 dead=0.11 gyro_mag=0.0068 imu_count=59275 connected=True
21:52:40 [INFO] GYRO_DIAG: gx=-0.0000 gy=+0.0008 gz=-0.0050 | peaks: [+3.2046, -4.0108, +4.3841] | yaw=-66.6 pitch=-10.5 roll=+86.9 | mag=0.0050
21:52:41 [INFO] GYRO_DIAG: gx=+0.1551 gy=+0.0136 gz=+0.0298 | peaks: [+3.2046, -4.0108, +4.3841] | yaw=-66.9 pitch=+31.8 roll=+86.0 | mag=0.1586
21:52:42 [INFO] GYRO_DIAG: gx=-0.0159 gy=+0.0118 gz=+0.0054 | peaks: [+3.2046, -4.0108, +4.3841] | yaw=-66.1 pitch=-10.1 roll=+83.4 | mag=0.0205
21:52:43 [INFO] GYRO_DIAG: gx=+0.2968 gy=+0.0270 gz=+0.0781 | peaks: [+3.2046, -4.0108, +4.3841] | yaw=-72.7 pitch=+55.8 roll=+89.4 | mag=0.3081
21:52:44 [INFO] GYRO_DIAG: gx=-0.1607 gy=-0.0481 gz=+0.0182 | peaks: [+3.2046, -4.0108, +4.3841] | yaw=-63.2 pitch=+23.7 roll=+89.9 | mag=0.1687
21:52:45 [INFO] GYRO_DIAG: gx=-0.2853 gy=-0.7683 gz=-0.2548 | peaks: [+3.2046, -4.0108, +4.3841] | yaw=-182.5 pitch=-10.6 roll=+38.9 | mag=0.8583
21:52:46 [INFO] GYRO_DIAG: gx=+0.1631 gy=-0.1257 gz=-0.1253 | peaks: [+3.2046, -4.0108, +4.3841] | yaw=-107.5 pitch=-79.5 roll=+97.7 | mag=0.2410
21:52:47 [INFO] GYRO_DIAG: gx=+0.0360 gy=-0.0108 gz=-0.0001 | peaks: [+3.2046, -4.0108, +4.3841] | yaw=-97.1 pitch=-26.0 roll=+71.8 | mag=0.0376
21:52:48 [INFO] GYRO_DIAG: gx=+0.0189 gy=+0.0008 gz=-0.0001 | peaks: [+3.2046, -4.0108, +4.3841] | yaw=-97.7 pitch=-12.3 roll=+73.7 | mag=0.0189
21:52:49 [INFO] GYRO_DIAG: gx=+0.2797 gy=+0.0270 gz=+0.0097 | peaks: [+3.2046, -4.0108, +4.3841] | yaw=-85.8 pitch=+66.6 roll=+86.7 | mag=0.2812
21:52:50 [INFO] Loop OK - px_off=270px, zoom=1.0, tracking=True, fps=60, has_frame=True
21:52:50 [INFO] IMU diag: raw_yaw=54.4deg px_off=290px yaw_r=0.50 dead=0.11 gyro_mag=0.5696 imu_count=64208 connected=True
21:52:50 [INFO] GYRO_DIAG: gx=+0.4367 gy=-0.0499 gz=+0.0103 | peaks: [+3.2046, -4.0108, +4.3841] | yaw=-69.9 pitch=-5.9 roll=+85.3 | mag=0.4397
21:52:52 [INFO] GYRO_DIAG: gx=-0.1601 gy=+0.0020 gz=+0.0182 | peaks: [+3.2046, -4.0108, +4.3841] | yaw=-66.6 pitch=-24.4 roll=+74.5 | mag=0.1611
21:52:53 [INFO] GYRO_DIAG: gx=-0.0080 gy=+0.0130 gz=+0.0274 | peaks: [+3.2046, -4.0108, +4.3841] | yaw=-65.2 pitch=-7.1 roll=+80.7 | mag=0.0313
21:52:54 [INFO] GYRO_DIAG: gx=+0.1215 gy=+0.0166 gz=+0.0702 | peaks: [+3.2046, -4.0108, +4.3841] | yaw=-73.7 pitch=+79.9 roll=+71.5 | mag=0.1413
21:52:55 [INFO] GYRO_DIAG: gx=+0.1001 gy=-0.1397 gz=-0.0984 | peaks: [+3.2046, -4.0108, +4.3841] | yaw=-20.4 pitch=+195.1 roll=+128.0 | mag=0.1981
21:52:56 [INFO] GYRO_DIAG: gx=-0.0177 gy=-0.0377 gz=-0.0361 | peaks: [+3.2046, -4.0108, +4.3841] | yaw=-39.7 pitch=+132.4 roll=+110.2 | mag=0.0552
21:52:57 [INFO] GYRO_DIAG: gx=-0.0721 gy=+0.1620 gz=+0.1318 | peaks: [+3.2046, -4.0108, +4.3841] | yaw=-41.6 pitch=+73.5 roll=+110.4 | mag=0.2210
21:52:58 [INFO] GYRO_DIAG: gx=-0.0513 gy=-0.0060 gz=-0.0099 | peaks: [+3.2046, -4.0108, +4.3841] | yaw=-32.3 pitch=+23.6 roll=+102.3 | mag=0.0526
21:52:59 [INFO] GYRO_DIAG: gx=+0.0024 gy=+0.0246 gz=+0.0011 | peaks: [+3.2046, -4.0108, +4.3841] | yaw=-17.5 pitch=+6.3 roll=+102.5 | mag=0.0247
21:53:00 [INFO] GYRO_DIAG: gx=+0.0049 gy=-0.0243 gz=+0.0005 | peaks: [+3.2046, -4.0108, +4.3841] | yaw=-15.9 pitch=+2.1 roll=+101.0 | mag=0.0248
21:53:00 [INFO] Loop OK - px_off=67px, zoom=1.0, tracking=True, fps=60, has_frame=True
21:53:00 [INFO] IMU diag: raw_yaw=113.5deg px_off=67px yaw_r=0.50 dead=0.11 gyro_mag=0.0079 imu_count=69141 connected=True
21:53:01 [INFO] GYRO_DIAG: gx=-0.0086 gy=+0.0124 gz=+0.0140 | peaks: [+3.2046, -4.0108, +4.3841] | yaw=-22.0 pitch=-3.0 roll=+99.6 | mag=0.0205
21:53:02 [INFO] GYRO_DIAG: gx=-0.0006 gy=+0.0276 gz=+0.0066 | peaks: [+3.2046, -4.0108, +4.3841] | yaw=-25.3 pitch=+3.2 roll=+99.9 | mag=0.0284
21:53:03 [INFO] GYRO_DIAG: gx=+0.0036 gy=+0.0362 gz=+0.0036 | peaks: [+3.2046, -4.0108, +4.3841] | yaw=-25.4 pitch=+0.9 roll=+103.0 | mag=0.0366
21:53:04 [INFO] GYRO_DIAG: gx=+0.0030 gy=+0.0069 gz=+0.0060 | peaks: [+3.2046, -4.0108, +4.3841] | yaw=-24.6 pitch=-0.8 roll=+102.7 | mag=0.0096
21:53:05 [INFO] GYRO_DIAG: gx=-0.0080 gy=+0.0118 gz=+0.0103 | peaks: [+3.2046, -4.0108, +4.3841] | yaw=-23.6 pitch=-3.1 roll=+103.4 | mag=0.0175
21:53:06 [INFO] GYRO_DIAG: gx=-0.0184 gy=+0.0008 gz=-0.0099 | peaks: [+3.2046, -4.0108, +4.3841] | yaw=-21.3 pitch=-3.3 roll=+102.9 | mag=0.0209
21:53:07 [INFO] GYRO_DIAG: gx=-0.0086 gy=-0.0053 gz=-0.0019 | peaks: [+3.2046, -4.0108, +4.3841] | yaw=-22.4 pitch=-5.7 roll=+102.7 | mag=0.0103
21:53:08 [INFO] GYRO_DIAG: gx=-0.0025 gy=+0.0099 gz=-0.0068 | peaks: [+3.2046, -4.0108, +4.3841] | yaw=-22.8 pitch=-5.7 roll=+102.4 | mag=0.0123
21:53:09 [INFO] GYRO_DIAG: gx=-0.0049 gy=-0.0017 gz=-0.0050 | peaks: [+3.2046, -4.0108, +4.3841] | yaw=-22.5 pitch=-4.8 roll=+102.2 | mag=0.0072
21:53:10 [INFO] GYRO_DIAG: gx=-0.0000 gy=+0.0099 gz=-0.0074 | peaks: [+3.2046, -4.0108, +4.3841] | yaw=-23.6 pitch=-5.6 roll=+102.3 | mag=0.0124
21:53:10 [INFO] Loop OK - px_off=39px, zoom=1.0, tracking=True, fps=60, has_frame=True
21:53:10 [INFO] IMU diag: raw_yaw=106.4deg px_off=39px yaw_r=0.50 dead=0.11 gyro_mag=0.0132 imu_count=74075 connected=True
21:53:11 [INFO] GYRO_DIAG: gx=-0.0068 gy=+0.0118 gz=+0.0078 | peaks: [+3.2046, -4.0108, +4.3841] | yaw=-21.0 pitch=-4.2 roll=+102.5 | mag=0.0157
21:53:12 [INFO] GYRO_DIAG: gx=-0.0055 gy=+0.0026 gz=+0.0085 | peaks: [+3.2046, -4.0108, +4.3841] | yaw=-17.7 pitch=-5.2 roll=+104.8 | mag=0.0104
21:53:13 [INFO] GYRO_DIAG: gx=-0.0019 gy=-0.0047 gz=-0.0129 | peaks: [+3.2046, -4.0108, +4.3841] | yaw=-9.0 pitch=-5.5 roll=+107.4 | mag=0.0139
21:53:14 [INFO] GYRO_DIAG: gx=-0.0147 gy=+0.0069 gz=-0.0086 | peaks: [+3.2046, -4.0108, +4.3841] | yaw=-21.8 pitch=+21.9 roll=+111.4 | mag=0.0184
21:53:15 [INFO] GYRO_DIAG: gx=-0.0300 gy=-0.0096 gz=-0.0080 | peaks: [+3.2046, -4.0108, +4.3841] | yaw=-20.2 pitch=+2.3 roll=+108.8 | mag=0.0325
21:53:16 [INFO] GYRO_DIAG: gx=+0.0030 gy=+0.0038 gz=-0.0001 | peaks: [+3.2046, -4.0108, +4.3841] | yaw=-21.3 pitch=-5.1 roll=+104.8 | mag=0.0049
21:53:17 [INFO] GYRO_DIAG: gx=-0.0092 gy=+0.0240 gz=+0.0036 | peaks: [+3.2046, -4.0108, +4.3841] | yaw=-22.4 pitch=-7.5 roll=+103.6 | mag=0.0259
21:53:18 [INFO] GYRO_DIAG: gx=-0.0055 gy=-0.0029 gz=-0.0086 | peaks: [+3.2046, -4.0108, +4.3841] | yaw=-21.1 pitch=-4.9 roll=+104.0 | mag=0.0107
21:53:19 [INFO] GYRO_DIAG: gx=-0.0257 gy=-0.0487 gz=-0.0410 | peaks: [+3.2046, -4.0108, +4.3841] | yaw=-22.9 pitch=-5.1 roll=+104.1 | mag=0.0687
21:53:20 [INFO] GYRO_DIAG: gx=-0.0880 gy=+0.0173 gz=-0.0624 | peaks: [+3.2046, -4.0108, +4.3841] | yaw=-7.1 pitch=-15.1 roll=+109.2 | mag=0.1093
21:53:20 [INFO] Loop OK - px_off=-34px, zoom=1.0, tracking=True, fps=60, has_frame=True
21:53:20 [INFO] IMU diag: raw_yaw=123.2deg px_off=-34px yaw_r=0.50 dead=0.11 gyro_mag=0.1526 imu_count=79012 connected=True
21:53:21 [INFO] Hotkeys triggered: {'quit'}
21:53:21 [INFO] Quit requested
21:55:37 [INFO] ============================================================
21:55:37 [INFO] AirPin starting...
21:55:37 [INFO] Args: Namespace(no_imu=False, no_audio=False, monitor=0, sensitivity=None, fps=None)
21:55:37 [INFO] Displays found: 2, target_monitor=0
21:55:37 [INFO]   [0] Monitor 0 @ (0,0) 1920x1080
21:55:37 [INFO]   [1] Monitor 1 @ (-3840,0) 3840x2160
21:55:37 [INFO] IMU tracker started and recentered
21:55:37 [INFO] Screen capture started: 1920x1080
21:55:38 [INFO] Renderer initialized: 1920x1080 at (0,0), hwnd=16193264
21:55:38 [INFO] Target display: Monitor 0 (1920x1080) at (0,0)
21:55:38 [INFO] GYRO_DIAG: gx=+0.0018 gy=+0.0087 gz=-0.0007 | peaks: [-0.0116, +0.0173, -0.0123] | yaw=+2.0 pitch=-4.6 roll=+115.4 | mag=0.0089
21:55:39 [INFO] GYRO_DIAG: gx=-0.1405 gy=-0.0041 gz=-0.0392 | peaks: [-0.1405, +0.0270, -0.0392] | yaw=+3.4 pitch=-8.9 roll=+113.5 | mag=0.1460
21:55:40 [INFO] GYRO_DIAG: gx=+0.0281 gy=-0.0200 gz=-0.0007 | peaks: [-0.5578, +0.0924, -0.1009] | yaw=+7.5 pitch=-38.3 roll=+102.4 | mag=0.0345
21:55:40 [INFO] Hotkeys triggered: {'quit'}
21:55:40 [INFO] Quit requested
21:55:45 [INFO] ============================================================
21:55:45 [INFO] AirPin starting...
21:55:45 [INFO] Args: Namespace(no_imu=False, no_audio=False, monitor=0, sensitivity=None, fps=None)
21:55:45 [INFO] Displays found: 2, target_monitor=0
21:55:45 [INFO]   [0] Monitor 0 @ (0,0) 1920x1080
21:55:45 [INFO]   [1] Monitor 1 @ (-3840,0) 3840x2160
21:55:45 [INFO] IMU tracker started and recentered
21:55:45 [INFO] Screen capture started: 1920x1080
21:55:46 [INFO] Renderer initialized: 1920x1080 at (0,0), hwnd=15538396
21:55:46 [INFO] Target display: Monitor 0 (1920x1080) at (0,0)
21:55:46 [INFO] GYRO_DIAG: gx=+0.0067 gy=+0.0112 gz=-0.0050 | peaks: [+0.0122, +0.0228, -0.0148] | yaw=+1.0 pitch=-4.2 roll=+111.3 | mag=0.0139
21:55:46 [INFO] Hotkeys triggered: {'toggle_settings'}
21:55:46 [INFO] Settings panel: shown (click-through: OFF)
21:55:47 [INFO] GYRO_DIAG: gx=-0.0031 gy=+0.0087 gz=+0.0030 | peaks: [+0.0244, +0.0246, -0.0233] | yaw=+3.1 pitch=-3.2 roll=+110.5 | mag=0.0097
21:55:48 [INFO] GYRO_DIAG: gx=-0.0434 gy=+0.1639 gz=+0.1062 | peaks: [-0.0648, +0.2182, +0.1062] | yaw=+26.4 pitch=-10.5 roll=+120.1 | mag=0.2000
21:55:49 [INFO] GYRO_DIAG: gx=+0.0012 gy=+0.0258 gz=+0.0127 | peaks: [-0.0648, +0.2182, -0.1327] | yaw=+4.7 pitch=-11.7 roll=+101.2 | mag=0.0288
21:55:50 [INFO] GYRO_DIAG: gx=-0.0617 gy=-0.2460 gz=-0.2945 | peaks: [-0.2969, -0.4989, -0.3239] | yaw=-39.9 pitch=-32.9 roll=+68.4 | mag=0.3887
21:55:51 [INFO] GYRO_DIAG: gx=-0.0471 gy=-0.0163 gz=-0.0166 | peaks: [-0.2969, -0.4989, +0.3359] | yaw=+8.3 pitch=+1.2 roll=+112.9 | mag=0.0525
21:55:52 [INFO] GYRO_DIAG: gx=+0.0042 gy=+0.0130 gz=-0.0007 | peaks: [-0.2969, -0.4989, +0.3359] | yaw=+10.2 pitch=-0.6 roll=+110.1 | mag=0.0137
21:55:53 [INFO] GYRO_DIAG: gx=-0.1161 gy=-0.0249 gz=-0.0276 | peaks: [-0.2969, -0.4989, +0.3359] | yaw=+9.2 pitch=-5.8 roll=+108.5 | mag=0.1219
21:55:54 [INFO] GYRO_DIAG: gx=+0.0446 gy=+0.0246 gz=+0.0066 | peaks: [-0.4008, -0.4989, +0.3359] | yaw=+18.2 pitch=-20.1 roll=+108.8 | mag=0.0513
21:55:55 [INFO] GYRO_DIAG: gx=-0.0086 gy=+0.0087 gz=+0.0011 | peaks: [-0.4008, -0.4989, +0.3359] | yaw=+22.1 pitch=-9.7 roll=+107.5 | mag=0.0123
21:55:56 [INFO] Loop OK - px_off=67px, zoom=1.0, tracking=True, fps=60, has_frame=True
21:55:56 [INFO] IMU diag: raw_yaw=20.3deg px_off=67px yaw_r=0.50 dead=0.11 gyro_mag=0.0073 imu_count=5351 connected=True
21:55:56 [INFO] GYRO_DIAG: gx=-0.0049 gy=+0.0069 gz=-0.0007 | peaks: [-0.4008, -0.4989, +0.3359] | yaw=+19.4 pitch=-7.2 roll=+106.0 | mag=0.0085
21:55:57 [INFO] GYRO_DIAG: gx=-0.0623 gy=-0.0322 gz=-0.0160 | peaks: [+0.5216, -0.4989, +0.3359] | yaw=+10.4 pitch=+41.8 roll=+109.1 | mag=0.0720
21:55:58 [INFO] GYRO_DIAG: gx=-0.0153 gy=-0.0090 gz=-0.0032 | peaks: [+0.5216, -0.4989, +0.3359] | yaw=+14.0 pitch=+12.4 roll=+108.1 | mag=0.0180
21:56:02 [WARNING] IMU stalled after 6867 samples, reconnecting (attempt 1)
21:56:03 [INFO] IMU reconnected successfully
21:56:06 [WARNING] IMU stalled after 6867 samples, reconnecting (attempt 2)
21:56:06 [INFO] Loop OK - px_off=108px, zoom=1.0, tracking=True, fps=59, has_frame=True
21:56:06 [INFO] IMU diag: raw_yaw=27.7deg px_off=108px yaw_r=1.00 dead=0.11 gyro_mag=1.1837 imu_count=6867 connected=True
21:56:06 [INFO] IMU reconnected successfully
21:56:09 [WARNING] IMU stalled after 6867 samples, reconnecting (attempt 3)
21:56:10 [INFO] IMU reconnected successfully
21:56:11 [INFO] Hotkeys triggered: {'quit'}
21:56:11 [INFO] Quit requested
21:56:36 [INFO] ============================================================
21:56:36 [INFO] AirPin starting...
21:56:36 [INFO] Args: Namespace(no_imu=False, no_audio=False, monitor=0, sensitivity=None, fps=None)
21:56:36 [INFO] Displays found: 2, target_monitor=0
21:56:36 [INFO]   [0] Monitor 0 @ (0,0) 1920x1080
21:56:36 [INFO]   [1] Monitor 1 @ (-3840,0) 3840x2160
21:56:37 [INFO] IMU tracker started and recentered
21:56:37 [INFO] Screen capture started: 1920x1080
21:56:37 [INFO] Renderer initialized: 1920x1080 at (0,0), hwnd=37885096
21:56:37 [INFO] Target display: Monitor 0 (1920x1080) at (0,0)
21:56:37 [INFO] GYRO_DIAG: gx=-0.0147 gy=-0.0428 gz=+0.0061 | peaks: [-1.1527, -0.2877, -0.1894] | yaw=-41.7 pitch=-68.7 roll=+95.5 | mag=0.0456
21:56:38 [INFO] GYRO_DIAG: gx=+0.0049 gy=-0.0525 gz=+0.0153 | peaks: [-1.1527, -0.2877, -0.1894] | yaw=-60.8 pitch=-41.5 roll=+107.3 | mag=0.0549
21:56:39 [INFO] GYRO_DIAG: gx=+0.0122 gy=-0.0397 gz=+0.0208 | peaks: [-1.1527, -0.2877, -0.1894] | yaw=-85.0 pitch=-23.0 roll=+110.0 | mag=0.0464
21:56:40 [INFO] GYRO_DIAG: gx=+0.0128 gy=-0.0617 gz=+0.0250 | peaks: [-1.1527, -0.2877, -0.1894] | yaw=-106.7 pitch=-11.8 roll=+110.9 | mag=0.0678
21:56:41 [INFO] Hotkeys triggered: {'toggle_settings'}
21:56:41 [INFO] Settings panel: shown (click-through: OFF)
21:56:41 [INFO] GYRO_DIAG: gx=-0.0012 gy=-0.0367 gz=+0.0104 | peaks: [-1.1527, -0.2877, -0.1894] | yaw=-130.5 pitch=-4.8 roll=+111.8 | mag=0.0381
21:56:42 [INFO] GYRO_DIAG: gx=-0.0825 gy=+0.3732 gz=+0.4203 | peaks: [-1.1527, +0.8534, +0.5644] | yaw=+6.2 pitch=-17.8 roll=+217.5 | mag=0.5681
21:56:43 [INFO] GYRO_DIAG: gx=-0.1741 gy=-0.5791 gz=-0.4429 | peaks: [-1.1527, -1.0660, -0.7428] | yaw=-166.4 pitch=-31.9 roll=+64.3 | mag=0.7495
21:56:45 [INFO] GYRO_DIAG: gx=-0.0293 gy=-0.0495 gz=+0.0214 | peaks: [-1.1527, -1.0660, -0.7428] | yaw=-286.7 pitch=-53.9 roll=+54.6 | mag=0.0614
21:56:46 [INFO] GYRO_DIAG: gx=+0.0263 gy=-0.0452 gz=+0.0153 | peaks: [-1.1527, -1.0660, -0.7428] | yaw=-309.7 pitch=-27.8 roll=+74.8 | mag=0.0545
21:56:47 [INFO] GYRO_DIAG: gx=+0.0061 gy=-0.0586 gz=+0.0012 | peaks: [-1.1527, -1.0660, -0.7428] | yaw=-333.8 pitch=-14.3 roll=+85.7 | mag=0.0590
21:56:47 [INFO] Loop OK - px_off=-143px, zoom=1.0, tracking=True, fps=60, has_frame=True
21:56:47 [INFO] IMU diag: raw_yaw=14.9deg px_off=-142px yaw_r=1.00 dead=0.11 gyro_mag=0.0391 imu_count=5372 connected=True
21:56:48 [INFO] GYRO_DIAG: gx=+0.0049 gy=-0.0525 gz=+0.0061 | peaks: [-1.1527, -1.0660, -0.7428] | yaw=-359.7 pitch=-7.8 roll=+91.7 | mag=0.0531
21:56:49 [INFO] GYRO_DIAG: gx=+0.0159 gy=-0.0415 gz=+0.0544 | peaks: [-1.1527, -1.0660, -0.7428] | yaw=-429.7 pitch=-61.5 roll=+82.5 | mag=0.0702
21:56:50 [INFO] GYRO_DIAG: gx=+0.0299 gy=-0.0269 gz=+0.0336 | peaks: [-1.1527, -1.0660, -0.7428] | yaw=-451.8 pitch=-28.2 roll=+89.9 | mag=0.0524
21:56:51 [INFO] GYRO_DIAG: gx=+0.0055 gy=-0.0415 gz=+0.0214 | peaks: [-1.1527, -1.0660, -0.7428] | yaw=-469.8 pitch=-11.5 roll=+94.6 | mag=0.0470
21:56:52 [INFO] GYRO_DIAG: gx=+0.9667 gy=+0.2825 gz=-0.0105 | peaks: [-1.1527, -1.0660, -0.7428] | yaw=-411.8 pitch=+108.1 roll=+98.8 | mag=1.0072
21:56:53 [INFO] GYRO_DIAG: gx=-0.0052 gy=-0.0254 gz=-0.0148 | peaks: [-1.1527, -1.0660, -0.7428] | yaw=-405.5 pitch=+76.4 roll=+99.8 | mag=0.0298
21:56:54 [INFO] GYRO_DIAG: gx=-0.0137 gy=-0.0003 gz=+0.0017 | peaks: [-1.1527, -1.0660, -0.7428] | yaw=-405.6 pitch=+43.0 roll=+98.7 | mag=0.0138
21:56:55 [INFO] GYRO_DIAG: gx=-0.0162 gy=-0.0119 gz=-0.0117 | peaks: [-1.1527, -1.0660, -0.7428] | yaw=-409.2 pitch=+22.5 roll=+95.9 | mag=0.0233
21:56:56 [INFO] GYRO_DIAG: gx=-0.0070 gy=-0.0083 gz=-0.0105 | peaks: [-1.1527, -1.0660, -0.7428] | yaw=-412.2 pitch=+9.8 roll=+95.1 | mag=0.0151
21:56:57 [INFO] GYRO_DIAG: gx=-0.0119 gy=-0.0003 gz=-0.0062 | peaks: [-1.1527, -1.0660, -0.7428] | yaw=-415.0 pitch=+3.0 roll=+94.0 | mag=0.0134
21:56:57 [INFO] Loop OK - px_off=-178px, zoom=1.0, tracking=True, fps=60, has_frame=True
21:56:57 [INFO] IMU diag: raw_yaw=-63.3deg px_off=-175px yaw_r=1.00 dead=0.02 gyro_mag=0.3357 imu_count=10305 connected=True
21:56:58 [INFO] GYRO_DIAG: gx=+0.0761 gy=+0.0064 gz=+0.0194 | peaks: [-1.1527, -1.0660, -0.7428] | yaw=-431.4 pitch=-105.6 roll=+91.4 | mag=0.0788
21:56:59 [INFO] GYRO_DIAG: gx=+0.0302 gy=+0.0333 gz=+0.0072 | peaks: [-1.1527, -1.0660, -0.7428] | yaw=-439.4 pitch=-59.0 roll=+83.4 | mag=0.0455
21:57:00 [INFO] GYRO_DIAG: gx=-0.0052 gy=+0.0149 gz=+0.0207 | peaks: [-1.1527, -1.0660, -0.7428] | yaw=-420.1 pitch=+45.9 roll=+86.5 | mag=0.0260
21:57:01 [INFO] GYRO_DIAG: gx=+0.0070 gy=-0.0083 gz=+0.0359 | peaks: [-1.1527, -1.0660, -0.7428] | yaw=-364.9 pitch=+23.6 roll=+136.4 | mag=0.0375
21:57:02 [INFO] GYRO_DIAG: gx=+0.0070 gy=-0.4909 gz=-0.3929 | peaks: [-1.1527, -1.0660, -0.7428] | yaw=-394.4 pitch=+9.5 roll=+99.1 | mag=0.6288
21:57:03 [INFO] GYRO_DIAG: gx=-0.0095 gy=+0.2434 gz=+0.2363 | peaks: [-1.1527, -1.0660, -0.7428] | yaw=-417.4 pitch=+4.7 roll=+90.2 | mag=0.3394
21:57:04 [INFO] GYRO_DIAG: gx=-0.0021 gy=-0.1311 gz=-0.0911 | peaks: [-1.1527, -1.0660, -0.7428] | yaw=-436.1 pitch=-1.2 roll=+77.3 | mag=0.1596
21:57:05 [INFO] GYRO_DIAG: gx=-0.0253 gy=+0.3576 gz=+0.2137 | peaks: [-1.1527, -1.0660, -0.7428] | yaw=-347.0 pitch=-7.9 roll=+140.5 | mag=0.4174
21:57:06 [INFO] GYRO_DIAG: gx=-0.0846 gy=+0.1347 gz=+0.1801 | peaks: [-1.1527, -1.0660, -0.7428] | yaw=-426.1 pitch=-46.6 roll=+73.1 | mag=0.2403
21:57:07 [INFO] GYRO_DIAG: gx=+0.0211 gy=-0.0156 gz=-0.0129 | peaks: [-1.1527, -1.0660, -0.7428] | yaw=-414.7 pitch=-28.3 roll=+91.3 | mag=0.0292
21:57:07 [INFO] Loop OK - px_off=-196px, zoom=1.0, tracking=True, fps=60, has_frame=True
21:57:07 [INFO] IMU diag: raw_yaw=-48.0deg px_off=-195px yaw_r=1.00 dead=0.11 gyro_mag=0.0234 imu_count=15239 connected=True
21:57:08 [INFO] GYRO_DIAG: gx=-0.0424 gy=-0.2031 gz=-0.2811 | peaks: [-1.1527, -1.0660, -0.7428] | yaw=-494.4 pitch=-6.8 roll=+14.7 | mag=0.3494
21:57:09 [INFO] GYRO_DIAG: gx=+0.1213 gy=-0.2172 gz=-0.1846 | peaks: [-1.1527, -1.0660, -0.7428] | yaw=-399.9 pitch=+74.5 roll=+109.7 | mag=0.3098
21:57:10 [INFO] GYRO_DIAG: gx=+1.1506 gy=-0.0168 gz=+0.0005 | peaks: [-1.2782, -1.0660, -0.7428] | yaw=-423.7 pitch=-65.0 roll=+73.3 | mag=1.1507
21:57:11 [INFO] GYRO_DIAG: gx=-0.0217 gy=-0.0034 gz=+0.0091 | peaks: [-1.2782, -1.0660, -0.7428] | yaw=-412.5 pitch=-20.6 roll=+86.8 | mag=0.0237
21:57:12 [INFO] GYRO_DIAG: gx=+0.1988 gy=+0.0259 gz=+0.0127 | peaks: [-1.2782, -1.0660, -0.7428] | yaw=-414.8 pitch=-8.8 roll=+84.9 | mag=0.2009
21:57:13 [INFO] GYRO_DIAG: gx=+0.0156 gy=-0.0119 gz=-0.0594 | peaks: [-1.2782, -1.0660, -0.7428] | yaw=-425.5 pitch=-46.9 roll=+78.7 | mag=0.0625
21:57:14 [INFO] GYRO_DIAG: gx=+0.0419 gy=-0.0064 gz=+0.0048 | peaks: [-1.2782, -1.0660, -0.7428] | yaw=-433.8 pitch=+17.3 roll=+79.8 | mag=0.0426
21:57:15 [INFO] GYRO_DIAG: gx=+0.0083 gy=-0.0174 gz=+0.0005 | peaks: [-1.2782, -1.0660, -0.7428] | yaw=-427.3 pitch=+155.4 roll=+113.0 | mag=0.0193
21:57:16 [INFO] GYRO_DIAG: gx=-0.0754 gy=+0.0217 gz=-0.0196 | peaks: [-1.2782, -1.0660, -0.7428] | yaw=-432.9 pitch=+94.4 roll=+108.5 | mag=0.0809
21:57:17 [INFO] GYRO_DIAG: gx=-0.0174 gy=+0.0107 gz=-0.0013 | peaks: [-1.2782, -1.0660, -0.7428] | yaw=-418.7 pitch=+61.1 roll=+114.3 | mag=0.0204
21:57:17 [INFO] Loop OK - px_off=120px, zoom=1.0, tracking=True, fps=60, has_frame=True
21:57:17 [INFO] IMU diag: raw_yaw=-49.2deg px_off=120px yaw_r=1.00 dead=0.11 gyro_mag=0.0234 imu_count=20172 connected=True
21:57:18 [INFO] GYRO_DIAG: gx=-0.0412 gy=+0.4364 gz=+0.2632 | peaks: [-1.2782, -1.0660, -0.7428] | yaw=-331.7 pitch=+37.2 roll=+153.8 | mag=0.5113
21:57:19 [INFO] GYRO_DIAG: gx=-0.0235 gy=-0.1103 gz=-0.0386 | peaks: [-1.2782, -1.0660, -0.7428] | yaw=-348.1 pitch=+20.3 roll=+135.7 | mag=0.1192
21:57:20 [INFO] GYRO_DIAG: gx=+0.1255 gy=+0.1151 gz=-0.0270 | peaks: [-1.2782, -1.0660, -0.7428] | yaw=-316.0 pitch=+63.4 roll=+127.5 | mag=0.1725
21:57:21 [INFO] GYRO_DIAG: gx=-0.0602 gy=-0.1414 gz=-0.0575 | peaks: [-1.2782, -1.0660, -0.7428] | yaw=-370.5 pitch=+6.5 roll=+101.2 | mag=0.1641
21:57:22 [INFO] GYRO_DIAG: gx=-0.0095 gy=+0.0265 gz=+0.0036 | peaks: [-1.2782, -1.0660, -0.7428] | yaw=-378.9 pitch=-6.2 roll=+101.6 | mag=0.0284
21:57:23 [INFO] GYRO_DIAG: gx=-0.0241 gy=+0.0125 gz=+0.0054 | peaks: [-1.2782, -1.0660, -0.7428] | yaw=-386.8 pitch=-13.2 roll=+104.5 | mag=0.0277
21:57:24 [INFO] GYRO_DIAG: gx=+0.0089 gy=-0.0223 gz=+0.0140 | peaks: [-1.2782, -1.0660, -0.7428] | yaw=-391.1 pitch=-12.7 roll=+107.4 | mag=0.0278
21:57:25 [INFO] GYRO_DIAG: gx=+0.0370 gy=+0.0119 gz=-0.0203 | peaks: [-1.2782, -1.0660, -0.7428] | yaw=-394.7 pitch=-9.3 roll=+110.2 | mag=0.0438
21:57:26 [INFO] GYRO_DIAG: gx=-0.0052 gy=-0.0229 gz=-0.0056 | peaks: [-1.2782, -1.0660, -0.7428] | yaw=-393.7 pitch=-6.2 roll=+114.4 | mag=0.0242
21:57:27 [INFO] GYRO_DIAG: gx=-0.0058 gy=-0.0101 gz=-0.0025 | peaks: [-1.2782, -1.0660, -0.7428] | yaw=-397.8 pitch=-11.9 roll=+114.5 | mag=0.0119
21:57:27 [INFO] Loop OK - px_off=101px, zoom=1.0, tracking=True, fps=60, has_frame=True
21:57:27 [INFO] IMU diag: raw_yaw=-30.4deg px_off=101px yaw_r=1.00 dead=0.11 gyro_mag=0.0089 imu_count=25105 connected=True
21:57:28 [INFO] GYRO_DIAG: gx=-0.0052 gy=-0.0174 gz=-0.0093 | peaks: [-1.2782, -1.0660, -0.7428] | yaw=-403.9 pitch=-14.4 roll=+112.6 | mag=0.0204
21:57:29 [INFO] GYRO_DIAG: gx=-0.0021 gy=+0.0021 gz=-0.0062 | peaks: [-1.2782, -1.0660, -0.7428] | yaw=-406.8 pitch=-14.8 roll=+112.8 | mag=0.0069
21:57:30 [INFO] GYRO_DIAG: gx=-0.3118 gy=-0.1683 gz=-0.0306 | peaks: [-1.2782, -1.0660, -0.7428] | yaw=-420.1 pitch=-30.2 roll=+113.3 | mag=0.3557
21:57:31 [INFO] GYRO_DIAG: gx=-0.0229 gy=+0.0064 gz=-0.0032 | peaks: [-1.2782, -1.0660, -0.7428] | yaw=-432.6 pitch=-19.1 roll=+114.8 | mag=0.0240
21:57:32 [INFO] GYRO_DIAG: gx=-0.0113 gy=-0.0657 gz=-0.0019 | peaks: [-1.2782, -1.0660, -0.7428] | yaw=-445.7 pitch=-20.0 roll=+113.7 | mag=0.0667
21:57:33 [INFO] GYRO_DIAG: gx=-0.0467 gy=-0.0199 gz=-0.0032 | peaks: [-1.2782, -1.0660, -0.7428] | yaw=-465.5 pitch=-21.5 roll=+114.1 | mag=0.0509
21:57:34 [INFO] GYRO_DIAG: gx=+0.0052 gy=-0.0217 gz=-0.0190 | peaks: [-1.2782, -1.0660, -0.7428] | yaw=-485.1 pitch=-52.6 roll=+107.3 | mag=0.0293
21:57:35 [INFO] GYRO_DIAG: gx=-0.0070 gy=-0.0523 gz=-0.0154 | peaks: [-1.2782, -1.0660, -0.7428] | yaw=-476.5 pitch=-39.3 roll=+109.1 | mag=0.0549
21:57:36 [INFO] GYRO_DIAG: gx=-0.0620 gy=+0.0235 gz=+0.0017 | peaks: [-1.2782, -1.0660, -0.7428] | yaw=-463.7 pitch=-27.2 roll=+113.2 | mag=0.0663
21:57:37 [INFO] GYRO_DIAG: gx=-0.0382 gy=-0.0107 gz=-0.0056 | peaks: [-1.2782, -1.0660, -0.7428] | yaw=-476.0 pitch=-28.5 roll=+108.3 | mag=0.0400
21:57:37 [INFO] Loop OK - px_off=27px, zoom=1.0, tracking=True, fps=60, has_frame=True
21:57:37 [INFO] IMU diag: raw_yaw=-107.1deg px_off=27px yaw_r=1.00 dead=0.11 gyro_mag=0.0286 imu_count=30042 connected=True
21:57:38 [INFO] GYRO_DIAG: gx=-0.0088 gy=-0.0052 gz=-0.0013 | peaks: [-1.2782, -1.0660, -0.7428] | yaw=-482.7 pitch=-23.0 roll=+107.5 | mag=0.0104
21:57:39 [INFO] GYRO_DIAG: gx=-0.0027 gy=+0.0015 gz=-0.0080 | peaks: [-1.2782, -1.0660, -0.7428] | yaw=-486.1 pitch=-14.4 roll=+107.8 | mag=0.0086
21:57:40 [INFO] GYRO_DIAG: gx=-0.0986 gy=-0.1225 gz=-0.0624 | peaks: [-1.2782, -1.0660, -0.7428] | yaw=-494.6 pitch=-26.4 roll=+102.1 | mag=0.1692
21:57:41 [INFO] GYRO_DIAG: gx=-0.0186 gy=-0.0083 gz=-0.0050 | peaks: [-1.2782, -1.0660, -0.7428] | yaw=-489.0 pitch=-19.5 roll=+107.1 | mag=0.0210
21:57:42 [INFO] GYRO_DIAG: gx=+0.0272 gy=-0.0382 gz=-0.0349 | peaks: [-1.2782, -1.0660, -0.7428] | yaw=-491.9 pitch=+5.8 roll=+106.5 | mag=0.0585
21:57:43 [INFO] GYRO_DIAG: gx=+0.0345 gy=-0.0022 gz=-0.0019 | peaks: [-1.2782, -1.0660, -0.7428] | yaw=-490.8 pitch=+7.5 roll=+108.7 | mag=0.0346
21:57:44 [INFO] GYRO_DIAG: gx=+0.0492 gy=-0.0498 gz=-0.0148 | peaks: [-1.2782, -1.0660, -0.7428] | yaw=-498.4 pitch=+7.8 roll=+108.1 | mag=0.0715
21:57:45 [INFO] GYRO_DIAG: gx=-0.0522 gy=-0.0016 gz=-0.0123 | peaks: [-1.2782, -1.0660, -0.7428] | yaw=-506.3 pitch=-11.0 roll=+106.8 | mag=0.0537
21:57:46 [INFO] GYRO_DIAG: gx=-0.0046 gy=-0.0095 gz=-0.0074 | peaks: [-1.2782, -1.0660, -0.7428] | yaw=-510.1 pitch=-11.2 roll=+107.8 | mag=0.0129
21:57:47 [INFO] Loop OK - px_off=-16px, zoom=1.0, tracking=True, fps=60, has_frame=True
21:57:47 [INFO] IMU diag: raw_yaw=-145.8deg px_off=-16px yaw_r=1.00 dead=0.11 gyro_mag=0.0602 imu_count=34976 connected=True
21:57:47 [INFO] GYRO_DIAG: gx=-0.0534 gy=-0.0278 gz=-0.0203 | peaks: [-1.2782, -1.0660, -0.7428] | yaw=-514.6 pitch=-32.6 roll=+112.1 | mag=0.0636
21:57:48 [INFO] GYRO_DIAG: gx=+0.0211 gy=+0.0210 gz=+0.0127 | peaks: [-1.2782, -1.0660, -0.7428] | yaw=-514.6 pitch=-17.7 roll=+111.4 | mag=0.0324
21:57:49 [INFO] GYRO_DIAG: gx=-0.0205 gy=-0.0217 gz=+0.0078 | peaks: [-1.2782, -1.0660, -0.7428] | yaw=-524.9 pitch=-18.8 roll=+110.3 | mag=0.0308
21:57:50 [INFO] GYRO_DIAG: gx=-0.0009 gy=+0.0003 gz=-0.0025 | peaks: [-1.2782, -1.0660, -0.7428] | yaw=-536.7 pitch=-22.2 roll=+110.5 | mag=0.0027
21:57:51 [INFO] GYRO_DIAG: gx=+0.0217 gy=+0.0192 gz=-0.0135 | peaks: [-1.2782, -1.0660, -0.7428] | yaw=-539.3 pitch=-16.1 roll=+108.8 | mag=0.0320
21:57:52 [INFO] GYRO_DIAG: gx=-0.0150 gy=-0.0095 gz=-0.0166 | peaks: [-1.2782, -1.0660, -0.7428] | yaw=-541.9 pitch=-13.2 roll=+109.5 | mag=0.0243
21:57:53 [INFO] GYRO_DIAG: gx=-0.0082 gy=+0.0064 gz=-0.0032 | peaks: [-1.2782, -1.0660, -0.7428] | yaw=-545.1 pitch=-13.4 roll=+109.3 | mag=0.0109
21:57:54 [INFO] GYRO_DIAG: gx=-0.0058 gy=+0.0168 gz=-0.0050 | peaks: [-1.2782, -1.0660, -0.7428] | yaw=-548.5 pitch=-13.2 roll=+109.3 | mag=0.0184
21:57:55 [INFO] GYRO_DIAG: gx=-0.0070 gy=-0.0028 gz=+0.0103 | peaks: [-1.2782, -1.0660, -0.7428] | yaw=-551.4 pitch=-13.8 roll=+109.9 | mag=0.0128
21:57:56 [INFO] GYRO_DIAG: gx=-0.0088 gy=-0.0022 gz=-0.0038 | peaks: [-1.2782, -1.0660, -0.7428] | yaw=-554.5 pitch=-13.3 roll=+109.2 | mag=0.0099
21:57:57 [INFO] Loop OK - px_off=-13px, zoom=1.0, tracking=True, fps=60, has_frame=True
21:57:57 [INFO] IMU diag: raw_yaw=171.4deg px_off=-13px yaw_r=1.00 dead=0.11 gyro_mag=0.0116 imu_count=39910 connected=True
21:57:57 [INFO] GYRO_DIAG: gx=-0.0088 gy=-0.0132 gz=-0.0141 | peaks: [-1.2782, -1.0660, -0.7428] | yaw=-557.7 pitch=-13.6 roll=+109.5 | mag=0.0213
21:57:58 [INFO] GYRO_DIAG: gx=-0.0033 gy=-0.0095 gz=-0.0001 | peaks: [-1.2782, -1.0660, -0.7428] | yaw=-560.1 pitch=-14.7 roll=+110.1 | mag=0.0101
21:58:00 [INFO] GYRO_DIAG: gx=+0.0040 gy=+0.0039 gz=+0.0005 | peaks: [-1.2782, -1.0660, -0.7428] | yaw=-563.3 pitch=-13.3 roll=+109.7 | mag=0.0056
21:58:01 [INFO] GYRO_DIAG: gx=-0.0180 gy=-0.0089 gz=-0.0148 | peaks: [-1.2782, -1.0660, -0.7428] | yaw=-566.7 pitch=-14.1 roll=+109.9 | mag=0.0249
21:58:02 [INFO] GYRO_DIAG: gx=-0.0095 gy=-0.0150 gz=-0.0086 | peaks: [-1.2782, -1.0660, -0.7428] | yaw=-568.3 pitch=-15.3 roll=+109.9 | mag=0.0197
21:58:03 [INFO] GYRO_DIAG: gx=-0.0064 gy=-0.0174 gz=-0.0160 | peaks: [-1.2782, -1.0660, -0.7428] | yaw=-572.1 pitch=-13.9 roll=+109.3 | mag=0.0245
21:58:04 [INFO] GYRO_DIAG: gx=+0.0382 gy=+0.0528 gz=+0.0036 | peaks: [-1.2782, -1.0660, -0.7428] | yaw=-573.9 pitch=-12.8 roll=+110.2 | mag=0.0653
21:58:05 [INFO] GYRO_DIAG: gx=-0.0302 gy=+0.0821 gz=-0.0166 | peaks: [-1.2782, -1.0660, -0.7428] | yaw=-579.3 pitch=+27.7 roll=+106.0 | mag=0.0891
21:58:06 [INFO] GYRO_DIAG: gx=-0.0143 gy=-0.0248 gz=-0.0086 | peaks: [-1.2782, -1.0660, -0.7428] | yaw=-588.4 pitch=-29.8 roll=+110.2 | mag=0.0299
21:58:07 [INFO] GYRO_DIAG: gx=-0.0113 gy=-0.0034 gz=+0.0017 | peaks: [-1.2782, -1.0660, -0.7428] | yaw=-594.9 pitch=-23.2 roll=+109.7 | mag=0.0119
21:58:07 [INFO] Loop OK - px_off=-125px, zoom=1.0, tracking=True, fps=60, has_frame=True
21:58:07 [INFO] IMU diag: raw_yaw=132.0deg px_off=-125px yaw_r=1.00 dead=0.11 gyro_mag=0.0081 imu_count=44845 connected=True
21:58:08 [INFO] GYRO_DIAG: gx=-0.0052 gy=-0.0034 gz=-0.0050 | peaks: [-1.2782, -1.0660, -0.7428] | yaw=-597.8 pitch=-18.9 roll=+109.3 | mag=0.0080
21:58:09 [INFO] GYRO_DIAG: gx=-0.0027 gy=-0.0058 gz=-0.0050 | peaks: [-1.2782, -1.0660, -0.7428] | yaw=-600.6 pitch=-13.4 roll=+110.1 | mag=0.0081
21:58:10 [INFO] GYRO_DIAG: gx=-0.0174 gy=+0.0015 gz=+0.0011 | peaks: [-1.2782, -1.0660, -0.7428] | yaw=-603.9 pitch=-13.7 roll=+110.1 | mag=0.0175
21:58:11 [INFO] GYRO_DIAG: gx=+0.4860 gy=+0.3992 gz=+0.2375 | peaks: [-1.2782, -1.0660, -0.7428] | yaw=-581.4 pitch=+1.7 roll=+123.4 | mag=0.6722
21:58:12 [INFO] GYRO_DIAG: gx=-0.0088 gy=-0.0419 gz=-0.0196 | peaks: [-1.2782, -1.0660, -0.7428] | yaw=-529.9 pitch=+15.2 roll=+134.4 | mag=0.0471
21:58:13 [INFO] GYRO_DIAG: gx=-0.0559 gy=+0.0369 gz=+0.0072 | peaks: [-1.2782, -1.0660, -0.7428] | yaw=-631.4 pitch=-16.5 roll=+107.2 | mag=0.0674
21:58:14 [INFO] GYRO_DIAG: gx=+0.0449 gy=-0.0199 gz=-0.0160 | peaks: [-1.2782, -1.0660, -0.7428] | yaw=-625.0 pitch=-32.8 roll=+95.8 | mag=0.0516
21:58:15 [INFO] GYRO_DIAG: gx=-0.0211 gy=+0.0015 gz=-0.0105 | peaks: [-1.2782, -1.0660, -0.7428] | yaw=-627.7 pitch=-25.6 roll=+101.5 | mag=0.0236
21:58:16 [INFO] GYRO_DIAG: gx=-0.0113 gy=-0.0113 gz=-0.0050 | peaks: [-1.2782, -1.0660, -0.7428] | yaw=-632.3 pitch=-22.4 roll=+104.8 | mag=0.0168
21:58:17 [INFO] GYRO_DIAG: gx=+0.0193 gy=-0.0034 gz=+0.0054 | peaks: [-1.2782, -1.0660, -0.7428] | yaw=-643.9 pitch=-35.9 roll=+104.7 | mag=0.0203
21:58:17 [INFO] Loop OK - px_off=-132px, zoom=1.0, tracking=True, fps=60, has_frame=True
21:58:17 [INFO] IMU diag: raw_yaw=82.0deg px_off=-131px yaw_r=1.00 dead=0.11 gyro_mag=0.0187 imu_count=49778 connected=True
21:58:18 [INFO] GYRO_DIAG: gx=-0.0113 gy=-0.0156 gz=-0.0007 | peaks: [-1.2782, -1.0660, -0.7428] | yaw=-649.5 pitch=-25.1 roll=+105.8 | mag=0.0193
21:58:19 [INFO] GYRO_DIAG: gx=+0.0089 gy=+0.0058 gz=+0.0103 | peaks: [-1.2782, -1.0660, -0.7428] | yaw=-638.5 pitch=+11.8 roll=+112.0 | mag=0.0148
21:58:20 [INFO] GYRO_DIAG: gx=+0.0535 gy=+0.1817 gz=-0.0099 | peaks: [-1.2782, -1.0660, -0.7428] | yaw=-669.8 pitch=-68.1 roll=+96.8 | mag=0.1897
21:58:21 [INFO] GYRO_DIAG: gx=+0.0278 gy=+0.0027 gz=+0.0078 | peaks: [-1.2782, -1.0660, -0.7428] | yaw=-668.1 pitch=-34.7 roll=+103.9 | mag=0.0290
21:58:22 [INFO] GYRO_DIAG: gx=-0.0418 gy=+0.0064 gz=-0.0056 | peaks: [-1.2782, -1.0660, -0.7428] | yaw=-653.2 pitch=+19.7 roll=+115.3 | mag=0.0427
21:58:22 [INFO] Hotkeys triggered: {'recenter'}
21:58:22 [INFO] Recentered
21:58:23 [INFO] GYRO_DIAG: gx=-0.0363 gy=-0.0370 gz=-0.0282 | peaks: [-1.2782, -1.0660, -0.7428] | yaw=-679.5 pitch=-15.6 roll=+104.0 | mag=0.0590
21:58:24 [INFO] GYRO_DIAG: gx=+0.0284 gy=+0.0186 gz=+0.0023 | peaks: [-1.2782, -1.0660, -0.7428] | yaw=-657.3 pitch=+17.1 roll=+117.4 | mag=0.0340
21:58:25 [INFO] GYRO_DIAG: gx=-0.1591 gy=-0.0572 gz=-0.0355 | peaks: [-1.2782, -1.0660, -0.7428] | yaw=-666.1 pitch=+28.0 roll=+106.5 | mag=0.1728
21:58:26 [INFO] GYRO_DIAG: gx=-0.0143 gy=+0.0192 gz=+0.0023 | peaks: [-1.2782, -1.0660, -0.7428] | yaw=-692.6 pitch=-42.4 roll=+103.8 | mag=0.0241
21:58:27 [INFO] GYRO_DIAG: gx=+0.0443 gy=+0.0070 gz=+0.0109 | peaks: [-1.2782, -1.0660, -0.7428] | yaw=-691.2 pitch=-8.5 roll=+106.1 | mag=0.0462
21:58:27 [INFO] Loop OK - px_off=-166px, zoom=1.0, tracking=True, fps=60, has_frame=True
21:58:27 [INFO] IMU diag: raw_yaw=-38.9deg px_off=-166px yaw_r=1.00 dead=0.11 gyro_mag=0.0035 imu_count=54717 connected=True
21:58:28 [INFO] GYRO_DIAG: gx=-0.0217 gy=-0.0229 gz=-0.0062 | peaks: [-1.2782, -1.0660, -0.7428] | yaw=-695.7 pitch=-7.8 roll=+106.5 | mag=0.0322
21:58:29 [INFO] GYRO_DIAG: gx=-0.0168 gy=-0.0040 gz=-0.0044 | peaks: [-1.2782, -1.0660, -0.7428] | yaw=-709.9 pitch=-22.9 roll=+103.8 | mag=0.0178
21:58:30 [INFO] GYRO_DIAG: gx=-0.0046 gy=-0.0058 gz=-0.0117 | peaks: [-1.2782, -1.0660, -0.7428] | yaw=-715.6 pitch=-17.0 roll=+103.9 | mag=0.0139
21:58:31 [INFO] GYRO_DIAG: gx=-0.0046 gy=+0.0094 gz=+0.0005 | peaks: [-1.2782, -1.0660, -0.7428] | yaw=-717.7 pitch=-12.9 roll=+104.9 | mag=0.0105
21:58:32 [INFO] GYRO_DIAG: gx=-0.0021 gy=-0.0071 gz=-0.0007 | peaks: [-1.2782, -1.0660, -0.7428] | yaw=-720.0 pitch=-9.0 roll=+105.9 | mag=0.0074
21:58:33 [INFO] GYRO_DIAG: gx=+0.0034 gy=-0.0229 gz=-0.0184 | peaks: [-1.2782, -1.0660, -0.7428] | yaw=-723.4 pitch=-8.0 roll=+105.5 | mag=0.0296
21:58:34 [INFO] GYRO_DIAG: gx=-0.0064 gy=+0.0125 gz=-0.0032 | peaks: [-1.2782, -1.0660, -0.7428] | yaw=-726.7 pitch=-7.6 roll=+106.0 | mag=0.0144
21:58:35 [INFO] GYRO_DIAG: gx=-0.0064 gy=-0.0040 gz=-0.0019 | peaks: [-1.2782, -1.0660, -0.7428] | yaw=-730.9 pitch=-8.9 roll=+106.3 | mag=0.0078
21:58:36 [INFO] GYRO_DIAG: gx=-0.0143 gy=-0.0022 gz=-0.0050 | peaks: [-1.2782, -1.0660, -0.7428] | yaw=-733.0 pitch=-8.4 roll=+106.3 | mag=0.0153
21:58:37 [INFO] GYRO_DIAG: gx=-0.0113 gy=-0.0071 gz=-0.0007 | peaks: [-1.2782, -1.0660, -0.7428] | yaw=-736.7 pitch=-9.6 roll=+106.3 | mag=0.0133
21:58:37 [INFO] Loop OK - px_off=-84px, zoom=1.0, tracking=True, fps=60, has_frame=True
21:58:37 [INFO] IMU diag: raw_yaw=-84.2deg px_off=-84px yaw_r=1.00 dead=0.11 gyro_mag=0.0128 imu_count=59651 connected=True
21:58:38 [INFO] GYRO_DIAG: gx=-0.0088 gy=-0.0052 gz=-0.0080 | peaks: [-1.2782, -1.0660, -0.7428] | yaw=-739.2 pitch=-9.5 roll=+106.7 | mag=0.0130
21:58:39 [INFO] GYRO_DIAG: gx=+0.0104 gy=+0.0096 gz=+0.0040 | peaks: [-1.2782, -1.0660, -0.7428] | yaw=-742.1 pitch=-9.1 roll=+106.3 | mag=0.0147
21:58:40 [INFO] GYRO_DIAG: gx=+0.0140 gy=+0.0493 gz=+0.0229 | peaks: [-1.2782, -1.0660, -0.7428] | yaw=-740.0 pitch=-4.8 roll=+110.6 | mag=0.0562
21:58:41 [INFO] GYRO_DIAG: gx=-0.0917 gy=-0.1291 gz=-0.0437 | peaks: [-1.2782, -1.0660, -0.7428] | yaw=-721.8 pitch=-11.1 roll=+117.3 | mag=0.1642
21:58:42 [INFO] GYRO_DIAG: gx=-0.0135 gy=+0.0004 gz=+0.0303 | peaks: [-1.2782, -1.0660, -0.7428] | yaw=-719.4 pitch=-23.9 roll=+112.8 | mag=0.0331
21:58:43 [INFO] GYRO_DIAG: gx=-0.0214 gy=+0.0188 gz=+0.0022 | peaks: [-1.2782, -1.0660, -0.7428] | yaw=-717.3 pitch=-13.6 roll=+113.1 | mag=0.0286
21:58:44 [INFO] GYRO_DIAG: gx=+0.0122 gy=-0.0093 gz=-0.0021 | peaks: [-1.2782, -1.0660, -0.7428] | yaw=-718.2 pitch=-8.8 roll=+111.1 | mag=0.0155
21:58:45 [INFO] GYRO_DIAG: gx=+0.0134 gy=+0.0066 gz=+0.0040 | peaks: [-1.2782, -1.0660, -0.7428] | yaw=-724.9 pitch=-4.5 roll=+109.1 | mag=0.0155
21:58:46 [INFO] GYRO_DIAG: gx=-0.0074 gy=+0.0029 gz=-0.0174 | peaks: [-1.2782, -1.0660, -0.7428] | yaw=-724.2 pitch=-2.8 roll=+109.3 | mag=0.0191
21:58:47 [INFO] GYRO_DIAG: gx=-0.0006 gy=-0.0154 gz=+0.0034 | peaks: [-1.2782, -1.0660, -0.7428] | yaw=-726.5 pitch=-1.7 roll=+108.8 | mag=0.0158
21:58:47 [INFO] Loop OK - px_off=-60px, zoom=1.0, tracking=True, fps=60, has_frame=True
21:58:47 [INFO] IMU diag: raw_yaw=-72.3deg px_off=-60px yaw_r=1.00 dead=0.11 gyro_mag=0.0118 imu_count=64589 connected=True
21:58:48 [INFO] GYRO_DIAG: gx=+0.0012 gy=-0.0026 gz=-0.0021 | peaks: [-1.2782, -1.0660, -0.7428] | yaw=-726.1 pitch=-2.8 roll=+109.5 | mag=0.0036
21:58:49 [INFO] GYRO_DIAG: gx=-0.0000 gy=+0.0078 gz=-0.0033 | peaks: [-1.2782, -1.0660, -0.7428] | yaw=-726.6 pitch=-1.6 roll=+109.2 | mag=0.0085
21:58:50 [INFO] GYRO_DIAG: gx=-0.0067 gy=+0.0218 gz=-0.0003 | peaks: [-1.2782, -1.0660, -0.7428] | yaw=-725.5 pitch=-3.4 roll=+109.2 | mag=0.0228
21:58:51 [INFO] GYRO_DIAG: gx=+0.0024 gy=-0.0081 gz=-0.0235 | peaks: [-1.2782, -1.0660, -0.7428] | yaw=-726.0 pitch=-3.2 roll=+109.0 | mag=0.0250
21:58:52 [INFO] GYRO_DIAG: gx=+0.0073 gy=-0.0185 gz=-0.0003 | peaks: [-1.2782, -1.0660, -0.7428] | yaw=-726.1 pitch=-1.8 roll=+108.6 | mag=0.0199
21:58:53 [INFO] GYRO_DIAG: gx=+0.0220 gy=+0.0102 gz=+0.0187 | peaks: [-1.2782, -1.0660, -0.7428] | yaw=-727.0 pitch=-1.8 roll=+109.5 | mag=0.0306
21:58:54 [INFO] GYRO_DIAG: gx=-0.0110 gy=+0.0023 gz=-0.0082 | peaks: [-1.2782, -1.0660, -0.7428] | yaw=-728.2 pitch=-0.4 roll=+108.7 | mag=0.0139
21:58:55 [INFO] GYRO_DIAG: gx=-0.0012 gy=+0.0353 gz=+0.0138 | peaks: [-1.2782, -1.0660, -0.7428] | yaw=-730.5 pitch=-2.2 roll=+108.3 | mag=0.0379
21:58:56 [INFO] GYRO_DIAG: gx=+0.0036 gy=-0.0154 gz=-0.0082 | peaks: [-1.2782, -1.0660, -0.7428] | yaw=-728.4 pitch=-0.8 roll=+108.9 | mag=0.0179
21:58:57 [INFO] GYRO_DIAG: gx=+0.0042 gy=-0.0057 gz=-0.0076 | peaks: [-1.2782, -1.0660, -0.7428] | yaw=-730.4 pitch=-1.3 roll=+108.3 | mag=0.0104
21:58:57 [INFO] Loop OK - px_off=-51px, zoom=1.0, tracking=True, fps=60, has_frame=True
21:58:57 [INFO] IMU diag: raw_yaw=-77.3deg px_off=-51px yaw_r=1.00 dead=0.11 gyro_mag=0.0223 imu_count=69526 connected=True
21:58:58 [INFO] GYRO_DIAG: gx=-0.0098 gy=+0.0194 gz=+0.0199 | peaks: [-1.2782, -1.0660, -0.7428] | yaw=-731.4 pitch=-1.6 roll=+108.6 | mag=0.0294
21:58:59 [INFO] GYRO_DIAG: gx=+0.0012 gy=+0.0011 gz=+0.0089 | peaks: [-1.2782, -1.0660, -0.7428] | yaw=-731.8 pitch=-0.7 roll=+108.6 | mag=0.0090
21:59:00 [INFO] GYRO_DIAG: gx=+0.0012 gy=+0.0047 gz=+0.0003 | peaks: [-1.2782, -1.0660, -0.7428] | yaw=-732.4 pitch=-2.0 roll=+109.2 | mag=0.0049
21:59:01 [INFO] GYRO_DIAG: gx=+0.0134 gy=+0.0206 gz=+0.0138 | peaks: [-1.2782, -1.0660, -0.7428] | yaw=-731.4 pitch=+0.4 roll=+109.7 | mag=0.0282
21:59:02 [INFO] GYRO_DIAG: gx=+0.0323 gy=+0.0933 gz=+0.0590 | peaks: [-1.2782, -1.0660, -0.7428] | yaw=-731.8 pitch=-5.4 roll=+108.5 | mag=0.1150
21:59:03 [INFO] GYRO_DIAG: gx=+0.0409 gy=-0.0576 gz=-0.0259 | peaks: [-1.2782, -1.0660, -0.7428] | yaw=-726.7 pitch=+1.7 roll=+112.9 | mag=0.0752
21:59:04 [INFO] GYRO_DIAG: gx=-0.0031 gy=+0.0004 gz=-0.0033 | peaks: [-1.2782, -1.0660, -0.7428] | yaw=-730.2 pitch=+14.8 roll=+113.7 | mag=0.0046
21:59:05 [INFO] GYRO_DIAG: gx=+0.0574 gy=-0.0173 gz=-0.0113 | peaks: [-1.2782, -1.0660, -0.7428] | yaw=-735.7 pitch=+8.5 roll=+110.4 | mag=0.0610
21:59:06 [INFO] GYRO_DIAG: gx=-0.0208 gy=+0.0188 gz=+0.0150 | peaks: [-1.2782, -1.0660, -0.7428] | yaw=-743.5 pitch=-17.6 roll=+103.6 | mag=0.0318
21:59:07 [INFO] Loop OK - px_off=-56px, zoom=1.0, tracking=True, fps=60, has_frame=True
21:59:07 [INFO] IMU diag: raw_yaw=-87.9deg px_off=-56px yaw_r=1.00 dead=0.11 gyro_mag=0.0073 imu_count=74462 connected=True
21:59:07 [INFO] GYRO_DIAG: gx=+0.0097 gy=-0.0185 gz=-0.0107 | peaks: [-1.2782, -1.0660, -0.7428] | yaw=-742.5 pitch=-12.4 roll=+106.3 | mag=0.0235
21:59:08 [INFO] GYRO_DIAG: gx=-0.0000 gy=-0.0008 gz=-0.0052 | peaks: [-1.2782, -1.0660, -0.7428] | yaw=-743.7 pitch=-8.6 roll=+107.2 | mag=0.0052
21:59:09 [INFO] GYRO_DIAG: gx=+0.0733 gy=+0.1165 gz=+0.0620 | peaks: [-1.2782, -1.0660, -0.7428] | yaw=-734.1 pitch=+30.6 roll=+116.7 | mag=0.1510
21:59:10 [INFO] GYRO_DIAG: gx=+0.0079 gy=-0.0173 gz=-0.0039 | peaks: [-1.2782, -1.0660, -0.7428] | yaw=-727.1 pitch=+18.2 roll=+117.0 | mag=0.0194
21:59:11 [INFO] GYRO_DIAG: gx=+0.0152 gy=+0.0066 gz=-0.0125 | peaks: [-1.2782, -1.0660, -0.7428] | yaw=-730.2 pitch=+39.4 roll=+112.1 | mag=0.0208
21:59:12 [INFO] GYRO_DIAG: gx=-0.0019 gy=-0.0191 gz=-0.0253 | peaks: [-1.2782, -1.0660, -0.7428] | yaw=-736.9 pitch=+19.9 roll=+109.0 | mag=0.0318
21:59:13 [INFO] GYRO_DIAG: gx=-0.0251 gy=-0.0160 gz=-0.0278 | peaks: [-1.2782, -1.0660, -0.7428] | yaw=-746.1 pitch=-0.6 roll=+105.7 | mag=0.0407
21:59:14 [INFO] GYRO_DIAG: gx=-0.0190 gy=-0.0209 gz=-0.0015 | peaks: [-1.2782, -1.0660, -0.7428] | yaw=-745.9 pitch=-5.8 roll=+107.4 | mag=0.0283
21:59:16 [INFO] GYRO_DIAG: gx=+0.2938 gy=+0.1385 gz=+0.2074 | peaks: [-1.2782, -1.0660, -0.7428] | yaw=-744.8 pitch=+15.8 roll=+117.6 | mag=0.3854
21:59:17 [INFO] GYRO_DIAG: gx=+0.0433 gy=-0.3600 gz=-0.1151 | peaks: [-1.2782, -1.0660, -0.7428] | yaw=-668.8 pitch=+31.8 roll=+148.8 | mag=0.3804
21:59:17 [INFO] Loop OK - px_off=-243px, zoom=1.0, tracking=True, fps=60, has_frame=True
21:59:17 [INFO] IMU diag: raw_yaw=-80.8deg px_off=-242px yaw_r=1.00 dead=0.11 gyro_mag=0.0994 imu_count=79389 connected=True
21:59:18 [INFO] GYRO_DIAG: gx=-0.0110 gy=-0.0405 gz=-0.0076 | peaks: [-1.2782, -1.0660, -0.7428] | yaw=-732.3 pitch=+15.6 roll=+123.5 | mag=0.0426
21:59:19 [INFO] GYRO_DIAG: gx=-0.0037 gy=+0.0084 gz=+0.0034 | peaks: [-1.2782, -1.0660, -0.7428] | yaw=-755.1 pitch=-1.6 roll=+120.0 | mag=0.0098
21:59:20 [INFO] GYRO_DIAG: gx=-0.0300 gy=-0.0209 gz=-0.0070 | peaks: [-1.2782, -1.0660, -0.7428] | yaw=-671.1 pitch=+3.5 roll=+143.1 | mag=0.0372
21:59:21 [INFO] GYRO_DIAG: gx=-0.0061 gy=-0.0295 gz=-0.0186 | peaks: [-1.2782, -1.0660, -0.7428] | yaw=-705.3 pitch=-10.5 roll=+125.1 | mag=0.0354
21:59:22 [INFO] GYRO_DIAG: gx=-0.0562 gy=-0.2714 gz=-0.1787 | peaks: [-1.2782, -1.0660, -0.7428] | yaw=-753.7 pitch=-17.9 roll=+97.3 | mag=0.3297
21:59:23 [INFO] GYRO_DIAG: gx=-0.0226 gy=+0.0133 gz=+0.0144 | peaks: [-1.2782, -1.0660, -0.7428] | yaw=-770.7 pitch=-25.5 roll=+97.6 | mag=0.0299
21:59:24 [INFO] GYRO_DIAG: gx=-0.0037 gy=+0.0243 gz=+0.0132 | peaks: [-1.2782, -1.0660, -0.7428] | yaw=-761.2 pitch=-28.3 roll=+104.3 | mag=0.0279
21:59:25 [INFO] GYRO_DIAG: gx=-0.0043 gy=-0.0136 gz=+0.0077 | peaks: [-1.2782, -1.0660, -0.7428] | yaw=-762.2 pitch=-15.7 roll=+109.2 | mag=0.0162
21:59:26 [INFO] GYRO_DIAG: gx=+0.0024 gy=+0.0133 gz=+0.0003 | peaks: [-1.2782, -1.0660, -0.7428] | yaw=-762.5 pitch=-11.2 roll=+111.4 | mag=0.0135
21:59:27 [INFO] GYRO_DIAG: gx=-0.0037 gy=+0.0053 gz=+0.0058 | peaks: [-1.2782, -1.0660, -0.7428] | yaw=-763.4 pitch=-6.4 roll=+112.4 | mag=0.0087
21:59:27 [INFO] Loop OK - px_off=6px, zoom=1.0, tracking=True, fps=60, has_frame=True
21:59:27 [INFO] IMU diag: raw_yaw=-111.3deg px_off=6px yaw_r=1.00 dead=0.11 gyro_mag=0.0030 imu_count=84316 connected=True
21:59:28 [INFO] GYRO_DIAG: gx=+0.0012 gy=+0.0163 gz=-0.0003 | peaks: [-1.2782, -1.0660, -0.7428] | yaw=-765.5 pitch=-4.4 roll=+112.8 | mag=0.0164
21:59:29 [INFO] GYRO_DIAG: gx=-0.0006 gy=+0.0114 gz=-0.0009 | peaks: [-1.2782, -1.0660, -0.7428] | yaw=-766.5 pitch=-2.9 roll=+113.3 | mag=0.0115
21:59:30 [INFO] GYRO_DIAG: gx=-0.0074 gy=+0.0114 gz=-0.0003 | peaks: [-1.2782, -1.0660, -0.7428] | yaw=-768.3 pitch=-1.8 roll=+113.0 | mag=0.0136
21:59:31 [INFO] GYRO_DIAG: gx=-0.0000 gy=+0.0059 gz=+0.0064 | peaks: [-1.2782, -1.0660, -0.7428] | yaw=-770.0 pitch=-1.8 roll=+113.2 | mag=0.0088
21:59:32 [INFO] GYRO_DIAG: gx=+0.0055 gy=+0.0102 gz=+0.0046 | peaks: [-1.2782, -1.0660, -0.7428] | yaw=-769.6 pitch=-0.6 roll=+113.4 | mag=0.0125
21:59:33 [INFO] GYRO_DIAG: gx=+0.0030 gy=-0.0124 gz=-0.0027 | peaks: [-1.2782, -1.0660, -0.7428] | yaw=-770.0 pitch=+0.0 roll=+113.7 | mag=0.0130
21:59:34 [INFO] GYRO_DIAG: gx=+0.0036 gy=+0.0011 gz=+0.0040 | peaks: [-1.2782, -1.0660, -0.7428] | yaw=-771.1 pitch=+2.2 roll=+114.7 | mag=0.0055
21:59:35 [INFO] GYRO_DIAG: gx=-0.0037 gy=-0.0081 gz=-0.0070 | peaks: [-1.2782, -1.0660, -0.7428] | yaw=-770.5 pitch=+2.5 roll=+115.0 | mag=0.0113
21:59:36 [INFO] GYRO_DIAG: gx=-0.0025 gy=-0.0142 gz=-0.0094 | peaks: [-1.2782, -1.0660, -0.7428] | yaw=-771.7 pitch=+0.3 roll=+114.6 | mag=0.0172
21:59:37 [INFO] GYRO_DIAG: gx=+0.0030 gy=-0.0057 gz=-0.0052 | peaks: [-1.2782, -1.0660, -0.7428] | yaw=-772.4 pitch=-0.4 roll=+114.8 | mag=0.0082
21:59:37 [INFO] Loop OK - px_off=6px, zoom=1.0, tracking=True, fps=60, has_frame=True
21:59:37 [INFO] IMU diag: raw_yaw=-119.0deg px_off=6px yaw_r=1.00 dead=0.11 gyro_mag=0.0036 imu_count=89242 connected=True
21:59:38 [INFO] GYRO_DIAG: gx=+0.0036 gy=-0.0081 gz=-0.0009 | peaks: [-1.2782, -1.0660, -0.7428] | yaw=-772.9 pitch=+0.0 roll=+114.5 | mag=0.0089
21:59:39 [INFO] GYRO_DIAG: gx=+0.0067 gy=-0.0020 gz=+0.0028 | peaks: [-1.2782, -1.0660, -0.7428] | yaw=-773.2 pitch=-0.4 roll=+114.8 | mag=0.0075
21:59:40 [INFO] GYRO_DIAG: gx=-0.0025 gy=-0.0051 gz=-0.0131 | peaks: [-1.2782, -1.0660, -0.7428] | yaw=-773.4 pitch=-0.1 roll=+114.6 | mag=0.0143
21:59:41 [INFO] GYRO_DIAG: gx=-0.0061 gy=+0.0035 gz=+0.0009 | peaks: [-1.2782, -1.0660, -0.7428] | yaw=-773.9 pitch=+0.2 roll=+114.3 | mag=0.0071
21:59:42 [INFO] GYRO_DIAG: gx=-0.0067 gy=+0.0017 gz=-0.0027 | peaks: [-1.2782, -1.0660, -0.7428] | yaw=-774.2 pitch=-0.7 roll=+114.5 | mag=0.0075
21:59:43 [INFO] GYRO_DIAG: gx=+0.0036 gy=+0.0053 gz=+0.0058 | peaks: [-1.2782, -1.0660, -0.7428] | yaw=-774.6 pitch=-0.2 roll=+114.3 | mag=0.0087
21:59:44 [INFO] GYRO_DIAG: gx=+0.0085 gy=+0.0108 gz=+0.0150 | peaks: [-1.2782, -1.0660, -0.7428] | yaw=-773.9 pitch=+0.7 roll=+115.1 | mag=0.0204
21:59:45 [INFO] GYRO_DIAG: gx=+0.0049 gy=+0.0035 gz=+0.0028 | peaks: [-1.2782, -1.0660, -0.7428] | yaw=-774.6 pitch=-0.9 roll=+115.3 | mag=0.0066
21:59:46 [INFO] GYRO_DIAG: gx=+0.0055 gy=-0.0130 gz=-0.0039 | peaks: [-1.2782, -1.0660, -0.7428] | yaw=-774.5 pitch=+0.5 roll=+114.6 | mag=0.0146
21:59:47 [INFO] GYRO_DIAG: gx=-0.0049 gy=+0.0151 gz=+0.0070 | peaks: [-1.2782, -1.0660, -0.7428] | yaw=-775.7 pitch=-1.0 roll=+114.0 | mag=0.0174
21:59:47 [INFO] Loop OK - px_off=6px, zoom=1.0, tracking=True, fps=60, has_frame=True
21:59:47 [INFO] IMU diag: raw_yaw=-121.7deg px_off=6px yaw_r=1.00 dead=0.11 gyro_mag=0.0678 imu_count=94169 connected=True
21:59:48 [INFO] GYRO_DIAG: gx=-0.0147 gy=+0.0377 gz=+0.0150 | peaks: [-1.2782, -1.0660, -0.7428] | yaw=-774.4 pitch=+1.3 roll=+115.3 | mag=0.0432
21:59:49 [INFO] GYRO_DIAG: gx=+0.0104 gy=+0.0169 gz=-0.0064 | peaks: [-1.2782, -1.0660, -0.7428] | yaw=-769.9 pitch=+0.6 roll=+115.0 | mag=0.0209
21:59:50 [INFO] GYRO_DIAG: gx=-0.0141 gy=+0.0004 gz=-0.0088 | peaks: [-1.2782, -1.0660, -0.7428] | yaw=-770.3 pitch=-0.9 roll=+115.7 | mag=0.0166
21:59:51 [INFO] GYRO_DIAG: gx=-0.0037 gy=+0.0029 gz=-0.0027 | peaks: [-1.2782, -1.0660, -0.7428] | yaw=-771.7 pitch=-1.5 roll=+114.4 | mag=0.0054
21:59:52 [INFO] GYRO_DIAG: gx=-0.0043 gy=-0.0124 gz=-0.0076 | peaks: [-1.2782, -1.0660, -0.7428] | yaw=-773.6 pitch=-1.7 roll=+113.8 | mag=0.0152
21:59:53 [INFO] GYRO_DIAG: gx=+0.0159 gy=-0.0063 gz=-0.0046 | peaks: [-1.2782, -1.0660, -0.7428] | yaw=-773.1 pitch=-0.3 roll=+115.2 | mag=0.0177
21:59:54 [INFO] GYRO_DIAG: gx=-0.0031 gy=-0.0002 gz=+0.0028 | peaks: [-1.2782, -1.0660, -0.7428] | yaw=-772.5 pitch=+0.6 roll=+115.2 | mag=0.0041
21:59:55 [INFO] GYRO_DIAG: gx=-0.0043 gy=+0.0035 gz=+0.0034 | peaks: [-1.2782, -1.0660, -0.7428] | yaw=-773.7 pitch=-1.2 roll=+114.9 | mag=0.0065
21:59:56 [INFO] GYRO_DIAG: gx=-0.0043 gy=-0.0032 gz=-0.0021 | peaks: [-1.2782, -1.0660, -0.7428] | yaw=-774.3 pitch=-1.1 roll=+114.6 | mag=0.0058
21:59:57 [INFO] GYRO_DIAG: gx=-0.0110 gy=+0.0041 gz=+0.0022 | peaks: [-1.2782, -1.0660, -0.7428] | yaw=-774.6 pitch=-1.7 roll=+114.5 | mag=0.0120
21:59:57 [INFO] Loop OK - px_off=6px, zoom=1.0, tracking=True, fps=60, has_frame=True
21:59:57 [INFO] IMU diag: raw_yaw=-120.7deg px_off=6px yaw_r=1.00 dead=0.11 gyro_mag=0.0101 imu_count=99098 connected=True
21:59:58 [INFO] GYRO_DIAG: gx=-0.0025 gy=+0.0004 gz=+0.0089 | peaks: [-1.2782, -1.0660, -0.7428] | yaw=-774.8 pitch=-2.4 roll=+114.8 | mag=0.0092
21:59:59 [INFO] GYRO_DIAG: gx=+0.0055 gy=-0.0087 gz=+0.0016 | peaks: [-1.2782, -1.0660, -0.7428] | yaw=-775.2 pitch=-1.4 roll=+114.3 | mag=0.0104
22:00:00 [INFO] GYRO_DIAG: gx=-0.0025 gy=+0.0029 gz=+0.0028 | peaks: [-1.2782, -1.0660, -0.7428] | yaw=-775.5 pitch=-1.4 roll=+114.4 | mag=0.0047
22:00:01 [INFO] GYRO_DIAG: gx=+0.0006 gy=-0.0032 gz=+0.0034 | peaks: [-1.2782, -1.0660, -0.7428] | yaw=-776.8 pitch=-2.1 roll=+114.4 | mag=0.0047
22:00:02 [INFO] GYRO_DIAG: gx=+0.0024 gy=+0.0114 gz=+0.0034 | peaks: [-1.2782, -1.0660, -0.7428] | yaw=-776.5 pitch=-0.8 roll=+114.3 | mag=0.0122
22:00:03 [INFO] GYRO_DIAG: gx=-0.0012 gy=-0.0038 gz=-0.0003 | peaks: [-1.2782, -1.0660, -0.7428] | yaw=-776.9 pitch=-0.6 roll=+114.2 | mag=0.0040
22:00:04 [INFO] GYRO_DIAG: gx=+0.0030 gy=-0.0026 gz=+0.0046 | peaks: [-1.2782, -1.0660, -0.7428] | yaw=-776.9 pitch=-2.0 roll=+114.7 | mag=0.0061
22:00:05 [INFO] GYRO_DIAG: gx=+0.0104 gy=-0.0014 gz=+0.0034 | peaks: [-1.2782, -1.0660, -0.7428] | yaw=-777.3 pitch=-1.4 roll=+114.3 | mag=0.0110
22:00:06 [INFO] GYRO_DIAG: gx=-0.0049 gy=-0.0002 gz=-0.0088 | peaks: [-1.2782, -1.0660, -0.7428] | yaw=-777.1 pitch=-0.8 roll=+114.6 | mag=0.0101
22:00:07 [INFO] GYRO_DIAG: gx=-0.0006 gy=-0.0124 gz=-0.0131 | peaks: [-1.2782, -1.0660, -0.7428] | yaw=-778.2 pitch=-0.8 roll=+114.7 | mag=0.0180
22:00:07 [INFO] Loop OK - px_off=6px, zoom=1.0, tracking=True, fps=60, has_frame=True
22:00:07 [INFO] IMU diag: raw_yaw=-124.5deg px_off=6px yaw_r=1.00 dead=0.11 gyro_mag=0.0149 imu_count=104030 connected=True
22:00:08 [INFO] GYRO_DIAG: gx=-0.0000 gy=+0.0505 gz=+0.0345 | peaks: [-1.2782, -1.0660, -0.7428] | yaw=-779.6 pitch=-1.2 roll=+113.7 | mag=0.0612
22:00:09 [INFO] GYRO_DIAG: gx=+0.0018 gy=-0.0081 gz=+0.0003 | peaks: [-1.2782, -1.0660, -0.7428] | yaw=-778.5 pitch=-2.7 roll=+114.0 | mag=0.0083
22:00:10 [INFO] GYRO_DIAG: gx=-0.0049 gy=+0.0029 gz=-0.0137 | peaks: [-1.2782, -1.0660, -0.7428] | yaw=-778.6 pitch=-2.1 roll=+114.3 | mag=0.0149
22:00:11 [INFO] GYRO_DIAG: gx=-0.0025 gy=+0.0004 gz=-0.0058 | peaks: [-1.2782, -1.0660, -0.7428] | yaw=-778.9 pitch=-1.3 roll=+113.9 | mag=0.0063
22:00:12 [INFO] GYRO_DIAG: gx=+0.0030 gy=-0.0228 gz=+0.0034 | peaks: [-1.2782, -1.0660, -0.7428] | yaw=-780.3 pitch=-1.5 roll=+114.2 | mag=0.0232
22:00:13 [INFO] GYRO_DIAG: gx=+0.0892 gy=-0.1065 gz=-0.0711 | peaks: [-1.2782, -1.0660, -0.7428] | yaw=-741.2 pitch=-15.3 roll=+150.1 | mag=0.1560
22:00:14 [INFO] GYRO_DIAG: gx=+0.0036 gy=+0.0353 gz=-0.0070 | peaks: [-1.2782, -1.0660, -0.7428] | yaw=-752.7 pitch=-6.2 roll=+125.2 | mag=0.0361
22:00:15 [INFO] GYRO_DIAG: gx=+0.0177 gy=-0.0704 gz=-0.0302 | peaks: [-1.2782, -1.0660, -0.7428] | yaw=-764.5 pitch=+1.2 roll=+118.6 | mag=0.0786
22:00:16 [INFO] GYRO_DIAG: gx=+0.0030 gy=-0.0344 gz=-0.0015 | peaks: [-1.2782, -1.0660, -0.7428] | yaw=-792.1 pitch=+3.8 roll=+107.5 | mag=0.0345
22:00:17 [INFO] Loop OK - px_off=41px, zoom=1.0, tracking=True, fps=60, has_frame=True
22:00:17 [INFO] IMU diag: raw_yaw=-142.0deg px_off=41px yaw_r=1.00 dead=0.11 gyro_mag=0.0532 imu_count=108960 connected=True
22:00:17 [INFO] GYRO_DIAG: gx=+0.0128 gy=+0.1220 gz=+0.0070 | peaks: [-1.2782, -1.0660, -0.7428] | yaw=-794.1 pitch=+0.6 roll=+114.4 | mag=0.1229
22:00:18 [INFO] GYRO_DIAG: gx=+0.0232 gy=+0.0652 gz=+0.0284 | peaks: [-1.2782, -1.0660, -0.7428] | yaw=-789.6 pitch=-19.7 roll=+111.9 | mag=0.0748
22:00:19 [INFO] GYRO_DIAG: gx=+0.0171 gy=+0.0108 gz=+0.0046 | peaks: [-1.2782, -1.0660, -0.7428] | yaw=-773.6 pitch=-15.0 roll=+104.9 | mag=0.0207
22:00:20 [INFO] GYRO_DIAG: gx=+0.0036 gy=-0.0032 gz=-0.0027 | peaks: [-1.2782, -1.0660, -0.7428] | yaw=-772.8 pitch=-11.6 roll=+107.1 | mag=0.0056
22:00:21 [INFO] GYRO_DIAG: gx=+0.0036 gy=-0.0020 gz=-0.0027 | peaks: [-1.2782, -1.0660, -0.7428] | yaw=-773.7 pitch=-3.5 roll=+108.1 | mag=0.0050
22:00:22 [INFO] GYRO_DIAG: gx=-0.0483 gy=+0.0059 gz=-0.0021 | peaks: [-1.2782, -1.0660, -0.7428] | yaw=-768.6 pitch=+12.7 roll=+106.2 | mag=0.0487
22:00:23 [INFO] GYRO_DIAG: gx=-0.0263 gy=-0.0399 gz=+0.0009 | peaks: [-1.2782, -1.0660, -0.7428] | yaw=-777.3 pitch=-5.6 roll=+106.9 | mag=0.0478
22:00:24 [INFO] GYRO_DIAG: gx=-0.0049 gy=-0.0142 gz=-0.0119 | peaks: [-1.2782, -1.0660, -0.7428] | yaw=-775.2 pitch=-10.2 roll=+104.8 | mag=0.0192
22:00:26 [INFO] GYRO_DIAG: gx=+0.0165 gy=-0.0002 gz=-0.0009 | peaks: [-1.2782, -1.0660, -0.7428] | yaw=-760.9 pitch=+7.7 roll=+105.9 | mag=0.0165
22:00:27 [INFO] GYRO_DIAG: gx=-0.0147 gy=-0.0124 gz=-0.0143 | peaks: [-1.2782, -1.0660, -0.7428] | yaw=-763.9 pitch=+4.2 roll=+108.9 | mag=0.0240
22:00:27 [INFO] Loop OK - px_off=69px, zoom=1.0, tracking=True, fps=60, has_frame=True
22:00:27 [INFO] IMU diag: raw_yaw=-111.2deg px_off=69px yaw_r=1.00 dead=0.11 gyro_mag=0.0104 imu_count=113890 connected=True
22:00:28 [INFO] GYRO_DIAG: gx=+0.0042 gy=+0.0114 gz=-0.0009 | peaks: [-1.2782, -1.0660, -0.7428] | yaw=-765.5 pitch=+2.7 roll=+110.6 | mag=0.0122
22:00:29 [INFO] GYRO_DIAG: gx=+0.0110 gy=-0.0038 gz=+0.0040 | peaks: [-1.2782, -1.0660, -0.7428] | yaw=-766.6 pitch=+0.5 roll=+111.8 | mag=0.0123
22:00:30 [INFO] GYRO_DIAG: gx=-0.0061 gy=+0.0041 gz=-0.0015 | peaks: [-1.2782, -1.0660, -0.7428] | yaw=-766.9 pitch=-0.3 roll=+111.9 | mag=0.0075
22:00:31 [INFO] GYRO_DIAG: gx=-0.0061 gy=-0.0051 gz=+0.0028 | peaks: [-1.2782, -1.0660, -0.7428] | yaw=-768.5 pitch=-1.2 roll=+112.6 | mag=0.0084
22:00:32 [INFO] GYRO_DIAG: gx=+0.0036 gy=+0.0047 gz=-0.0052 | peaks: [-1.2782, -1.0660, -0.7428] | yaw=-769.5 pitch=-1.9 roll=+112.6 | mag=0.0079
22:00:33 [INFO] GYRO_DIAG: gx=+0.0024 gy=-0.0081 gz=-0.0082 | peaks: [-1.2782, -1.0660, -0.7428] | yaw=-770.0 pitch=-0.8 roll=+112.4 | mag=0.0118
22:00:34 [INFO] GYRO_DIAG: gx=+0.0012 gy=-0.0154 gz=-0.0039 | peaks: [-1.2782, -1.0660, -0.7428] | yaw=-771.7 pitch=-0.0 roll=+112.5 | mag=0.0160
22:00:35 [INFO] GYRO_DIAG: gx=+0.0012 gy=-0.0075 gz=+0.0003 | peaks: [-1.2782, -1.0660, -0.7428] | yaw=-773.5 pitch=-2.0 roll=+112.6 | mag=0.0076
22:00:36 [INFO] GYRO_DIAG: gx=-0.0006 gy=+0.0090 gz=+0.0034 | peaks: [-1.2782, -1.0660, -0.7428] | yaw=-773.3 pitch=-1.2 roll=+112.7 | mag=0.0096
22:00:37 [INFO] GYRO_DIAG: gx=-0.0025 gy=+0.0004 gz=+0.0028 | peaks: [-1.2782, -1.0660, -0.7428] | yaw=-775.7 pitch=-2.7 roll=+113.0 | mag=0.0037
22:00:37 [INFO] Loop OK - px_off=56px, zoom=1.0, tracking=True, fps=60, has_frame=True
22:00:37 [INFO] IMU diag: raw_yaw=-121.9deg px_off=56px yaw_r=1.00 dead=0.11 gyro_mag=0.0082 imu_count=118820 connected=True
22:00:38 [INFO] GYRO_DIAG: gx=-0.0208 gy=-0.0118 gz=+0.0211 | peaks: [-1.2782, -1.0660, -0.7428] | yaw=-776.8 pitch=-1.7 roll=+115.4 | mag=0.0319
22:00:39 [INFO] GYRO_DIAG: gx=+0.0281 gy=-0.0576 gz=-0.0174 | peaks: [-1.2782, -1.0660, -0.7428] | yaw=-779.1 pitch=+1.8 roll=+111.9 | mag=0.0664
22:00:40 [INFO] GYRO_DIAG: gx=-0.0067 gy=-0.0014 gz=+0.0064 | peaks: [-1.2782, -1.0660, -0.7428] | yaw=-775.2 pitch=-0.6 roll=+113.3 | mag=0.0094
22:00:41 [INFO] GYRO_DIAG: gx=+0.0073 gy=+0.0023 gz=+0.0064 | peaks: [-1.2782, -1.0660, -0.7428] | yaw=-777.8 pitch=-0.6 roll=+112.9 | mag=0.0100
22:00:42 [INFO] GYRO_DIAG: gx=+0.0018 gy=-0.0038 gz=+0.0009 | peaks: [-1.2782, -1.0660, -0.7428] | yaw=-779.7 pitch=-1.4 roll=+112.9 | mag=0.0043
22:00:43 [INFO] GYRO_DIAG: gx=+0.0030 gy=+0.0194 gz=+0.0022 | peaks: [-1.2782, -1.0660, -0.7428] | yaw=-780.0 pitch=-1.3 roll=+113.3 | mag=0.0197
22:00:44 [INFO] GYRO_DIAG: gx=+0.0079 gy=+0.0053 gz=+0.0034 | peaks: [-1.2782, -1.0660, -0.7428] | yaw=-780.5 pitch=-0.8 roll=+113.3 | mag=0.0101
22:00:45 [INFO] GYRO_DIAG: gx=+0.0079 gy=+0.0096 gz=+0.0058 | peaks: [-1.2782, -1.0660, -0.7428] | yaw=-781.9 pitch=-1.5 roll=+113.3 | mag=0.0137
22:00:46 [INFO] GYRO_DIAG: gx=+0.0067 gy=+0.0133 gz=+0.0022 | peaks: [-1.2782, -1.0660, -0.7428] | yaw=-782.3 pitch=+0.7 roll=+113.5 | mag=0.0150
22:00:47 [INFO] GYRO_DIAG: gx=-0.0074 gy=-0.0002 gz=+0.0052 | peaks: [-1.2782, -1.0660, -0.7428] | yaw=-782.1 pitch=+1.6 roll=+114.1 | mag=0.0090
22:00:47 [INFO] Loop OK - px_off=49px, zoom=1.0, tracking=True, fps=60, has_frame=True
22:00:47 [INFO] IMU diag: raw_yaw=-129.0deg px_off=49px yaw_r=1.00 dead=0.11 gyro_mag=0.0089 imu_count=123750 connected=True
22:00:48 [INFO] GYRO_DIAG: gx=-0.0037 gy=-0.0032 gz=-0.0021 | peaks: [-1.2782, -1.0660, -0.7428] | yaw=-783.6 pitch=-2.1 roll=+114.0 | mag=0.0053
22:00:49 [INFO] GYRO_DIAG: gx=+0.0012 gy=+0.0011 gz=+0.0003 | peaks: [-1.2782, -1.0660, -0.7428] | yaw=-784.0 pitch=-1.9 roll=+113.9 | mag=0.0016
22:00:50 [INFO] GYRO_DIAG: gx=-0.0116 gy=-0.0191 gz=-0.0009 | peaks: [-1.2782, -1.0660, -0.7428] | yaw=-785.2 pitch=-3.8 roll=+113.8 | mag=0.0224
22:00:51 [INFO] GYRO_DIAG: gx=+0.0024 gy=+0.0041 gz=+0.0009 | peaks: [-1.2782, -1.0660, -0.7428] | yaw=-786.6 pitch=-3.0 roll=+113.5 | mag=0.0049
22:00:52 [INFO] GYRO_DIAG: gx=+0.0110 gy=+0.0078 gz=+0.0034 | peaks: [-1.2782, -1.0660, -0.7428] | yaw=-786.6 pitch=-1.0 roll=+113.6 | mag=0.0139
22:00:53 [INFO] GYRO_DIAG: gx=-0.0012 gy=-0.0075 gz=-0.0046 | peaks: [-1.2782, -1.0660, -0.7428] | yaw=-785.6 pitch=-0.6 roll=+113.9 | mag=0.0089
22:00:54 [INFO] GYRO_DIAG: gx=-0.0031 gy=-0.0038 gz=+0.0003 | peaks: [-1.2782, -1.0660, -0.7428] | yaw=-787.4 pitch=-1.4 roll=+113.6 | mag=0.0049
22:00:55 [INFO] GYRO_DIAG: gx=-0.0037 gy=-0.0038 gz=+0.0022 | peaks: [-1.2782, -1.0660, -0.7428] | yaw=-788.2 pitch=-1.4 roll=+113.2 | mag=0.0057
22:00:56 [INFO] GYRO_DIAG: gx=+0.0030 gy=-0.0008 gz=-0.0033 | peaks: [-1.2782, -1.0660, -0.7428] | yaw=-788.6 pitch=-1.5 roll=+113.3 | mag=0.0046
22:00:57 [INFO] GYRO_DIAG: gx=+0.0049 gy=-0.0044 gz=+0.0028 | peaks: [-1.2782, -1.0660, -0.7428] | yaw=-789.5 pitch=-1.8 roll=+113.6 | mag=0.0071
22:00:57 [INFO] Loop OK - px_off=43px, zoom=1.0, tracking=True, fps=60, has_frame=True
22:00:57 [INFO] IMU diag: raw_yaw=-135.6deg px_off=43px yaw_r=1.00 dead=0.11 gyro_mag=0.0110 imu_count=128680 connected=True
22:00:58 [INFO] GYRO_DIAG: gx=-0.0006 gy=-0.0038 gz=-0.0107 | peaks: [-1.2782, -1.0660, -0.7428] | yaw=-789.2 pitch=-1.1 roll=+113.7 | mag=0.0114
22:00:59 [INFO] GYRO_DIAG: gx=+0.0036 gy=-0.0197 gz=-0.0113 | peaks: [-1.2782, -1.0660, -0.7428] | yaw=-790.2 pitch=-1.2 roll=+113.4 | mag=0.0230
22:01:00 [INFO] GYRO_DIAG: gx=+0.0036 gy=-0.0002 gz=+0.0064 | peaks: [-1.2782, -1.0660, -0.7428] | yaw=-792.1 pitch=-1.9 roll=+113.5 | mag=0.0074
22:01:01 [INFO] GYRO_DIAG: gx=-0.0006 gy=+0.0182 gz=+0.0028 | peaks: [-1.2782, -1.0660, -0.7428] | yaw=-791.7 pitch=-2.4 roll=+113.6 | mag=0.0184
22:01:02 [INFO] GYRO_DIAG: gx=+0.0006 gy=-0.0038 gz=+0.0077 | peaks: [-1.2782, -1.0660, -0.7428] | yaw=-791.9 pitch=-4.7 roll=+113.9 | mag=0.0086
22:01:03 [INFO] GYRO_DIAG: gx=+0.0012 gy=+0.0023 gz=+0.0052 | peaks: [-1.2782, -1.0660, -0.7428] | yaw=-792.5 pitch=-4.4 roll=+113.6 | mag=0.0058
22:01:04 [INFO] GYRO_DIAG: gx=+0.0042 gy=-0.0051 gz=-0.0046 | peaks: [-1.2782, -1.0660, -0.7428] | yaw=-792.6 pitch=-0.1 roll=+113.3 | mag=0.0080
22:01:05 [INFO] GYRO_DIAG: gx=-0.0733 gy=+0.2387 gz=+0.1066 | peaks: [-1.2782, -1.0660, -0.7428] | yaw=-772.8 pitch=+15.3 roll=+126.1 | mag=0.2715
22:01:06 [INFO] GYRO_DIAG: gx=-0.0019 gy=+0.0004 gz=+0.0009 | peaks: [-1.2782, -1.0660, -0.7428] | yaw=-760.1 pitch=-5.1 roll=+123.5 | mag=0.0021
22:01:07 [INFO] GYRO_DIAG: gx=+0.0110 gy=+0.0530 gz=+0.0034 | peaks: [-1.2782, -1.0660, -0.7428] | yaw=-795.4 pitch=-39.7 roll=+106.7 | mag=0.0542
22:01:07 [INFO] Loop OK - px_off=72px, zoom=1.0, tracking=True, fps=60, has_frame=True
22:01:07 [INFO] IMU diag: raw_yaw=-139.2deg px_off=72px yaw_r=1.00 dead=0.11 gyro_mag=0.0328 imu_count=133610 connected=True
22:01:08 [INFO] GYRO_DIAG: gx=-0.0300 gy=+0.0267 gz=+0.0064 | peaks: [-1.2782, -1.0660, -0.7428] | yaw=-753.1 pitch=-7.4 roll=+132.6 | mag=0.0407
22:01:09 [INFO] GYRO_DIAG: gx=+0.4135 gy=+0.0689 gz=-0.0369 | peaks: [-1.2782, -1.0660, -0.7428] | yaw=-736.6 pitch=+16.8 roll=+127.9 | mag=0.4208
22:01:10 [INFO] GYRO_DIAG: gx=-0.0171 gy=-0.0277 gz=-0.0046 | peaks: [-1.2782, -1.0660, -0.7428] | yaw=-730.3 pitch=+17.1 roll=+123.6 | mag=0.0328
22:01:11 [INFO] GYRO_DIAG: gx=-0.0550 gy=-0.3239 gz=-0.0992 | peaks: [-1.2782, -1.0660, -0.7428] | yaw=-804.4 pitch=-12.9 roll=+87.4 | mag=0.3432
22:01:12 [INFO] GYRO_DIAG: gx=-0.1411 gy=+0.0206 gz=-0.0229 | peaks: [-1.2782, -1.0660, -0.7428] | yaw=-895.2 pitch=+0.2 roll=+64.0 | mag=0.1445
22:01:13 [INFO] GYRO_DIAG: gx=+0.2113 gy=-0.0215 gz=+0.0351 | peaks: [-1.2782, -1.0660, -0.7428] | yaw=-876.3 pitch=+1.2 roll=+82.4 | mag=0.2153
22:01:14 [INFO] GYRO_DIAG: gx=-0.0141 gy=+0.0847 gz=+0.0999 | peaks: [-1.2782, -1.0660, -0.7428] | yaw=-833.1 pitch=-6.4 roll=+124.7 | mag=0.1318
22:01:15 [INFO] GYRO_DIAG: gx=-0.0025 gy=+0.0114 gz=-0.0125 | peaks: [-1.2782, -1.0660, -0.7428] | yaw=-804.8 pitch=-5.0 roll=+122.9 | mag=0.0171
22:01:16 [INFO] GYRO_DIAG: gx=-0.0037 gy=+0.0078 gz=+0.0034 | peaks: [-1.2782, -1.0660, -0.7428] | yaw=-806.1 pitch=-6.0 roll=+117.0 | mag=0.0092
22:01:17 [INFO] GYRO_DIAG: gx=-0.0086 gy=-0.0228 gz=-0.0101 | peaks: [-1.2782, -1.0660, -0.7428] | yaw=-809.9 pitch=-5.9 roll=+113.8 | mag=0.0263
22:01:17 [INFO] Loop OK - px_off=-79px, zoom=1.0, tracking=True, fps=60, has_frame=True
22:01:17 [INFO] IMU diag: raw_yaw=-156.9deg px_off=-79px yaw_r=1.00 dead=0.11 gyro_mag=0.0089 imu_count=138548 connected=True
22:01:18 [INFO] GYRO_DIAG: gx=+0.0171 gy=-0.0014 gz=+0.0058 | peaks: [-1.2782, -1.0660, -0.7428] | yaw=-805.5 pitch=-2.2 roll=+115.4 | mag=0.0181
22:01:19 [INFO] GYRO_DIAG: gx=+0.0055 gy=+0.0029 gz=-0.0027 | peaks: [-1.2782, -1.0660, -0.7428] | yaw=-801.6 pitch=+0.4 roll=+116.1 | mag=0.0068
22:01:20 [INFO] GYRO_DIAG: gx=-0.0098 gy=-0.0191 gz=-0.0088 | peaks: [-1.2782, -1.0660, -0.7428] | yaw=-795.2 pitch=-1.7 roll=+116.6 | mag=0.0232
22:01:21 [INFO] GYRO_DIAG: gx=+0.0036 gy=-0.0069 gz=-0.0003 | peaks: [-1.2782, -1.0660, -0.7428] | yaw=-799.3 pitch=-2.4 roll=+114.0 | mag=0.0078
22:01:22 [INFO] GYRO_DIAG: gx=+0.0128 gy=-0.0002 gz=+0.0034 | peaks: [-1.2782, -1.0660, -0.7428] | yaw=-800.0 pitch=-1.1 roll=+113.5 | mag=0.0132
22:01:23 [INFO] GYRO_DIAG: gx=+0.0036 gy=-0.0075 gz=-0.0009 | peaks: [-1.2782, -1.0660, -0.7428] | yaw=-801.2 pitch=-0.7 roll=+113.2 | mag=0.0084
22:01:24 [INFO] GYRO_DIAG: gx=+0.0036 gy=+0.0059 gz=-0.0003 | peaks: [-1.2782, -1.0660, -0.7428] | yaw=-800.4 pitch=-1.0 roll=+113.0 | mag=0.0070
22:01:25 [INFO] GYRO_DIAG: gx=-0.0012 gy=+0.0053 gz=+0.0101 | peaks: [-1.2782, -1.0660, -0.7428] | yaw=-796.1 pitch=-0.1 roll=+113.5 | mag=0.0115
22:01:26 [INFO] GYRO_DIAG: gx=-0.0776 gy=-0.4125 gz=-0.2086 | peaks: [-1.2782, -1.0660, -0.7428] | yaw=-719.0 pitch=+1.3 roll=+120.9 | mag=0.4687
22:01:27 [INFO] Loop OK - px_off=-297px, zoom=1.0, tracking=True, fps=60, has_frame=True
22:01:27 [INFO] IMU diag: raw_yaw=-114.1deg px_off=-295px yaw_r=1.00 dead=0.11 gyro_mag=0.1117 imu_count=143481 connected=True
22:01:27 [INFO] GYRO_DIAG: gx=-0.0110 gy=-0.1046 gz=-0.0058 | peaks: [-1.2782, -1.0660, -0.7428] | yaw=-769.9 pitch=-5.1 roll=+105.4 | mag=0.1054
22:01:28 [INFO] GYRO_DIAG: gx=+0.0055 gy=+0.0249 gz=+0.0156 | peaks: [-1.2782, -1.0660, -0.7428] | yaw=-763.9 pitch=-4.3 roll=+112.3 | mag=0.0299
22:01:29 [INFO] GYRO_DIAG: gx=+0.0024 gy=+0.0041 gz=+0.0028 | peaks: [-1.2782, -1.0660, -0.7428] | yaw=-765.0 pitch=-7.1 roll=+111.1 | mag=0.0055
22:01:29 [INFO] Hotkeys triggered: {'quit'}
22:01:29 [INFO] Quit requested
22:04:49 [INFO] ============================================================
22:04:49 [INFO] AirPin starting...
22:04:49 [INFO] Args: Namespace(no_imu=False, no_audio=False, monitor=0, sensitivity=None, fps=None)
22:04:49 [INFO] Displays found: 2, target_monitor=0
22:04:49 [INFO]   [0] Monitor 0 @ (0,0) 1920x1080
22:04:49 [INFO]   [1] Monitor 1 @ (-3840,0) 3840x2160
22:04:49 [INFO] IMU tracker started and recentered
22:04:49 [INFO] Screen capture started: 1920x1080
22:04:49 [INFO] Renderer initialized: 1920x1080 at (0,0), hwnd=8986986
22:04:49 [INFO] Target display: Monitor 0 (1920x1080) at (0,0)
22:04:50 [INFO] GYRO_DIAG: gx=-0.0082 gy=+0.0734 gz=+0.0111 | peaks: [-0.9263, +0.0764, +0.1009] | yaw=+5.5 pitch=-70.3 roll=+106.6 | mag=0.0746
22:04:51 [INFO] GYRO_DIAG: gx=+0.4097 gy=-0.2926 gz=-0.1367 | peaks: [-0.9263, +0.5504, -0.1758] | yaw=+23.2 pitch=+30.6 roll=+95.3 | mag=0.5216
22:04:52 [INFO] GYRO_DIAG: gx=-0.5451 gy=+0.6848 gz=+0.1797 | peaks: [-0.9263, +0.8907, +0.1907] | yaw=-37.2 pitch=-114.0 roll=+121.0 | mag=0.8935
22:04:53 [INFO] GYRO_DIAG: gx=+0.0719 gy=-0.0024 gz=+0.0129 | peaks: [-0.9263, +0.8907, +0.1907] | yaw=+23.8 pitch=-23.9 roll=+118.7 | mag=0.0730
22:04:53 [INFO] Hotkeys triggered: {'toggle_settings'}
22:04:53 [INFO] Settings panel: shown (click-through: OFF)
22:04:54 [INFO] GYRO_DIAG: gx=+0.0767 gy=+0.0153 gz=+0.0288 | peaks: [-0.9263, +0.8907, +0.1907] | yaw=+15.1 pitch=+5.6 roll=+108.7 | mag=0.0834
22:04:55 [INFO] GYRO_DIAG: gx=+0.0114 gy=+0.0208 gz=-0.0195 | peaks: [-0.9263, +0.8907, +0.1907] | yaw=+6.1 pitch=+98.8 roll=+109.7 | mag=0.0307
22:04:56 [INFO] GYRO_DIAG: gx=-0.0137 gy=+0.0049 gz=-0.0060 | peaks: [-0.9263, +0.8907, +0.1907] | yaw=+9.2 pitch=+57.1 roll=+108.5 | mag=0.0157
22:04:57 [INFO] GYRO_DIAG: gx=-0.1499 gy=-0.0219 gz=+0.0465 | peaks: [-0.9263, +0.8907, +0.1907] | yaw=+21.0 pitch=-146.9 roll=+103.5 | mag=0.1585
22:04:58 [INFO] GYRO_DIAG: gx=-0.0247 gy=-0.0128 gz=-0.0188 | peaks: [-0.9263, +0.8907, +0.1907] | yaw=+56.5 pitch=-104.9 roll=+105.5 | mag=0.0336
22:04:59 [INFO] GYRO_DIAG: gx=+0.0077 gy=+0.0074 gz=-0.0054 | peaks: [-0.9263, +0.8907, +0.1907] | yaw=+55.4 pitch=-64.3 roll=+95.9 | mag=0.0120
22:05:00 [INFO] Loop OK - px_off=119px, zoom=1.0, tracking=True, fps=60, has_frame=True
22:05:00 [INFO] IMU diag: gy=+0.0031 gx=+0.0010 px_off=119px gain=0.80 dead=0.11 mag=0.0034 imu=5374
22:05:00 [INFO] GYRO_DIAG: gx=+0.0065 gy=-0.0042 gz=-0.0109 | peaks: [-0.9263, +0.8907, +0.1907] | yaw=+55.0 pitch=-39.0 roll=+89.4 | mag=0.0134
22:05:01 [INFO] GYRO_DIAG: gx=-0.0057 gy=-0.0012 gz=-0.0091 | peaks: [-0.9263, +0.8907, +0.1907] | yaw=+55.2 pitch=-26.0 roll=+85.7 | mag=0.0108
22:05:02 [INFO] GYRO_DIAG: gx=+0.4109 gy=-0.1264 gz=-0.0329 | peaks: [-0.9263, +0.8907, +0.1907] | yaw=+29.1 pitch=+54.1 roll=+78.9 | mag=0.4311
22:05:03 [INFO] GYRO_DIAG: gx=-0.0674 gy=+0.0135 gz=+0.0105 | peaks: [-0.9263, +0.8907, +0.1907] | yaw=+12.3 pitch=+10.4 roll=+79.0 | mag=0.0695
22:05:04 [INFO] GYRO_DIAG: gx=-0.0161 gy=+0.0055 gz=+0.0068 | peaks: [-0.9263, +0.8907, +0.1907] | yaw=+15.2 pitch=-0.2 roll=+84.7 | mag=0.0183
22:05:05 [INFO] GYRO_DIAG: gx=+0.1537 gy=+0.0159 gz=+0.0251 | peaks: [-0.9263, +0.8907, +0.1907] | yaw=+14.5 pitch=+3.3 roll=+84.4 | mag=0.1566
22:05:06 [INFO] GYRO_DIAG: gx=-0.3173 gy=-0.0036 gz=+0.0685 | peaks: [-0.9263, -1.2192, +0.2310] | yaw=+114.7 pitch=-77.7 roll=+114.7 | mag=0.3246
22:05:07 [INFO] GYRO_DIAG: gx=+0.3150 gy=+0.0019 gz=-0.0250 | peaks: [-0.9263, -1.2192, -0.2430] | yaw=+12.0 pitch=-62.4 roll=+63.3 | mag=0.3160
22:05:08 [INFO] GYRO_DIAG: gx=-0.0124 gy=+0.0025 gz=+0.0178 | peaks: [-0.9263, -1.2192, -0.2430] | yaw=+18.2 pitch=-4.5 roll=+73.4 | mag=0.0219
22:05:09 [INFO] GYRO_DIAG: gx=+0.0010 gy=-0.0073 gz=-0.0054 | peaks: [-0.9263, -1.2192, -0.2430] | yaw=+19.6 pitch=-4.8 roll=+78.0 | mag=0.0091
22:05:10 [INFO] Loop OK - px_off=57px, zoom=1.0, tracking=True, fps=60, has_frame=True
22:05:10 [INFO] IMU diag: gy=-0.1985 gx=-0.0289 px_off=57px gain=0.39 dead=0.11 mag=0.2317 imu=10313
22:05:10 [INFO] GYRO_DIAG: gx=-0.0601 gy=-0.7196 gz=-0.1722 | peaks: [-0.9263, -1.2192, -0.2430] | yaw=-83.0 pitch=-25.4 roll=+36.7 | mag=0.7423
22:05:11 [INFO] GYRO_DIAG: gx=+0.2942 gy=+0.7019 gz=+0.0545 | peaks: [+1.0199, -1.2192, -0.2430] | yaw=+8.5 pitch=+120.3 roll=+55.9 | mag=0.7630
22:05:12 [INFO] GYRO_DIAG: gx=-0.0271 gy=+0.0055 gz=-0.0042 | peaks: [+1.0199, -1.2192, -0.2430] | yaw=+41.9 pitch=+44.6 roll=+78.3 | mag=0.0280
22:05:13 [INFO] GYRO_DIAG: gx=-0.2055 gy=+0.9890 gz=+0.0984 | peaks: [+1.0199, -1.2192, -0.2430] | yaw=+90.8 pitch=+9.3 roll=+87.3 | mag=1.0149
22:05:14 [INFO] GYRO_DIAG: gx=+0.3974 gy=-0.0507 gz=-0.0616 | peaks: [+1.0199, -1.2192, -0.2632] | yaw=+35.1 pitch=-76.6 roll=+48.1 | mag=0.4054
22:05:15 [INFO] GYRO_DIAG: gx=-0.0118 gy=+0.0117 gz=+0.0068 | peaks: [+1.0199, -1.2192, -0.2632] | yaw=+46.2 pitch=+6.9 roll=+72.6 | mag=0.0179
22:05:16 [INFO] GYRO_DIAG: gx=+0.0560 gy=+0.0159 gz=+0.0331 | peaks: [+1.0199, -1.2192, -0.2632] | yaw=+46.0 pitch=+5.6 roll=+78.7 | mag=0.0669
22:05:17 [INFO] GYRO_DIAG: gx=-0.2751 gy=-0.2357 gz=-0.0549 | peaks: [+1.0199, -1.2192, -0.2632] | yaw=-119.3 pitch=+27.9 roll=+68.7 | mag=0.3664
22:05:18 [INFO] GYRO_DIAG: gx=-0.0283 gy=-0.0146 gz=+0.0276 | peaks: [+1.0199, -1.2192, -0.2632] | yaw=-64.3 pitch=-8.6 roll=+84.0 | mag=0.0421
22:05:19 [INFO] GYRO_DIAG: gx=+0.0095 gy=+0.0049 gz=-0.0030 | peaks: [+1.0199, -1.2192, -0.2632] | yaw=-64.0 pitch=-7.0 roll=+86.1 | mag=0.0111
22:05:20 [INFO] Loop OK - px_off=-65px, zoom=1.0, tracking=True, fps=60, has_frame=True
22:05:20 [INFO] IMU diag: gy=+0.3544 gx=-0.0295 px_off=-58px gain=1.00 dead=0.11 mag=0.3586 imu=15246
22:05:20 [INFO] GYRO_DIAG: gx=+0.2478 gy=-0.2217 gz=-0.0689 | peaks: [+1.1971, +1.4997, -0.2632] | yaw=+97.6 pitch=+136.9 roll=+114.5 | mag=0.3396
22:05:21 [INFO] GYRO_DIAG: gx=-0.0247 gy=-0.0109 gz=-0.0115 | peaks: [-1.5023, +1.4997, -0.2632] | yaw=+53.4 pitch=-114.1 roll=+94.7 | mag=0.0293
22:05:22 [INFO] GYRO_DIAG: gx=+0.0242 gy=+0.0062 gz=+0.0166 | peaks: [-1.5023, +1.4997, -0.2632] | yaw=+48.4 pitch=-57.4 roll=+91.5 | mag=0.0300
22:05:23 [INFO] GYRO_DIAG: gx=-0.0069 gy=-0.0042 gz=+0.0025 | peaks: [-1.5023, +1.4997, -0.2632] | yaw=+48.4 pitch=-33.4 roll=+87.0 | mag=0.0085
22:05:24 [INFO] GYRO_DIAG: gx=-0.0082 gy=+0.0159 gz=+0.0300 | peaks: [-1.5023, +1.4997, -0.2632] | yaw=-74.0 pitch=+5.0 roll=+60.2 | mag=0.0350
22:05:25 [INFO] GYRO_DIAG: gx=+0.0218 gy=-0.0354 gz=-0.0457 | peaks: [-1.5023, +1.4997, -0.2632] | yaw=+43.6 pitch=-107.1 roll=+87.8 | mag=0.0618
22:05:26 [INFO] GYRO_DIAG: gx=+0.0132 gy=-0.0024 gz=-0.0079 | peaks: [-1.5023, +1.4997, -0.2632] | yaw=+36.0 pitch=-55.7 roll=+78.0 | mag=0.0156
22:05:27 [INFO] GYRO_DIAG: gx=+0.6088 gy=+0.2456 gz=+0.1455 | peaks: [-1.5023, +1.4997, -0.2632] | yaw=+42.7 pitch=+4.4 roll=+78.6 | mag=0.6724
22:05:28 [INFO] GYRO_DIAG: gx=-0.3118 gy=-0.0971 gz=+0.0312 | peaks: [-1.5023, +1.4997, -0.2632] | yaw=+11.3 pitch=-6.0 roll=+62.6 | mag=0.3280
22:05:29 [INFO] GYRO_DIAG: gx=+0.0328 gy=-0.0073 gz=-0.0121 | peaks: [-1.5023, +1.4997, -0.2632] | yaw=-5.5 pitch=-72.5 roll=+63.5 | mag=0.0357
22:05:30 [INFO] Loop OK - px_off=24px, zoom=1.0, tracking=True, fps=60, has_frame=True
22:05:30 [INFO] IMU diag: gy=+0.0117 gx=+0.0187 px_off=24px gain=1.00 dead=0.04 mag=0.0339 imu=20173
22:05:30 [INFO] GYRO_DIAG: gx=+0.0267 gy=+0.0019 gz=+0.0025 | peaks: [-1.5023, +1.4997, -0.2632] | yaw=-3.2 pitch=-31.2 roll=+69.1 | mag=0.0268
22:05:31 [INFO] GYRO_DIAG: gx=+0.4335 gy=+0.0343 gz=-0.0543 | peaks: [-1.5023, +1.4997, -0.2632] | yaw=+13.2 pitch=+164.6 roll=+64.7 | mag=0.4382
22:05:32 [INFO] GYRO_DIAG: gx=+0.1598 gy=-0.8258 gz=-0.2045 | peaks: [-1.5023, +1.4997, -0.3078] | yaw=-157.8 pitch=-21.6 roll=+25.7 | mag=0.8657
22:05:33 [INFO] GYRO_DIAG: gx=+0.0309 gy=+0.0104 gz=+0.0117 | peaks: [-1.5023, +1.4997, -0.3078] | yaw=-181.7 pitch=-4.4 roll=+38.4 | mag=0.0347
22:05:34 [INFO] GYRO_DIAG: gx=+0.0682 gy=+0.8046 gz=+0.1833 | peaks: [-1.5023, +1.4997, -0.3078] | yaw=+54.1 pitch=+11.2 roll=+98.7 | mag=0.8280
22:05:35 [INFO] GYRO_DIAG: gx=+0.0089 gy=+0.0288 gz=+0.0276 | peaks: [-1.5023, +1.4997, -0.3078] | yaw=+87.9 pitch=+4.4 roll=+98.8 | mag=0.0408
22:05:36 [INFO] GYRO_DIAG: gx=+0.0083 gy=-0.0054 gz=-0.0079 | peaks: [-1.5023, +1.4997, -0.3078] | yaw=+85.3 pitch=+4.6 roll=+92.5 | mag=0.0127
22:05:37 [INFO] GYRO_DIAG: gx=-0.0051 gy=-0.0054 gz=-0.0085 | peaks: [-1.5023, +1.4997, -0.3078] | yaw=+82.7 pitch=+2.7 roll=+85.2 | mag=0.0113
22:05:38 [INFO] GYRO_DIAG: gx=-0.0045 gy=-0.0164 gz=-0.0072 | peaks: [-1.5023, +1.4997, -0.3078] | yaw=+81.6 pitch=-1.1 roll=+80.7 | mag=0.0185
22:05:39 [INFO] GYRO_DIAG: gx=+0.0034 gy=-0.0140 gz=+0.0007 | peaks: [-1.5023, +1.4997, -0.3078] | yaw=+82.9 pitch=-3.5 roll=+79.2 | mag=0.0144
22:05:40 [INFO] Loop OK - px_off=130px, zoom=1.0, tracking=True, fps=60, has_frame=True
22:05:40 [INFO] IMU diag: gy=+0.0055 gx=+0.0150 px_off=130px gain=1.00 dead=0.04 mag=0.0167 imu=25099
22:05:40 [INFO] GYRO_DIAG: gx=-0.0100 gy=-0.0146 gz=-0.0060 | peaks: [-1.5023, +1.4997, -0.3078] | yaw=+83.4 pitch=-2.7 roll=+76.7 | mag=0.0187
22:05:41 [INFO] GYRO_DIAG: gx=-0.0216 gy=+0.0092 gz=-0.0048 | peaks: [-1.5023, +1.4997, -0.3078] | yaw=+76.6 pitch=-2.9 roll=+75.2 | mag=0.0240
22:05:42 [INFO] GYRO_DIAG: gx=-0.0686 gy=-0.2926 gz=-0.1771 | peaks: [-1.5023, -1.8930, -0.3970] | yaw=-159.7 pitch=+4.0 roll=+20.3 | mag=0.3488
22:05:43 [INFO] GYRO_DIAG: gx=-0.0216 gy=+0.0324 gz=-0.0268 | peaks: [-1.5023, -1.8930, -0.3970] | yaw=+67.4 pitch=-7.5 roll=+80.5 | mag=0.0473
22:05:44 [INFO] GYRO_DIAG: gx=+0.0358 gy=+0.0172 gz=-0.0158 | peaks: [-1.5023, -1.8930, -0.3970] | yaw=+67.3 pitch=-1.3 roll=+78.4 | mag=0.0427
22:05:45 [INFO] Hotkeys triggered: {'toggle_settings'}
22:05:45 [INFO] Settings panel: hidden (click-through: ON)
22:05:45 [INFO] GYRO_DIAG: gx=+0.0205 gy=-0.0048 gz=-0.0127 | peaks: [-1.5023, -1.8930, -0.3970] | yaw=+76.8 pitch=+16.4 roll=+76.7 | mag=0.0247
22:05:46 [INFO] GYRO_DIAG: gx=-0.0100 gy=+0.0098 gz=-0.0231 | peaks: [-1.5023, -1.8930, -0.3970] | yaw=+76.2 pitch=+17.6 roll=+76.2 | mag=0.0270
22:05:47 [INFO] Hotkeys triggered: {'quit'}
22:05:47 [INFO] Quit requested
22:08:45 [INFO] ============================================================
22:08:45 [INFO] AirPin starting...
22:08:45 [INFO] Args: Namespace(no_imu=False, no_audio=False, monitor=0, sensitivity=None, fps=None)
22:08:45 [INFO] Displays found: 2, target_monitor=0
22:08:45 [INFO]   [0] Monitor 0 @ (0,0) 1920x1080
22:08:45 [INFO]   [1] Monitor 1 @ (-3840,0) 3840x2160
22:08:45 [INFO] IMU tracker started and recentered
22:08:45 [INFO] Screen capture started: 1920x1080
22:08:56 [INFO] ============================================================
22:08:56 [INFO] AirPin starting...
22:08:56 [INFO] Args: Namespace(no_imu=False, no_audio=False, monitor=0, sensitivity=None, fps=None)
22:08:56 [INFO] Displays found: 2, target_monitor=0
22:08:56 [INFO]   [0] Monitor 0 @ (0,0) 1920x1080
22:08:56 [INFO]   [1] Monitor 1 @ (-3840,0) 3840x2160
22:08:59 [WARNING] IMU stalled after 0 samples, reconnecting (attempt 1)
22:08:59 [INFO] IMU tracker started and recentered
22:08:59 [INFO] Screen capture started: 1920x1080
22:09:00 [INFO] IMU reconnected successfully
22:09:00 [INFO] Renderer initialized: 1920x1080 at (0,0), hwnd=5444800
22:09:00 [INFO] Target display: Monitor 0 (1920x1080) at (0,0)
22:09:03 [WARNING] IMU stalled after 0 samples, reconnecting (attempt 2)
22:09:03 [INFO] IMU reconnected successfully
22:09:06 [WARNING] IMU stalled after 0 samples, reconnecting (attempt 3)
22:09:07 [INFO] IMU reconnected successfully
22:09:10 [WARNING] IMU stalled after 0 samples, reconnecting (attempt 4)
22:09:10 [INFO] Loop OK - px_off=0px, zoom=1.0, tracking=True, fps=60, has_frame=True
22:09:10 [INFO] IMU inactive: tracking_enabled=True, imu_count=0, connected=True
22:09:11 [INFO] IMU reconnected successfully
22:09:14 [WARNING] IMU stalled after 0 samples, reconnecting (attempt 5)
22:09:14 [INFO] IMU reconnected successfully
22:09:16 [INFO] Hotkeys triggered: {'toggle_settings'}
22:09:16 [INFO] Settings panel: shown (click-through: OFF)
22:09:17 [WARNING] IMU stalled after 0 samples, reconnecting (attempt 6)
22:09:18 [INFO] IMU reconnected successfully
22:09:18 [INFO] Hotkeys triggered: {'quit'}
22:09:18 [INFO] Quit requested
22:17:53 [INFO] ============================================================
22:17:53 [INFO] AirPin starting...
22:17:53 [INFO] Args: Namespace(no_imu=False, no_audio=False, monitor=0, sensitivity=None, fps=None)
22:17:53 [INFO] Displays found: 2, target_monitor=0
22:17:53 [INFO]   [0] Monitor 0 @ (0,0) 1920x1080
22:17:53 [INFO]   [1] Monitor 1 @ (-3840,0) 3840x2160
22:17:53 [INFO] IMU tracker started and recentered
22:17:53 [INFO] Screen capture started: 1920x1080
22:17:53 [INFO] Renderer initialized: 1920x1080 at (0,0), hwnd=8330304
22:17:53 [INFO] Target display: Monitor 0 (1920x1080) at (0,0)
22:17:54 [INFO] GYRO_DIAG: gx=-0.0106 gy=+0.0021 gz=+0.0039 | peaks: [+0.3015, -0.0816, -0.0322] | yaw=-6.1 pitch=+18.0 roll=+89.4 | mag=0.0115
22:17:55 [INFO] GYRO_DIAG: gx=-0.0461 gy=-0.5666 gz=-0.1482 | peaks: [+0.3015, -0.5666, -0.1531] | yaw=-48.8 pitch=+11.4 roll=+79.5 | mag=0.5875
22:17:56 [INFO] GYRO_DIAG: gx=+0.0718 gy=-0.0553 gz=+0.0191 | peaks: [-0.6319, -1.3913, -0.1531] | yaw=-416.3 pitch=-88.2 roll=+57.8 | mag=0.0927
22:17:57 [INFO] GYRO_DIAG: gx=-0.0180 gy=-0.0150 gz=+0.0124 | peaks: [-0.6319, -1.3913, -0.1531] | yaw=-427.5 pitch=-45.5 roll=+68.9 | mag=0.0265
22:17:58 [INFO] GYRO_DIAG: gx=-0.0039 gy=+0.0241 gz=+0.0100 | peaks: [-0.6319, -1.3913, -0.1531] | yaw=-427.5 pitch=-24.3 roll=+78.0 | mag=0.0263
22:17:59 [INFO] GYRO_DIAG: gx=+0.0120 gy=+0.0192 gz=+0.0026 | peaks: [-0.6319, -1.3913, -0.1531] | yaw=-424.3 pitch=-10.0 roll=+74.2 | mag=0.0228
22:18:00 [INFO] GYRO_DIAG: gx=-0.0076 gy=-0.0071 gz=+0.0014 | peaks: [-0.6319, -1.3913, -0.1531] | yaw=-420.7 pitch=-4.7 roll=+78.7 | mag=0.0105
22:18:01 [INFO] GYRO_DIAG: gx=+0.0181 gy=+3.4205 gz=+0.6202 | peaks: [-0.6319, +3.4205, +0.6514] | yaw=-77.4 pitch=-4.7 roll=+134.9 | mag=3.4763
22:18:04 [INFO] Loop OK - px_off=188px, zoom=1.0, tracking=True, fps=60, has_frame=True
22:18:04 [INFO] IMU diag: gy=-0.0169 gx=+0.0309 px_off=188px gain=1.00 decay=1.0000 dead=0.04 mag=0.0431 resp=0.000 yaw_out=188 imu=4289
22:18:05 [WARNING] IMU stalled after 4289 samples, reconnecting (attempt 1)
22:18:05 [INFO] Hotkeys triggered: {'toggle_settings'}
22:18:05 [INFO] Settings panel: shown (click-through: OFF)
22:18:05 [INFO] IMU reconnected successfully
22:18:06 [INFO] Hotkeys triggered: {'quit'}
22:18:06 [INFO] Quit requested
22:26:59 [INFO] ============================================================
22:26:59 [INFO] AirPin starting...
22:26:59 [INFO] Args: Namespace(no_imu=False, no_audio=False, monitor=0, sensitivity=None, fps=None)
22:26:59 [INFO] Displays found: 2, target_monitor=0
22:26:59 [INFO]   [0] Monitor 0 @ (0,0) 1920x1080
22:26:59 [INFO]   [1] Monitor 1 @ (-3840,0) 3840x2160
22:26:59 [INFO] IMU tracker started and recentered
22:26:59 [INFO] Screen capture started: 1920x1080
22:27:06 [INFO] ============================================================
22:27:06 [INFO] AirPin starting...
22:27:06 [INFO] Args: Namespace(no_imu=False, no_audio=False, monitor=0, sensitivity=None, fps=None)
22:27:06 [INFO] Displays found: 2, target_monitor=0
22:27:06 [INFO]   [0] Monitor 0 @ (0,0) 1920x1080
22:27:06 [INFO]   [1] Monitor 1 @ (-3840,0) 3840x2160
22:27:06 [INFO] IMU tracker started and recentered
22:27:06 [INFO] Screen capture started: 1920x1080
22:27:06 [INFO] Renderer initialized: 1920x1080 at (0,0), hwnd=42279060
22:27:06 [INFO] Target display: Monitor 0 (1920x1080) at (0,0)
22:27:07 [INFO] GYRO_DIAG: gx=+0.0373 gy=-0.0440 gz=+0.0140 | peaks: [-1.0947, -0.1038, +0.0648] | yaw=-20.6 pitch=-31.8 roll=+104.3 | mag=0.0593
22:27:08 [INFO] GYRO_DIAG: gx=+0.0092 gy=-0.0281 gz=+0.0214 | peaks: [-1.0947, -0.1038, +0.0648] | yaw=-46.4 pitch=-16.4 roll=+103.2 | mag=0.0365
22:27:09 [INFO] GYRO_DIAG: gx=+0.0018 gy=-0.0501 gz=+0.0134 | peaks: [-1.0947, -0.1038, +0.0648] | yaw=-69.1 pitch=-8.4 roll=+104.8 | mag=0.0519
22:27:10 [INFO] GYRO_DIAG: gx=-0.2541 gy=-0.4129 gz=-0.0861 | peaks: [-1.0947, -0.4129, -0.0861] | yaw=-140.8 pitch=-97.8 roll=+94.6 | mag=0.4925
22:27:11 [INFO] GYRO_DIAG: gx=+0.0318 gy=-0.0385 gz=+0.0428 | peaks: [-1.0947, +0.5864, +0.1454] | yaw=-114.0 pitch=+35.9 roll=+112.7 | mag=0.0657
22:27:11 [INFO] Hotkeys triggered: {'toggle_settings'}
22:27:11 [INFO] Settings panel: shown (click-through: OFF)
22:27:12 [INFO] GYRO_DIAG: gx=-0.0464 gy=-0.0189 gz=+0.0244 | peaks: [-1.0947, +0.5864, +0.1545] | yaw=-58.8 pitch=-80.8 roll=+134.8 | mag=0.0558
22:27:13 [INFO] GYRO_DIAG: gx=+0.0189 gy=-0.0489 gz=+0.0079 | peaks: [-1.0947, +0.5864, +0.1545] | yaw=-73.5 pitch=-43.8 roll=+114.0 | mag=0.0530
22:27:14 [INFO] GYRO_DIAG: gx=+0.0941 gy=-0.0458 gz=-0.0055 | peaks: [+1.6964, +0.5864, +0.1545] | yaw=-185.9 pitch=+247.3 roll=+105.8 | mag=0.1048
22:27:15 [INFO] GYRO_DIAG: gx=-0.0006 gy=-0.0049 gz=+0.0183 | peaks: [+1.6964, +0.5864, +0.1545] | yaw=-204.8 pitch=+146.3 roll=+112.0 | mag=0.0190
22:27:16 [INFO] GYRO_DIAG: gx=+0.0012 gy=-0.0287 gz=+0.0098 | peaks: [+1.6964, +0.5864, +0.1545] | yaw=-224.1 pitch=+87.2 roll=+115.4 | mag=0.0304
22:27:16 [INFO] Loop OK - px_off=-78px, zoom=1.0, tracking=True, fps=60, has_frame=True
22:27:16 [INFO] IMU diag: gy=-0.0648 gx=+0.0104 px_off=-78px gain=0.40 decay=1.0000 dead=0.06 mag=0.0711 resp=0.001 yaw_out=-78 imu=5321
22:27:17 [INFO] GYRO_DIAG: gx=+0.0140 gy=-0.0391 gz=+0.0000 | peaks: [+1.6964, +0.5864, +0.1545] | yaw=-244.3 pitch=+52.3 roll=+119.9 | mag=0.0415
22:27:18 [INFO] GYRO_DIAG: gx=+0.0128 gy=-0.0550 gz=+0.0104 | peaks: [+1.6964, +0.5864, +0.1545] | yaw=-268.6 pitch=+33.6 roll=+120.3 | mag=0.0574
22:27:19 [INFO] GYRO_DIAG: gx=-0.0012 gy=-0.0348 gz=+0.0061 | peaks: [+1.6964, +0.5864, +0.1545] | yaw=-292.7 pitch=+20.6 roll=+121.9 | mag=0.0354
22:27:20 [INFO] GYRO_DIAG: gx=+0.0000 gy=-0.0458 gz=+0.0147 | peaks: [+1.6964, +0.5864, +0.1545] | yaw=-315.7 pitch=+13.5 roll=+122.7 | mag=0.0481
22:27:21 [INFO] GYRO_DIAG: gx=+0.0024 gy=-0.0391 gz=+0.0147 | peaks: [+1.6964, +0.5864, +0.1545] | yaw=-338.4 pitch=+9.1 roll=+123.0 | mag=0.0418
22:27:22 [INFO] GYRO_DIAG: gx=-0.0006 gy=-0.0385 gz=+0.0012 | peaks: [+1.6964, +0.5864, +0.1545] | yaw=-361.4 pitch=+6.5 roll=+123.5 | mag=0.0385
22:27:23 [INFO] GYRO_DIAG: gx=-0.0012 gy=-0.0409 gz=+0.0000 | peaks: [+1.6964, +0.5864, +0.1545] | yaw=-384.3 pitch=+4.9 roll=+123.5 | mag=0.0409
22:27:24 [INFO] GYRO_DIAG: gx=+0.0055 gy=-0.0470 gz=+0.0092 | peaks: [+1.6964, +0.5864, +0.1545] | yaw=-407.6 pitch=+4.5 roll=+123.3 | mag=0.0482
22:27:25 [INFO] GYRO_DIAG: gx=+0.0024 gy=-0.0373 gz=+0.0000 | peaks: [+1.6964, +0.5864, +0.1545] | yaw=-429.9 pitch=+3.3 roll=+123.9 | mag=0.0373
22:27:26 [INFO] GYRO_DIAG: gx=+0.0024 gy=-0.0470 gz=+0.0012 | peaks: [+1.6964, +0.5864, +0.1545] | yaw=-453.2 pitch=+2.7 roll=+123.1 | mag=0.0471
22:27:26 [INFO] Loop OK - px_off=-60px, zoom=1.0, tracking=True, fps=60, has_frame=True
22:27:26 [INFO] IMU diag: gy=-0.0476 gx=+0.0018 px_off=-60px gain=0.40 decay=1.0000 dead=0.06 mag=0.0484 resp=0.000 yaw_out=-60 imu=10251
22:27:27 [INFO] GYRO_DIAG: gx=+0.0018 gy=-0.0446 gz=+0.0134 | peaks: [+1.6964, +0.5864, +0.1545] | yaw=-477.4 pitch=+2.9 roll=+122.8 | mag=0.0466
22:27:28 [INFO] GYRO_DIAG: gx=-0.0043 gy=-0.0360 gz=+0.0043 | peaks: [+1.6964, +0.5864, +0.1545] | yaw=-501.0 pitch=+2.4 roll=+123.5 | mag=0.0365
22:27:29 [INFO] GYRO_DIAG: gx=+0.0049 gy=-0.0415 gz=+0.0098 | peaks: [+1.6964, +0.5864, +0.1545] | yaw=-523.3 pitch=+2.6 roll=+123.6 | mag=0.0430
22:27:30 [INFO] GYRO_DIAG: gx=+0.0067 gy=-0.0403 gz=+0.0134 | peaks: [+1.6964, +0.5864, +0.1545] | yaw=-546.5 pitch=+2.4 roll=+123.2 | mag=0.0430
22:27:31 [INFO] GYRO_DIAG: gx=+0.0092 gy=-0.0312 gz=+0.0116 | peaks: [+1.6964, +0.5864, +0.1545] | yaw=-569.4 pitch=+2.2 roll=+123.3 | mag=0.0345
22:27:32 [INFO] GYRO_DIAG: gx=+0.0037 gy=-0.0586 gz=+0.0208 | peaks: [+1.6964, +0.5864, +0.1545] | yaw=-592.3 pitch=+3.2 roll=+122.9 | mag=0.0623
22:27:33 [INFO] GYRO_DIAG: gx=-0.0232 gy=-0.1142 gz=+0.0061 | peaks: [+1.6964, +0.7990, +0.1943] | yaw=-432.2 pitch=-273.5 roll=+150.8 | mag=0.1167
22:27:34 [INFO] GYRO_DIAG: gx=+0.0257 gy=-0.0397 gz=+0.0159 | peaks: [+1.6964, +0.7990, +0.1943] | yaw=-460.4 pitch=-163.8 roll=+125.3 | mag=0.0499
22:27:35 [INFO] GYRO_DIAG: gx=+0.4985 gy=+0.0629 gz=+0.1368 | peaks: [+1.6964, -1.4820, -0.7538] | yaw=-687.8 pitch=+143.1 roll=-9.1 | mag=0.5207
22:27:36 [INFO] GYRO_DIAG: gx=-0.0324 gy=+0.0031 gz=+0.0367 | peaks: [+1.6964, -1.4820, -0.7538] | yaw=-679.9 pitch=+86.7 roll=+56.4 | mag=0.0490
22:27:36 [INFO] Loop OK - px_off=-138px, zoom=1.0, tracking=True, fps=60, has_frame=True
22:27:36 [INFO] IMU diag: gy=+0.2358 gx=-0.1808 px_off=-136px gain=0.40 decay=1.0000 dead=0.06 mag=0.3364 resp=0.457 yaw_out=-136 imu=15181
22:27:37 [INFO] GYRO_DIAG: gx=+0.0086 gy=-0.0623 gz=-0.0031 | peaks: [+1.6964, -1.4820, -0.7538] | yaw=-641.2 pitch=+23.8 roll=+109.8 | mag=0.0630
22:27:38 [INFO] GYRO_DIAG: gx=+0.0055 gy=-0.0489 gz=+0.0061 | peaks: [+1.6964, -1.4820, -0.7538] | yaw=-666.4 pitch=+16.7 roll=+109.8 | mag=0.0496
22:27:39 [INFO] GYRO_DIAG: gx=+0.0495 gy=-0.0770 gz=-0.0195 | peaks: [+1.6964, -1.4820, -0.7538] | yaw=-686.0 pitch=-219.9 roll=+79.4 | mag=0.0936
22:27:40 [INFO] GYRO_DIAG: gx=+0.1100 gy=-0.0476 gz=+0.0293 | peaks: [+1.6964, -1.4820, -0.7538] | yaw=-724.2 pitch=+97.3 roll=+87.2 | mag=0.1234
22:27:41 [INFO] GYRO_DIAG: gx=+0.0159 gy=-0.0556 gz=+0.0024 | peaks: [+1.6964, -1.4820, -0.7538] | yaw=-744.5 pitch=+57.8 roll=+101.1 | mag=0.0579
22:27:42 [INFO] GYRO_DIAG: gx=-1.2217 gy=+0.1246 gz=-0.0483 | peaks: [+1.6964, -1.4820, -0.7538] | yaw=-718.1 pitch=-169.9 roll=+115.5 | mag=1.2290
22:27:43 [INFO] GYRO_DIAG: gx=+0.0104 gy=-0.0476 gz=+0.0208 | peaks: [+1.6964, -1.4820, -0.7538] | yaw=-744.1 pitch=-131.5 roll=+98.4 | mag=0.0530
22:27:44 [INFO] GYRO_DIAG: gx=+0.0104 gy=-0.0403 gz=+0.0147 | peaks: [+1.6964, -1.4820, -0.7538] | yaw=-769.0 pitch=-73.3 roll=+96.4 | mag=0.0441
22:27:45 [INFO] GYRO_DIAG: gx=+0.0104 gy=-0.0470 gz=-0.0012 | peaks: [+1.6964, -1.4820, -0.7538] | yaw=-793.5 pitch=-42.4 roll=+92.5 | mag=0.0482
22:27:46 [INFO] GYRO_DIAG: gx=-0.0586 gy=-0.0672 gz=-0.0189 | peaks: [+1.8418, -1.4820, -0.7538] | yaw=-845.8 pitch=+216.1 roll=+105.3 | mag=0.0912
22:27:46 [INFO] Loop OK - px_off=-16px, zoom=1.0, tracking=True, fps=60, has_frame=True
22:27:46 [INFO] IMU diag: gy=-0.0629 gx=+0.0702 px_off=-16px gain=0.32 decay=1.0000 dead=0.06 mag=0.0944 resp=0.010 yaw_out=-16 imu=20111
22:27:47 [INFO] GYRO_DIAG: gx=+0.0031 gy=-0.0483 gz=+0.0128 | peaks: [+1.8418, -1.4820, -0.7538] | yaw=-871.5 pitch=+132.7 roll=+112.0 | mag=0.0500
22:27:48 [INFO] GYRO_DIAG: gx=-0.3146 gy=-0.0006 gz=+0.0483 | peaks: [+1.8418, -1.4820, -0.7538] | yaw=-876.4 pitch=-185.5 roll=+96.7 | mag=0.3183
22:27:49 [INFO] GYRO_DIAG: gx=+0.0079 gy=-0.0495 gz=+0.0067 | peaks: [+1.8418, -1.4820, -0.7538] | yaw=-898.6 pitch=-110.6 roll=+98.0 | mag=0.0506
22:27:50 [INFO] GYRO_DIAG: gx=+0.0086 gy=-0.0421 gz=+0.0079 | peaks: [+1.8418, -1.4820, -0.7538] | yaw=-922.4 pitch=-64.8 roll=+93.7 | mag=0.0437
22:27:51 [INFO] GYRO_DIAG: gx=-0.0031 gy=-0.0513 gz=+0.0073 | peaks: [+1.8418, -1.4820, -0.7538] | yaw=-945.6 pitch=-37.6 roll=+91.2 | mag=0.0519
22:27:52 [INFO] GYRO_DIAG: gx=-0.1442 gy=-0.0971 gz=-0.0397 | peaks: [+1.8418, -1.4820, -0.7538] | yaw=-1002.8 pitch=+205.7 roll=+93.8 | mag=0.1783
22:27:53 [INFO] GYRO_DIAG: gx=-1.3146 gy=+0.0391 gz=-0.0531 | peaks: [+1.8418, -1.4820, -0.7538] | yaw=-1016.2 pitch=-114.4 roll=+88.5 | mag=1.3162
22:27:54 [INFO] GYRO_DIAG: gx=+0.0189 gy=-0.0440 gz=+0.0202 | peaks: [+1.8418, -1.4820, -0.7538] | yaw=-1035.6 pitch=-117.5 roll=+88.8 | mag=0.0520
22:27:55 [INFO] GYRO_DIAG: gx=+0.8479 gy=-0.0458 gz=+0.0446 | peaks: [+1.8418, -1.4820, -0.7538] | yaw=-1056.9 pitch=-24.7 roll=+92.8 | mag=0.8503
22:27:56 [INFO] GYRO_DIAG: gx=-1.0617 gy=+0.0049 gz=+0.0165 | peaks: [+1.8418, -1.4820, -0.7538] | yaw=-1088.8 pitch=-31.5 roll=+92.7 | mag=1.0618
22:27:56 [INFO] Loop OK - px_off=-74px, zoom=1.0, tracking=True, fps=60, has_frame=True
22:27:56 [INFO] IMU diag: gy=+0.0079 gx=-0.7147 px_off=-74px gain=0.32 decay=1.0000 dead=0.20 mag=0.7160 resp=1.000 yaw_out=-74 imu=25040
22:27:57 [INFO] GYRO_DIAG: gx=+0.0031 gy=-0.0403 gz=+0.0189 | peaks: [+1.8418, -1.4820, -0.7538] | yaw=-1107.1 pitch=-69.0 roll=+94.6 | mag=0.0446
22:27:58 [INFO] GYRO_DIAG: gx=+0.0067 gy=-0.0428 gz=+0.0006 | peaks: [+1.8418, -1.4820, -0.7538] | yaw=-1130.5 pitch=-37.8 roll=+90.1 | mag=0.0433
22:27:59 [INFO] GYRO_DIAG: gx=+0.0006 gy=-0.0470 gz=+0.0049 | peaks: [+1.8418, -1.4820, -0.7538] | yaw=-1152.8 pitch=-24.2 roll=+88.5 | mag=0.0473
22:28:00 [INFO] GYRO_DIAG: gx=+0.0092 gy=-0.0476 gz=+0.0043 | peaks: [+1.8418, -1.4820, -0.7538] | yaw=-1175.8 pitch=-13.6 roll=+87.2 | mag=0.0487
22:28:01 [INFO] GYRO_DIAG: gx=+0.0093 gy=+0.0010 gz=+0.0011 | peaks: [+1.8418, -1.4820, -0.7538] | yaw=-1175.9 pitch=-8.0 roll=+80.8 | mag=0.0094
22:28:02 [INFO] GYRO_DIAG: gx=+1.2940 gy=+0.0004 gz=-0.0221 | peaks: [+1.8418, -1.4820, -0.7538] | yaw=-1177.0 pitch=+274.6 roll=+88.0 | mag=1.2941
22:28:03 [INFO] GYRO_DIAG: gx=-1.4861 gy=+0.0376 gz=-0.0539 | peaks: [+1.8418, -1.4820, -0.7538] | yaw=-1185.2 pitch=+65.2 roll=+87.6 | mag=1.4875
22:28:05 [INFO] GYRO_DIAG: gx=+0.0484 gy=+0.0083 gz=+0.0072 | peaks: [+1.8418, -1.4820, -0.7538] | yaw=-1174.1 pitch=-132.1 roll=+87.9 | mag=0.0496
22:28:06 [INFO] GYRO_DIAG: gx=+0.0863 gy=+0.0065 gz=-0.0080 | peaks: [+1.8418, -1.4820, -0.7538] | yaw=-1175.3 pitch=-68.1 roll=+79.2 | mag=0.0869
22:28:06 [INFO] Loop OK - px_off=-46px, zoom=1.0, tracking=True, fps=60, has_frame=True
22:28:06 [INFO] IMU diag: gy=+0.0053 gx=+0.0075 px_off=-46px gain=0.10 decay=1.0000 dead=0.02 mag=0.0138 resp=0.000 yaw_out=-46 imu=29974
22:28:07 [INFO] GYRO_DIAG: gx=+0.0032 gy=+0.0059 gz=+0.0054 | peaks: [+1.8418, -1.4820, -0.7538] | yaw=-1181.2 pitch=+220.2 roll=+89.0 | mag=0.0086
22:28:08 [INFO] GYRO_DIAG: gx=+0.1150 gy=-0.0131 gz=+0.0097 | peaks: [+1.8418, -1.4820, -0.7538] | yaw=-1159.9 pitch=-178.3 roll=+82.9 | mag=0.1161
22:28:09 [INFO] GYRO_DIAG: gx=+0.4314 gy=-0.0375 gz=+0.0201 | peaks: [+1.8418, -1.4820, -0.7538] | yaw=-1170.6 pitch=+190.5 roll=+75.6 | mag=0.4335
22:28:10 [INFO] GYRO_DIAG: gx=-0.3829 gy=+0.0150 gz=-0.0062 | peaks: [+1.8418, -1.4820, -0.7538] | yaw=-1148.8 pitch=-66.2 roll=+84.9 | mag=0.3832
22:28:11 [INFO] GYRO_DIAG: gx=+0.0117 gy=+0.0120 gz=+0.0023 | peaks: [+1.8418, -1.4820, -0.7538] | yaw=-1148.3 pitch=-43.9 roll=+82.7 | mag=0.0169
22:28:12 [INFO] GYRO_DIAG: gx=+0.0172 gy=-0.0014 gz=-0.0099 | peaks: [+1.8418, -1.4820, -0.7538] | yaw=-1150.4 pitch=-19.5 roll=+78.7 | mag=0.0199
22:28:13 [INFO] GYRO_DIAG: gx=+0.0166 gy=+0.0034 gz=+0.0103 | peaks: [+1.8418, -1.4820, -0.7538] | yaw=-1150.8 pitch=-7.2 roll=+77.2 | mag=0.0199
22:28:14 [INFO] GYRO_DIAG: gx=-0.5747 gy=+0.0578 gz=+0.0726 | peaks: [+1.8418, -1.4820, -0.7538] | yaw=-1181.4 pitch=+219.0 roll=+82.9 | mag=0.5821
22:28:15 [INFO] GYRO_DIAG: gx=+0.0857 gy=-0.0112 gz=-0.0215 | peaks: [-1.9888, -1.4820, -0.7538] | yaw=-1158.9 pitch=-114.8 roll=+75.9 | mag=0.0890
22:28:16 [INFO] GYRO_DIAG: gx=+0.0203 gy=-0.0118 gz=+0.0048 | peaks: [-1.9888, -1.4820, -0.7538] | yaw=-1158.3 pitch=-53.5 roll=+78.3 | mag=0.0240
22:28:16 [INFO] Loop OK - px_off=-24px, zoom=1.0, tracking=True, fps=60, has_frame=True
22:28:16 [INFO] IMU diag: gy=+0.0309 gx=-0.1025 px_off=-24px gain=0.10 decay=1.0000 dead=0.01 mag=0.1089 resp=0.065 yaw_out=-24 imu=34911
22:28:17 [INFO] GYRO_DIAG: gx=-0.1892 gy=+0.0431 gz=+0.0329 | peaks: [-1.9888, -1.4820, -0.7538] | yaw=-1165.2 pitch=+52.3 roll=+75.4 | mag=0.1969
22:28:18 [INFO] GYRO_DIAG: gx=-0.0054 gy=+0.0004 gz=-0.0007 | peaks: [-1.9888, -1.4820, -0.7538] | yaw=-1162.4 pitch=+21.0 roll=+78.7 | mag=0.0054
22:28:19 [INFO] GYRO_DIAG: gx=+0.0050 gy=-0.0210 gz=+0.0042 | peaks: [-1.9888, -1.4820, -0.7538] | yaw=-1163.4 pitch=+16.9 roll=+79.2 | mag=0.0220
22:28:20 [INFO] GYRO_DIAG: gx=-1.1825 gy=+0.7267 gz=+0.2516 | peaks: [-1.9888, -1.8456, -0.7538] | yaw=-1377.9 pitch=+46.4 roll=+48.5 | mag=1.4106
22:28:21 [INFO] GYRO_DIAG: gx=+0.9415 gy=-0.0069 gz=-0.0838 | peaks: [-1.9888, -1.8456, -0.7538] | yaw=-1201.5 pitch=-127.3 roll=+130.6 | mag=0.9452
22:28:22 [INFO] GYRO_DIAG: gx=-0.0060 gy=-0.0100 gz=+0.0188 | peaks: [-1.9888, -1.8456, -0.7538] | yaw=-1193.3 pitch=+33.8 roll=+97.2 | mag=0.0221
22:28:23 [INFO] GYRO_DIAG: gx=-0.0084 gy=+0.0126 gz=+0.0091 | peaks: [-1.9888, -1.8456, -0.7538] | yaw=-1192.9 pitch=+21.2 roll=+90.2 | mag=0.0177
22:28:24 [INFO] GYRO_DIAG: gx=+0.0117 gy=-0.0051 gz=+0.0066 | peaks: [-1.9888, -1.8456, -0.7538] | yaw=-1192.6 pitch=+11.9 roll=+86.7 | mag=0.0144
22:28:25 [INFO] GYRO_DIAG: gx=+0.0796 gy=-0.0082 gz=-0.0135 | peaks: [-1.9888, -1.8456, -0.7538] | yaw=-1195.0 pitch=+9.7 roll=+81.3 | mag=0.0811
22:28:26 [INFO] GYRO_DIAG: gx=-1.6449 gy=+0.1329 gz=-0.0099 | peaks: [-1.9888, -1.8456, -0.7538] | yaw=-1204.3 pitch=+8.7 roll=+87.6 | mag=1.6503
22:28:26 [INFO] Loop OK - px_off=-10px, zoom=1.0, tracking=True, fps=60, has_frame=True
22:28:26 [INFO] IMU diag: gy=-0.0271 gx=+0.0307 px_off=-10px gain=0.10 decay=0.9920 dead=0.01 mag=0.0468 resp=0.006 yaw_out=-10 imu=39847
22:28:27 [INFO] GYRO_DIAG: gx=+0.0191 gy=-0.0088 gz=+0.0072 | peaks: [-1.9888, -1.8456, -0.7538] | yaw=-1188.5 pitch=-83.9 roll=+89.8 | mag=0.0222
22:28:28 [INFO] GYRO_DIAG: gx=+0.0020 gy=+0.0010 gz=-0.0080 | peaks: [-1.9888, -1.8456, -0.7538] | yaw=-1189.4 pitch=-44.4 roll=+81.5 | mag=0.0083
22:28:29 [INFO] GYRO_DIAG: gx=-0.0017 gy=+0.0071 gz=-0.0123 | peaks: [-1.9888, -1.8456, -0.7538] | yaw=-1189.6 pitch=-24.5 roll=+76.7 | mag=0.0143
22:28:30 [INFO] GYRO_DIAG: gx=-0.0035 gy=-0.0027 gz=-0.0062 | peaks: [-1.9888, -1.8456, -0.7538] | yaw=-1190.6 pitch=-13.6 roll=+72.9 | mag=0.0076
22:28:31 [INFO] GYRO_DIAG: gx=-1.2381 gy=+0.1018 gz=-0.0801 | peaks: [-1.9888, -1.8456, -0.7538] | yaw=-1189.8 pitch=+24.3 roll=+78.4 | mag=1.2448
22:28:32 [INFO] GYRO_DIAG: gx=+0.0264 gy=+0.0041 gz=-0.0068 | peaks: [-1.9888, -1.8456, -0.7538] | yaw=-1183.1 pitch=-78.4 roll=+77.8 | mag=0.0276
22:28:33 [INFO] GYRO_DIAG: gx=+0.0215 gy=+0.0053 gz=-0.0117 | peaks: [-1.9888, -1.8456, -0.7538] | yaw=-1184.3 pitch=-36.1 roll=+71.0 | mag=0.0251
22:28:34 [INFO] GYRO_DIAG: gx=+0.1443 gy=-0.0289 gz=-0.0435 | peaks: [-1.9888, -1.8456, -0.7538] | yaw=-1187.8 pitch=+68.0 roll=+61.8 | mag=0.1535
22:28:35 [INFO] GYRO_DIAG: gx=+0.0050 gy=-0.0094 gz=-0.0019 | peaks: [-1.9888, -1.8456, -0.7538] | yaw=-1191.7 pitch=+48.6 roll=+65.2 | mag=0.0108
22:28:36 [INFO] GYRO_DIAG: gx=+0.1315 gy=-0.0393 gz=-0.0038 | peaks: [-1.9888, -1.8456, -0.7538] | yaw=-1197.6 pitch=+59.2 roll=+66.8 | mag=0.1373
22:28:36 [INFO] Loop OK - px_off=7px, zoom=1.0, tracking=True, fps=60, has_frame=True
22:28:36 [INFO] IMU diag: gy=+0.0047 gx=-0.0548 px_off=7px gain=0.14 decay=1.0000 dead=0.01 mag=0.0551 resp=0.009 yaw_out=7 imu=44780
22:28:37 [INFO] GYRO_DIAG: gx=-0.5374 gy=+0.0034 gz=-0.0190 | peaks: [-1.9888, -1.8456, -0.7538] | yaw=-1196.4 pitch=-8.6 roll=+73.3 | mag=0.5378
22:28:38 [INFO] GYRO_DIAG: gx=+0.3557 gy=-0.0186 gz=-0.0215 | peaks: [-1.9888, -1.8456, -0.7538] | yaw=-1189.9 pitch=+14.5 roll=+72.2 | mag=0.3568
22:28:39 [INFO] GYRO_DIAG: gx=+0.1113 gy=+1.3699 gz=+0.4752 | peaks: [-1.9888, -1.8456, -0.7538] | yaw=-1132.9 pitch=+37.5 roll=+94.9 | mag=1.4543
22:28:40 [INFO] GYRO_DIAG: gx=-0.0487 gy=-0.1230 gz=-0.0978 | peaks: [-1.9888, -2.4241, -0.7538] | yaw=-1529.4 pitch=+9.6 roll=-8.3 | mag=0.1646
22:28:41 [INFO] GYRO_DIAG: gx=-0.5331 gy=-0.1218 gz=-0.1039 | peaks: [-1.9888, -2.4241, -0.7538] | yaw=-1239.7 pitch=-41.9 roll=+83.5 | mag=0.5567
22:28:42 [INFO] GYRO_DIAG: gx=+0.9433 gy=+0.0022 gz=-0.0801 | peaks: [-1.9888, -2.4241, -0.7538] | yaw=-1236.0 pitch=+148.4 roll=+61.6 | mag=0.9467
22:28:43 [INFO] GYRO_DIAG: gx=-1.2931 gy=+0.1268 gz=+0.0225 | peaks: [-1.9888, -2.4241, -0.7538] | yaw=-1230.6 pitch=+127.3 roll=+82.7 | mag=1.2995
22:28:44 [INFO] GYRO_DIAG: gx=-0.1245 gy=-0.1450 gz=-0.1638 | peaks: [-1.9888, -2.4241, -0.7538] | yaw=-1175.5 pitch=-208.2 roll=+137.8 | mag=0.2517
22:28:45 [INFO] GYRO_DIAG: gx=+0.6165 gy=-0.0680 gz=-0.1479 | peaks: [-1.9888, -2.4241, -0.7538] | yaw=-1216.6 pitch=-207.0 roll=+84.1 | mag=0.6376
22:28:46 [INFO] GYRO_DIAG: gx=+0.1162 gy=+0.0535 gz=-0.0129 | peaks: [-1.9888, -2.4241, -0.7538] | yaw=-1212.3 pitch=+243.8 roll=+17.8 | mag=0.1286
22:28:46 [INFO] Loop OK - px_off=63px, zoom=1.0, tracking=True, fps=60, has_frame=True
22:28:46 [INFO] IMU diag: gy=+0.2044 gx=-1.2082 px_off=65px gain=0.14 decay=1.0000 dead=0.01 mag=1.2316 resp=1.000 yaw_out=65 imu=49714
22:28:47 [INFO] GYRO_DIAG: gx=+0.0649 gy=+0.0792 gz=+0.0182 | peaks: [-1.9888, -2.4241, -0.7538] | yaw=-1183.5 pitch=-65.0 roll=+55.7 | mag=0.1040
22:28:48 [INFO] GYRO_DIAG: gx=+0.0081 gy=-0.0149 gz=-0.0129 | peaks: [-1.9888, -2.4241, -0.7538] | yaw=-1182.3 pitch=-30.4 roll=+65.1 | mag=0.0213
22:28:49 [INFO] GYRO_DIAG: gx=+0.0386 gy=+0.0071 gz=+0.0036 | peaks: [-1.9888, -2.4241, -0.7538] | yaw=-1183.0 pitch=-18.7 roll=+66.4 | mag=0.0394
22:28:50 [INFO] GYRO_DIAG: gx=+0.0258 gy=-0.0076 gz=-0.0239 | peaks: [-1.9888, -2.4241, -0.7538] | yaw=-1180.1 pitch=-5.2 roll=+69.4 | mag=0.0360
22:28:51 [INFO] GYRO_DIAG: gx=-0.0072 gy=-0.0063 gz=+0.0005 | peaks: [-1.9888, -2.4241, -0.7538] | yaw=-1181.4 pitch=-5.7 roll=+67.4 | mag=0.0096
22:28:52 [INFO] GYRO_DIAG: gx=-0.0469 gy=-0.9074 gz=-0.1485 | peaks: [-1.9888, -2.4241, -0.7538] | yaw=-1612.6 pitch=+52.3 roll=-18.7 | mag=0.9206
22:28:53 [INFO] GYRO_DIAG: gx=-0.0958 gy=+0.4414 gz=+0.1343 | peaks: [-1.9888, +2.5336, -0.7538] | yaw=-966.3 pitch=+2.7 roll=+145.2 | mag=0.4712
22:28:54 [INFO] GYRO_DIAG: gx=+0.0350 gy=-0.0503 gz=+0.0738 | peaks: [-1.9888, +2.5336, -0.7538] | yaw=-1230.4 pitch=-139.2 roll=+77.2 | mag=0.0959
22:28:55 [INFO] GYRO_DIAG: gx=+1.0209 gy=+0.0535 gz=-0.0435 | peaks: [-1.9888, +2.5336, -0.7538] | yaw=-1205.2 pitch=+107.6 roll=+55.4 | mag=1.0232
22:28:56 [INFO] GYRO_DIAG: gx=-0.9443 gy=+0.1006 gz=+0.0610 | peaks: [-1.9888, +2.5336, -0.7538] | yaw=-1199.6 pitch=+36.8 roll=+68.8 | mag=0.9516
22:28:56 [INFO] Loop OK - px_off=65px, zoom=1.0, tracking=True, fps=60, has_frame=True
22:28:56 [INFO] IMU diag: gy=-0.1401 gx=-0.4543 px_off=65px gain=0.14 decay=1.0000 dead=0.01 mag=0.4755 resp=0.455 yaw_out=65 imu=54647
22:28:57 [INFO] GYRO_DIAG: gx=+0.0136 gy=-0.0039 gz=+0.0219 | peaks: [-1.9888, +2.5336, -0.7538] | yaw=-1207.2 pitch=-82.7 roll=+72.1 | mag=0.0261
22:28:58 [INFO] GYRO_DIAG: gx=+0.0215 gy=+0.0004 gz=+0.0017 | peaks: [-1.9888, +2.5336, -0.7538] | yaw=-1207.8 pitch=-46.8 roll=+67.9 | mag=0.0216
22:28:59 [INFO] GYRO_DIAG: gx=+0.0008 gy=+0.0053 gz=+0.0042 | peaks: [-1.9888, +2.5336, -0.7538] | yaw=-1207.7 pitch=-25.9 roll=+66.5 | mag=0.0068
22:29:00 [INFO] GYRO_DIAG: gx=-0.0939 gy=+0.2948 gz=-0.0532 | peaks: [-1.9888, +2.5336, -0.7538] | yaw=-1507.6 pitch=+84.0 roll=+3.5 | mag=0.3140
22:29:01 [INFO] GYRO_DIAG: gx=+0.0185 gy=-0.0662 gz=-0.0343 | peaks: [-1.9888, +2.5336, -0.7538] | yaw=-1481.5 pitch=+42.2 roll=+39.0 | mag=0.0768
22:29:02 [INFO] GYRO_DIAG: gx=-0.2412 gy=+0.9515 gz=+0.3481 | peaks: [-1.9888, +2.5336, -0.7538] | yaw=-1338.1 pitch=-60.5 roll=+100.9 | mag=1.0415
22:29:03 [INFO] GYRO_DIAG: gx=+0.0295 gy=-0.0033 gz=+0.0115 | peaks: [-1.9888, +2.5336, -0.7538] | yaw=-1185.4 pitch=-3.3 roll=+134.9 | mag=0.0318
22:29:04 [INFO] GYRO_DIAG: gx=-0.3340 gy=+0.0065 gz=+0.0152 | peaks: [-1.9888, +2.5336, -0.7538] | yaw=-1160.5 pitch=-73.8 roll=+123.4 | mag=0.3344
22:29:05 [INFO] GYRO_DIAG: gx=+0.0252 gy=+0.0016 gz=+0.0091 | peaks: [-1.9888, +2.5336, -0.7538] | yaw=-1172.3 pitch=-69.8 roll=+100.7 | mag=0.0268
22:29:06 [INFO] GYRO_DIAG: gx=+0.0191 gy=-0.0167 gz=-0.0025 | peaks: [-1.9888, +2.5336, -0.7538] | yaw=-1173.4 pitch=-35.9 roll=+83.3 | mag=0.0255
22:29:06 [INFO] Loop OK - px_off=133px, zoom=1.0, tracking=True, fps=60, has_frame=True
22:29:06 [INFO] IMU diag: gy=+0.0022 gx=+0.0160 px_off=133px gain=0.44 decay=1.0000 dead=0.01 mag=0.0169 resp=0.000 yaw_out=133 imu=59580
22:29:07 [INFO] GYRO_DIAG: gx=+0.7326 gy=-0.7534 gz=-0.2762 | peaks: [-1.9888, +2.5336, -0.7538] | yaw=-1227.4 pitch=+65.5 roll=+44.3 | mag=1.0866
22:29:08 [INFO] GYRO_DIAG: gx=+0.0301 gy=+0.0004 gz=+0.0286 | peaks: [-1.9888, +2.5336, -0.7538] | yaw=-1603.6 pitch=+203.3 roll=-32.2 | mag=0.0415
22:29:09 [INFO] GYRO_DIAG: gx=+0.0912 gy=-0.0014 gz=-0.0300 | peaks: [-1.9888, +2.5336, -0.7538] | yaw=-1224.0 pitch=+72.5 roll=+75.3 | mag=0.0960
22:29:10 [INFO] GYRO_DIAG: gx=-0.6217 gy=+0.0963 gz=+0.0158 | peaks: [-1.9888, +2.5336, -0.7538] | yaw=-1222.0 pitch=+26.3 roll=+80.6 | mag=0.6293
22:29:11 [INFO] GYRO_DIAG: gx=+0.0331 gy=+0.0022 gz=+0.0195 | peaks: [-1.9888, +2.5336, -0.7538] | yaw=-1203.4 pitch=-136.6 roll=+60.9 | mag=0.0385
22:29:12 [INFO] GYRO_DIAG: gx=+0.1046 gy=+0.0016 gz=-0.0001 | peaks: [-1.9888, +2.5336, -0.7538] | yaw=-1201.7 pitch=-65.6 roll=+62.3 | mag=0.1046
22:29:13 [INFO] GYRO_DIAG: gx=+0.8969 gy=-0.0668 gz=-0.0398 | peaks: [-1.9888, +2.5336, -0.7538] | yaw=-1209.6 pitch=+132.2 roll=+58.2 | mag=0.9003
22:29:14 [INFO] GYRO_DIAG: gx=+0.0026 gy=+0.0321 gz=+0.0195 | peaks: [-1.9888, +2.5336, -0.7538] | yaw=-1258.0 pitch=+280.1 roll=+74.0 | mag=0.0377
22:29:15 [INFO] GYRO_DIAG: gx=-0.4672 gy=-0.0161 gz=+0.1092 | peaks: [-1.9888, +2.5336, -0.7538] | yaw=-1237.5 pitch=-17.9 roll=+97.4 | mag=0.4800
22:29:16 [INFO] GYRO_DIAG: gx=+0.0936 gy=-0.0491 gz=+0.0353 | peaks: [-1.9888, +2.5336, -0.7538] | yaw=-1221.8 pitch=+4.2 roll=+86.5 | mag=0.1114
22:29:16 [INFO] Loop OK - px_off=66px, zoom=1.0, tracking=True, fps=60, has_frame=True
22:29:16 [INFO] IMU diag: gy=+0.0065 gx=+0.0979 px_off=65px gain=0.15 decay=1.0000 dead=0.01 mag=0.1024 resp=0.024 yaw_out=65 imu=64515
22:29:17 [INFO] GYRO_DIAG: gx=+0.0368 gy=-0.0320 gz=-0.0203 | peaks: [-1.9888, +2.5336, -0.7538] | yaw=-1230.0 pitch=+122.9 roll=+87.7 | mag=0.0528
22:29:18 [INFO] GYRO_DIAG: gx=+0.0172 gy=-0.0289 gz=-0.0013 | peaks: [-1.9888, +2.5336, -0.7538] | yaw=-1236.0 pitch=+78.1 roll=+95.7 | mag=0.0337
22:29:19 [INFO] GYRO_DIAG: gx=-0.0041 gy=-0.0039 gz=+0.0146 | peaks: [-1.9888, +2.5336, -0.7538] | yaw=-1240.3 pitch=+46.8 roll=+98.1 | mag=0.0156
22:29:21 [INFO] GYRO_DIAG: gx=+0.0093 gy=+0.0108 gz=+0.0140 | peaks: [-1.9888, +2.5336, -0.7538] | yaw=-1233.3 pitch=+29.7 roll=+102.6 | mag=0.0199
22:29:22 [INFO] GYRO_DIAG: gx=-0.0084 gy=+0.0144 gz=+0.0005 | peaks: [-1.9888, +2.5336, -0.7538] | yaw=-1231.7 pitch=+18.0 roll=+105.1 | mag=0.0167
22:29:23 [INFO] GYRO_DIAG: gx=+0.0026 gy=+0.0004 gz=+0.0054 | peaks: [-1.9888, +2.5336, -0.7538] | yaw=-1236.0 pitch=+15.7 roll=+103.0 | mag=0.0060
22:29:24 [INFO] GYRO_DIAG: gx=-0.0047 gy=+0.0187 gz=-0.0074 | peaks: [-1.9888, +2.5336, -0.7538] | yaw=-1236.3 pitch=+8.0 roll=+104.3 | mag=0.0207
22:29:25 [INFO] GYRO_DIAG: gx=+0.0044 gy=-0.0112 gz=-0.0013 | peaks: [-1.9888, +2.5336, -0.7538] | yaw=-1236.4 pitch=+4.1 roll=+104.3 | mag=0.0121
22:29:26 [INFO] GYRO_DIAG: gx=+0.0075 gy=-0.0131 gz=-0.0007 | peaks: [-1.9888, +2.5336, -0.7538] | yaw=-1236.5 pitch=+3.4 roll=+105.5 | mag=0.0151
22:29:26 [INFO] Loop OK - px_off=54px, zoom=1.0, tracking=True, fps=60, has_frame=True
22:29:26 [INFO] IMU diag: gy=+0.0163 gx=+0.0087 px_off=54px gain=0.15 decay=1.0000 dead=0.01 mag=0.0239 resp=0.001 yaw_out=54 imu=69451
22:29:27 [INFO] GYRO_DIAG: gx=+0.0337 gy=-0.0131 gz=-0.0141 | peaks: [-1.9888, +2.5336, -0.7538] | yaw=-1240.3 pitch=+2.7 roll=+104.5 | mag=0.0388
22:29:28 [INFO] GYRO_DIAG: gx=+0.0105 gy=+0.0242 gz=+0.0115 | peaks: [-1.9888, +2.5336, -0.7538] | yaw=-1238.5 pitch=+2.6 roll=+106.7 | mag=0.0288
22:29:29 [INFO] GYRO_DIAG: gx=-0.0011 gy=-0.0228 gz=-0.0050 | peaks: [-1.9888, +2.5336, -0.7538] | yaw=-1240.1 pitch=+1.1 roll=+105.3 | mag=0.0234
22:29:30 [INFO] GYRO_DIAG: gx=+0.0234 gy=+0.0248 gz=+0.0213 | peaks: [-1.9888, +2.5336, -0.7538] | yaw=-1240.8 pitch=+1.9 roll=+105.7 | mag=0.0402
22:29:31 [INFO] GYRO_DIAG: gx=-0.4421 gy=+0.0175 gz=+0.0408 | peaks: [-2.1929, +2.5336, -0.7538] | yaw=-1242.9 pitch=-416.5 roll=+78.4 | mag=0.4444
22:29:32 [INFO] GYRO_DIAG: gx=-0.1312 gy=+0.3779 gz=+0.1887 | peaks: [-2.1929, +2.5336, -0.7538] | yaw=-1241.6 pitch=+108.4 roll=+100.0 | mag=0.4423
22:29:33 [INFO] GYRO_DIAG: gx=-0.1850 gy=-2.6776 gz=-0.8761 | peaks: [-2.1929, -2.6831, -0.9512] | yaw=-1097.5 pitch=-29.1 roll=+116.1 | mag=2.8234
22:29:34 [INFO] GYRO_DIAG: gx=+0.1748 gy=+0.0041 gz=+0.0824 | peaks: [-2.1929, -2.7039, -0.9512] | yaw=-1252.3 pitch=+94.1 roll=+41.2 | mag=0.1933
22:29:35 [INFO] GYRO_DIAG: gx=+0.0050 gy=+0.0034 gz=-0.0086 | peaks: [-2.1929, -2.7039, -0.9512] | yaw=-1244.0 pitch=+57.3 roll=+76.1 | mag=0.0106
22:29:36 [INFO] GYRO_DIAG: gx=+0.0093 gy=+0.0083 gz=+0.0274 | peaks: [-2.1929, -2.7039, -0.9512] | yaw=-1244.1 pitch=+35.2 roll=+87.0 | mag=0.0301
22:29:36 [INFO] Loop OK - px_off=-14px, zoom=1.0, tracking=True, fps=60, has_frame=True
22:29:36 [INFO] IMU diag: gy=-0.0076 gx=+0.0172 px_off=-14px gain=0.15 decay=1.0000 dead=0.01 mag=0.0195 resp=0.000 yaw_out=-14 imu=74387
22:29:37 [INFO] GYRO_DIAG: gx=-0.0041 gy=+0.0089 gz=+0.0036 | peaks: [-2.1929, -2.7039, -0.9512] | yaw=-1242.8 pitch=+20.7 roll=+93.9 | mag=0.0105
22:29:38 [INFO] GYRO_DIAG: gx=+0.0075 gy=+0.0089 gz=-0.0135 | peaks: [-2.1929, -2.7039, -0.9512] | yaw=-1240.7 pitch=+13.3 roll=+98.6 | mag=0.0179
22:29:39 [INFO] GYRO_DIAG: gx=+0.0099 gy=-0.0192 gz=-0.0270 | peaks: [-2.1929, -2.7039, -0.9512] | yaw=-1239.8 pitch=+7.8 roll=+101.9 | mag=0.0345
22:29:40 [INFO] GYRO_DIAG: gx=+0.0417 gy=+0.0071 gz=-0.0025 | peaks: [-2.1929, -2.7039, -0.9512] | yaw=-1239.2 pitch=+6.2 roll=+102.8 | mag=0.0424
22:29:41 [INFO] GYRO_DIAG: gx=+0.0191 gy=+0.0077 gz=-0.0190 | peaks: [-2.1929, -2.7039, -0.9512] | yaw=-1237.7 pitch=+3.2 roll=+104.2 | mag=0.0280
22:29:42 [INFO] GYRO_DIAG: gx=-0.0072 gy=-0.0106 gz=-0.0038 | peaks: [-2.1929, -2.7039, -0.9512] | yaw=-1239.5 pitch=+2.8 roll=+103.6 | mag=0.0134
22:29:43 [INFO] GYRO_DIAG: gx=-0.0090 gy=+0.0059 gz=-0.0013 | peaks: [-2.1929, -2.7039, -0.9512] | yaw=-1243.2 pitch=+0.9 roll=+102.8 | mag=0.0109
22:29:44 [INFO] GYRO_DIAG: gx=-0.0060 gy=-0.0076 gz=-0.0032 | peaks: [-2.1929, -2.7039, -0.9512] | yaw=-1243.2 pitch=+1.7 roll=+102.9 | mag=0.0101
22:29:45 [INFO] GYRO_DIAG: gx=+0.0032 gy=-0.0045 gz=+0.0152 | peaks: [-2.1929, -2.7039, -0.9512] | yaw=-1244.2 pitch=+1.2 roll=+103.9 | mag=0.0161
22:29:46 [INFO] GYRO_DIAG: gx=+0.0050 gy=-0.0118 gz=-0.0099 | peaks: [-2.1929, -2.7039, -0.9512] | yaw=-1243.5 pitch=+0.9 roll=+104.2 | mag=0.0162
22:29:46 [INFO] Loop OK - px_off=-14px, zoom=1.0, tracking=True, fps=60, has_frame=True
22:29:46 [INFO] IMU diag: gy=+0.0114 gx=+0.0001 px_off=-14px gain=0.15 decay=1.0000 dead=0.01 mag=0.0123 resp=0.000 yaw_out=-14 imu=79321
22:29:47 [INFO] GYRO_DIAG: gx=-0.0035 gy=-0.0051 gz=-0.0032 | peaks: [-2.1929, -2.7039, -0.9512] | yaw=-1243.3 pitch=+1.9 roll=+104.3 | mag=0.0070
22:29:48 [INFO] GYRO_DIAG: gx=-0.0231 gy=+0.0083 gz=+0.0085 | peaks: [-2.1929, -2.7039, -0.9512] | yaw=-1244.3 pitch=+0.4 roll=+105.2 | mag=0.0259
22:29:49 [INFO] GYRO_DIAG: gx=+0.0026 gy=-0.0167 gz=-0.0172 | peaks: [-2.1929, -2.7039, -0.9512] | yaw=-1246.2 pitch=+1.2 roll=+104.9 | mag=0.0241
22:29:50 [INFO] GYRO_DIAG: gx=-0.0133 gy=+0.0083 gz=-0.0080 | peaks: [-2.1929, -2.7039, -0.9512] | yaw=-1247.5 pitch=+1.1 roll=+104.4 | mag=0.0176
22:29:51 [INFO] GYRO_DIAG: gx=+0.0026 gy=-0.0082 gz=-0.0013 | peaks: [-2.1929, -2.7039, -0.9512] | yaw=-1248.0 pitch=+0.7 roll=+104.1 | mag=0.0087
22:29:52 [INFO] GYRO_DIAG: gx=+0.0044 gy=-0.0063 gz=-0.0001 | peaks: [-2.1929, -2.7039, -0.9512] | yaw=-1251.8 pitch=+1.6 roll=+103.2 | mag=0.0077
22:29:53 [INFO] GYRO_DIAG: gx=-0.0029 gy=+0.0053 gz=+0.0030 | peaks: [-2.1929, -2.7039, -0.9512] | yaw=-1252.3 pitch=+0.9 roll=+104.0 | mag=0.0067
22:29:54 [INFO] GYRO_DIAG: gx=+0.0081 gy=-0.0106 gz=-0.0074 | peaks: [-2.1929, -2.7039, -0.9512] | yaw=-1252.7 pitch=+1.3 roll=+104.0 | mag=0.0153
22:29:55 [INFO] GYRO_DIAG: gx=-1.2338 gy=+0.1507 gz=-0.0270 | peaks: [-2.1929, -2.7039, -0.9512] | yaw=-1243.3 pitch=-64.8 roll=+103.2 | mag=1.2433
22:29:56 [INFO] GYRO_DIAG: gx=+0.0557 gy=-0.0247 gz=-0.0355 | peaks: [-2.1929, -2.7039, -0.9512] | yaw=-1198.0 pitch=-206.0 roll=+86.8 | mag=0.0705
22:29:56 [INFO] Loop OK - px_off=19px, zoom=1.0, tracking=True, fps=60, has_frame=True
22:29:56 [INFO] IMU diag: gy=-0.0204 gx=+0.0698 px_off=19px gain=0.15 decay=1.0000 dead=0.01 mag=0.0733 resp=0.012 yaw_out=19 imu=84254
22:29:57 [INFO] GYRO_DIAG: gx=+0.8101 gy=-0.0925 gz=+0.0402 | peaks: [-2.1929, -2.7039, -0.9512] | yaw=-1234.0 pitch=+98.7 roll=+72.6 | mag=0.8164
22:29:58 [INFO] GYRO_DIAG: gx=+0.0154 gy=+0.0047 gz=-0.0038 | peaks: [-2.1929, -2.7039, -0.9512] | yaw=-1244.3 pitch=+92.1 roll=+87.0 | mag=0.0165
22:29:59 [INFO] GYRO_DIAG: gx=-0.3352 gy=+1.4151 gz=+0.6438 | peaks: [-2.1929, -2.7039, -0.9512] | yaw=-1182.5 pitch=+62.8 roll=+124.5 | mag=1.5904
22:30:00 [INFO] GYRO_DIAG: gx=-0.0072 gy=+0.0077 gz=+0.0048 | peaks: [-2.1929, -2.7039, +0.9748] | yaw=-891.8 pitch=-15.9 roll=+238.7 | mag=0.0116
22:30:01 [INFO] GYRO_DIAG: gx=-0.0249 gy=-0.4309 gz=-0.1760 | peaks: [-2.1929, -2.7039, +0.9748] | yaw=-912.6 pitch=-17.8 roll=+169.1 | mag=0.4661
22:30:02 [INFO] GYRO_DIAG: gx=-0.0286 gy=-0.0772 gz=-0.0148 | peaks: [-2.1929, -2.7039, +0.9748] | yaw=-1329.2 pitch=+31.7 roll=-70.7 | mag=0.0836
22:30:03 [INFO] GYRO_DIAG: gx=+0.0221 gy=+0.0102 gz=+0.0048 | peaks: [-2.1929, -2.7039, +0.9748] | yaw=-1321.4 pitch=+27.2 roll=+4.6 | mag=0.0248
22:30:04 [INFO] GYRO_DIAG: gx=-0.0041 gy=+0.0664 gz=+0.0402 | peaks: [-2.1929, -2.7039, +0.9748] | yaw=-1322.5 pitch=+17.3 roll=+42.8 | mag=0.0777
22:30:05 [INFO] GYRO_DIAG: gx=+0.0099 gy=-0.0039 gz=+0.0121 | peaks: [-2.1929, -2.7039, +0.9748] | yaw=-1316.3 pitch=+14.7 roll=+68.9 | mag=0.0161
22:30:06 [INFO] GYRO_DIAG: gx=-0.0035 gy=-0.0124 gz=+0.0097 | peaks: [-2.1929, -2.7039, +0.9748] | yaw=-1314.1 pitch=+11.9 roll=+83.0 | mag=0.0162
22:30:06 [INFO] Loop OK - px_off=-76px, zoom=1.0, tracking=True, fps=60, has_frame=True
22:30:06 [INFO] IMU diag: gy=-0.0008 gx=+0.0038 px_off=-76px gain=0.15 decay=1.0000 dead=0.01 mag=0.0079 resp=0.000 yaw_out=-76 imu=89187
22:30:07 [INFO] GYRO_DIAG: gx=+0.0032 gy=+0.0126 gz=+0.0072 | peaks: [-2.1929, -2.7039, +0.9748] | yaw=-1311.9 pitch=+11.4 roll=+92.7 | mag=0.0149
22:30:08 [INFO] GYRO_DIAG: gx=+0.0967 gy=-0.0033 gz=-0.0007 | peaks: [-2.1929, -2.7039, +0.9748] | yaw=-1703.0 pitch=-85.0 roll=+90.4 | mag=0.0967
22:30:09 [INFO] GYRO_DIAG: gx=+0.1138 gy=+0.0053 gz=-0.0422 | peaks: [-2.1929, -2.7039, +0.9748] | yaw=-1306.3 pitch=+84.4 roll=+144.6 | mag=0.1215
22:30:10 [INFO] GYRO_DIAG: gx=-0.0029 gy=-0.0131 gz=-0.0093 | peaks: [-2.1929, -2.7039, +0.9748] | yaw=-1304.6 pitch=+59.2 roll=+125.2 | mag=0.0163
22:30:11 [INFO] GYRO_DIAG: gx=-0.1862 gy=+0.0462 gz=+0.0793 | peaks: [-2.1929, -2.7039, +0.9748] | yaw=-1289.7 pitch=+39.8 roll=+126.3 | mag=0.2076
22:30:12 [INFO] GYRO_DIAG: gx=-0.0652 gy=-0.0534 gz=-0.0630 | peaks: [-2.1929, -2.7039, +0.9748] | yaw=-1284.3 pitch=+0.3 roll=+126.9 | mag=0.1052
22:30:13 [INFO] GYRO_DIAG: gx=+0.0325 gy=-0.0247 gz=-0.0221 | peaks: [-2.1929, -2.7039, +0.9748] | yaw=-1299.7 pitch=+2.8 roll=+110.6 | mag=0.0464
22:30:13 [INFO] Hotkeys triggered: {'quit'}
22:30:13 [INFO] Quit requested
22:32:00 [INFO] ============================================================
22:32:00 [INFO] AirPin starting...
22:32:00 [INFO] Args: Namespace(no_imu=False, no_audio=False, monitor=0, sensitivity=None, fps=None)
22:32:00 [INFO] Displays found: 2, target_monitor=0
22:32:00 [INFO]   [0] Monitor 0 @ (0,0) 1920x1080
22:32:00 [INFO]   [1] Monitor 1 @ (-3840,0) 3840x2160
22:32:00 [INFO] IMU tracker started and recentered
22:32:00 [INFO] Screen capture started: 1920x1080
22:32:01 [INFO] Renderer initialized: 1920x1080 at (0,0), hwnd=42541204
22:32:01 [INFO] Target display: Monitor 0 (1920x1080) at (0,0)
22:32:02 [INFO] GYRO_DIAG: gx=+0.1756 gy=-0.0077 gz=-0.0275 | peaks: [-0.7517, -0.3559, -0.2425] | yaw=-20.6 pitch=+93.9 roll=+65.8 | mag=0.1779
22:32:03 [INFO] GYRO_DIAG: gx=+0.2092 gy=+0.4736 gz=+0.1833 | peaks: [-0.7517, +0.4736, +0.2505] | yaw=+74.4 pitch=+67.3 roll=+134.6 | mag=0.5492
22:32:04 [INFO] GYRO_DIAG: gx=+0.0394 gy=+0.0277 gz=+0.0574 | peaks: [-0.7517, -0.6614, -0.4056] | yaw=-22.8 pitch=+43.2 roll=+57.3 | mag=0.0749
22:32:04 [INFO] Hotkeys triggered: {'toggle_settings'}
22:32:04 [INFO] Settings panel: shown (click-through: OFF)
22:32:05 [INFO] GYRO_DIAG: gx=-0.0077 gy=+0.0112 gz=+0.0244 | peaks: [-0.7517, -0.6614, -0.4056] | yaw=-5.7 pitch=+21.5 roll=+86.5 | mag=0.0280
22:32:06 [INFO] GYRO_DIAG: gx=-0.0577 gy=+0.4321 gz=+0.4056 | peaks: [-0.7517, -0.6614, +0.4056] | yaw=+73.8 pitch=+1.9 roll=+151.9 | mag=0.5954
22:32:07 [INFO] GYRO_DIAG: gx=+0.6008 gy=-0.2576 gz=-0.2346 | peaks: [-0.7517, -1.3553, -1.1081] | yaw=-80.4 pitch=+25.6 roll=-1.3 | mag=0.6945
22:32:08 [INFO] GYRO_DIAG: gx=-1.2648 gy=+0.1615 gz=+0.0678 | peaks: [-1.2648, -1.3553, -1.1081] | yaw=-14.5 pitch=-155.0 roll=+77.1 | mag=1.2769
22:32:09 [INFO] GYRO_DIAG: gx=-0.0003 gy=+0.8102 gz=+0.6158 | peaks: [-1.2789, -1.3553, -1.1081] | yaw=+154.0 pitch=-127.0 roll=+142.6 | mag=1.0176
22:32:10 [INFO] GYRO_DIAG: gx=+0.6124 gy=-1.2594 gz=-0.8735 | peaks: [-1.2789, -1.3553, -1.1081] | yaw=+34.6 pitch=-45.5 roll=+57.1 | mag=1.6505
22:32:11 [INFO] GYRO_DIAG: gx=+0.1231 gy=+0.1780 gz=+0.1216 | peaks: [-1.2789, -1.3553, -1.1081] | yaw=-15.6 pitch=+92.1 roll=+40.0 | mag=0.2482
22:32:11 [INFO] Loop OK - px_off=-210px, zoom=1.0, tracking=True, fps=60, has_frame=True
22:32:11 [INFO] IMU diag: gy=+0.1749 gx=+0.1219 px_off=-209px gain=0.40 decay=1.0000 dead=0.06 mag=0.2451 resp=0.101 yaw_out=-209 imu=5001
22:32:12 [INFO] GYRO_DIAG: gx=-0.0003 gy=-0.0059 gz=-0.0006 | peaks: [-1.2789, -1.3553, -1.1081] | yaw=+8.0 pitch=+57.1 roll=+79.4 | mag=0.0060
22:32:13 [INFO] GYRO_DIAG: gx=-0.0046 gy=-0.0077 gz=-0.0037 | peaks: [-1.2789, -1.3553, -1.1081] | yaw=+8.4 pitch=+33.8 roll=+85.3 | mag=0.0097
22:32:14 [INFO] GYRO_DIAG: gx=-0.0003 gy=-0.0218 gz=+0.0049 | peaks: [-1.2789, -1.3553, -1.1081] | yaw=+6.8 pitch=+19.9 roll=+86.8 | mag=0.0223
22:32:15 [INFO] GYRO_DIAG: gx=-0.0022 gy=-0.0071 gz=-0.0134 | peaks: [-1.2789, -1.3553, -1.1081] | yaw=+4.8 pitch=+11.5 roll=+88.4 | mag=0.0154
22:32:16 [INFO] GYRO_DIAG: gx=+0.0095 gy=-0.0016 gz=+0.0031 | peaks: [-1.2789, -1.3553, -1.1081] | yaw=+3.3 pitch=+5.1 roll=+89.8 | mag=0.0101
22:32:17 [INFO] GYRO_DIAG: gx=+0.0119 gy=-0.0047 gz=-0.0030 | peaks: [-1.2789, -1.3553, -1.1081] | yaw=+2.0 pitch=+2.5 roll=+90.2 | mag=0.0131
22:32:18 [INFO] GYRO_DIAG: gx=-0.2251 gy=-0.2460 gz=-0.1026 | peaks: [-1.2789, -1.3553, -1.1081] | yaw=-108.3 pitch=-40.9 roll=+53.2 | mag=0.3489
22:32:19 [INFO] GYRO_DIAG: gx=+0.0107 gy=-0.0065 gz=+0.0128 | peaks: [-1.2789, -1.3553, -1.1081] | yaw=-32.8 pitch=-19.4 roll=+84.3 | mag=0.0179
22:32:20 [INFO] GYRO_DIAG: gx=+0.0162 gy=-0.2967 gz=-0.0238 | peaks: [-1.2789, -1.3553, -1.1081] | yaw=-39.0 pitch=-7.9 roll=+84.0 | mag=0.2981
22:32:21 [INFO] Loop OK - px_off=-356px, zoom=1.0, tracking=True, fps=60, has_frame=True
22:32:21 [INFO] IMU diag: gy=-0.0016 gx=-0.0345 px_off=-352px gain=0.40 decay=1.0000 dead=0.06 mag=0.0569 resp=0.000 yaw_out=-352 imu=9937
22:32:21 [INFO] GYRO_DIAG: gx=+0.0107 gy=-0.0615 gz=+0.0080 | peaks: [-1.2789, -1.3553, -1.1081] | yaw=-363.6 pitch=-41.4 roll=+43.3 | mag=0.0629
22:32:22 [INFO] GYRO_DIAG: gx=+0.0070 gy=+0.0173 gz=+0.0055 | peaks: [-1.2789, -1.3553, -1.1081] | yaw=-360.8 pitch=-22.0 roll=+60.3 | mag=0.0195
22:32:26 [WARNING] IMU stalled after 10719 samples, reconnecting (attempt 1)
22:32:26 [INFO] Hotkeys triggered: {'recenter'}
22:32:26 [INFO] Recentered
22:32:26 [INFO] IMU reconnected successfully
22:32:29 [WARNING] IMU stalled after 10719 samples, reconnecting (attempt 2)
22:32:30 [INFO] IMU reconnected successfully
22:32:31 [INFO] Loop OK - px_off=-51px, zoom=1.0, tracking=True, fps=60, has_frame=True
22:32:31 [INFO] IMU diag: gy=-0.1550 gx=+0.0449 px_off=-51px gain=0.58 decay=1.0000 dead=0.06 mag=0.1679 resp=0.050 yaw_out=-51 imu=10719
22:32:33 [WARNING] IMU stalled after 10719 samples, reconnecting (attempt 3)
22:32:34 [INFO] IMU reconnected successfully
22:32:37 [WARNING] IMU stalled after 10719 samples, reconnecting (attempt 4)
22:32:37 [INFO] Hotkeys triggered: {'toggle_settings'}
22:32:37 [INFO] Settings panel: hidden (click-through: ON)
22:32:37 [INFO] IMU reconnected successfully
22:32:38 [INFO] Hotkeys triggered: {'quit'}
22:32:38 [INFO] Quit requested
22:33:05 [INFO] ============================================================
22:33:05 [INFO] AirPin starting...
22:33:05 [INFO] Args: Namespace(no_imu=False, no_audio=False, monitor=0, sensitivity=None, fps=None)
22:33:05 [INFO] Displays found: 2, target_monitor=0
22:33:05 [INFO]   [0] Monitor 0 @ (0,0) 1920x1080
22:33:05 [INFO]   [1] Monitor 1 @ (-3840,0) 3840x2160
22:33:05 [INFO] IMU tracker started and recentered
22:33:05 [INFO] Screen capture started: 1920x1080
22:33:06 [INFO] Renderer initialized: 1920x1080 at (0,0), hwnd=9379714
22:33:06 [INFO] Target display: Monitor 0 (1920x1080) at (0,0)
22:33:06 [INFO] GYRO_DIAG: gx=-0.0073 gy=-0.0312 gz=+0.0043 | peaks: [-1.0928, -0.1509, +0.0965] | yaw=-28.4 pitch=-56.3 roll=+105.8 | mag=0.0323
22:33:07 [INFO] GYRO_DIAG: gx=-0.1692 gy=-0.0464 gz=-0.0379 | peaks: [-1.0928, -0.1509, +0.2162] | yaw=-37.0 pitch=-43.0 roll=+126.3 | mag=0.1795
22:33:08 [INFO] GYRO_DIAG: gx=-0.1643 gy=-0.0415 gz=+0.1796 | peaks: [-1.0928, -0.5993, -0.4459] | yaw=-160.6 pitch=-91.3 roll=+41.0 | mag=0.2469
22:33:09 [INFO] Hotkeys triggered: {'toggle_settings'}
22:33:09 [INFO] Settings panel: shown (click-through: OFF)
22:33:09 [INFO] GYRO_DIAG: gx=-0.0098 gy=+0.1057 gz=+0.0367 | peaks: [-1.0928, +0.9902, +0.6103] | yaw=-121.8 pitch=-47.5 roll=+83.3 | mag=0.1123
22:33:10 [INFO] GYRO_DIAG: gx=+0.0214 gy=-0.0275 gz=+0.0354 | peaks: [-1.0928, +0.9902, +0.6103] | yaw=-134.0 pitch=-39.3 roll=+99.6 | mag=0.0497
22:33:11 [INFO] GYRO_DIAG: gx=+0.0104 gy=-0.0513 gz=+0.0031 | peaks: [-1.0928, +0.9902, +0.6103] | yaw=-153.1 pitch=-22.5 roll=+101.9 | mag=0.0524
22:33:12 [INFO] GYRO_DIAG: gx=+0.0073 gy=-0.0348 gz=+0.0067 | peaks: [-1.0928, +0.9902, +0.6103] | yaw=-176.1 pitch=-10.0 roll=+100.0 | mag=0.0362
22:33:13 [INFO] GYRO_DIAG: gx=+0.0024 gy=-0.0269 gz=-0.0037 | peaks: [-1.0928, +0.9902, +0.6103] | yaw=-199.8 pitch=-4.2 roll=+97.5 | mag=0.0272
22:33:14 [INFO] GYRO_DIAG: gx=-0.0128 gy=+0.0112 gz=-0.0061 | peaks: [-1.0928, +0.9902, +0.6103] | yaw=-209.2 pitch=-3.0 roll=+90.5 | mag=0.0181
22:33:15 [INFO] GYRO_DIAG: gx=+0.1637 gy=+0.0442 gz=+0.0226 | peaks: [-1.0928, +0.9902, +0.6103] | yaw=-211.8 pitch=+2.6 roll=+84.1 | mag=0.1711
22:33:16 [INFO] Loop OK - px_off=-29px, zoom=1.0, tracking=True, fps=60, has_frame=True
22:33:16 [INFO] IMU diag: gy=-0.7163 gx=-0.3085 px_off=-32px gain=0.16 decay=1.0000 dead=0.02 mag=0.7824 resp=0.927 yaw_out=-32 imu=5394
22:33:16 [INFO] GYRO_DIAG: gx=+0.0666 gy=-0.5190 gz=+0.0513 | peaks: [-1.0928, +0.9902, +0.6103] | yaw=-402.5 pitch=+60.1 roll=+55.8 | mag=0.5258
22:33:17 [INFO] GYRO_DIAG: gx=-0.1368 gy=-0.2301 gz=-0.0800 | peaks: [-1.0928, +1.8340, +0.6103] | yaw=-128.1 pitch=-27.9 roll=+115.4 | mag=0.2794
22:33:18 [INFO] GYRO_DIAG: gx=-0.0207 gy=-0.0163 gz=-0.0073 | peaks: [-1.0928, +1.8340, +0.6103] | yaw=-154.3 pitch=-16.0 roll=+88.2 | mag=0.0274
22:33:19 [INFO] GYRO_DIAG: gx=-0.0036 gy=-0.0199 gz=-0.0030 | peaks: [-1.0928, +1.8340, +0.6103] | yaw=-157.8 pitch=-10.0 roll=+84.4 | mag=0.0205
22:33:20 [INFO] GYRO_DIAG: gx=-0.0085 gy=-0.0022 gz=-0.0159 | peaks: [-1.0928, +1.8340, +0.6103] | yaw=-160.3 pitch=-8.8 roll=+79.0 | mag=0.0181
22:33:21 [INFO] GYRO_DIAG: gx=-0.0330 gy=-0.2845 gz=-0.1228 | peaks: [-1.0928, +1.8340, +0.6103] | yaw=-336.4 pitch=-8.0 roll=+46.5 | mag=0.3116
22:33:22 [INFO] GYRO_DIAG: gx=-0.2804 gy=-0.0615 gz=+0.0397 | peaks: [-1.0928, +1.8340, +0.6103] | yaw=-162.0 pitch=+177.6 roll=+54.6 | mag=0.2898
22:33:23 [INFO] GYRO_DIAG: gx=+0.1411 gy=-0.0041 gz=+0.0080 | peaks: [-1.4563, +1.8340, +0.6103] | yaw=-193.8 pitch=-105.2 roll=+60.5 | mag=0.1414
22:33:24 [INFO] GYRO_DIAG: gx=+0.0043 gy=-0.0059 gz=-0.0012 | peaks: [-1.4563, +1.8340, +0.6103] | yaw=-195.8 pitch=-49.3 roll=+70.8 | mag=0.0074
22:33:25 [INFO] GYRO_DIAG: gx=-0.0097 gy=+0.0002 gz=-0.0061 | peaks: [-1.4563, +1.8340, +0.6103] | yaw=-197.9 pitch=-31.0 roll=+70.9 | mag=0.0115
22:33:26 [INFO] Loop OK - px_off=55px, zoom=1.0, tracking=True, fps=60, has_frame=True
22:33:26 [INFO] IMU diag: gy=+0.0014 gx=-0.0012 px_off=55px gain=0.16 decay=1.0000 dead=0.01 mag=0.0036 resp=0.000 yaw_out=55 imu=10327
22:33:26 [INFO] GYRO_DIAG: gx=+0.0123 gy=-0.0059 gz=-0.0116 | peaks: [-1.4563, +1.8340, +0.6103] | yaw=-199.9 pitch=-17.4 roll=+69.1 | mag=0.0179
22:33:27 [INFO] GYRO_DIAG: gx=+0.3275 gy=-1.2453 gz=-0.2242 | peaks: [-1.4563, +1.8340, +0.6103] | yaw=-262.1 pitch=+5.5 roll=+59.2 | mag=1.3070
22:33:28 [INFO] GYRO_DIAG: gx=-0.1356 gy=+0.1248 gz=+0.0318 | peaks: [-1.4563, +1.8340, +0.6103] | yaw=-141.0 pitch=-3.0 roll=+77.3 | mag=0.1870
22:33:29 [INFO] GYRO_DIAG: gx=-0.0336 gy=+0.0075 gz=+0.0141 | peaks: [-1.4563, +1.8340, +0.6103] | yaw=-188.7 pitch=-13.6 roll=+71.5 | mag=0.0372
22:33:30 [INFO] GYRO_DIAG: gx=-0.0018 gy=-0.0028 gz=-0.0104 | peaks: [-1.4563, +1.8340, +0.6103] | yaw=-190.5 pitch=-8.5 roll=+73.1 | mag=0.0109
22:33:31 [INFO] GYRO_DIAG: gx=+0.6787 gy=-0.0499 gz=-0.0391 | peaks: [-1.4563, +1.8340, +0.6103] | yaw=-193.8 pitch=+33.6 roll=+69.3 | mag=0.6817
22:33:32 [INFO] GYRO_DIAG: gx=-0.0073 gy=-0.0151 gz=-0.0018 | peaks: [-1.4563, +1.8340, +0.6103] | yaw=-208.9 pitch=+104.1 roll=+75.4 | mag=0.0168
22:33:33 [INFO] GYRO_DIAG: gx=+0.0055 gy=-0.0199 gz=-0.0134 | peaks: [-1.4563, +1.8340, +0.6103] | yaw=-214.1 pitch=+62.8 roll=+78.1 | mag=0.0247
22:33:34 [INFO] GYRO_DIAG: gx=-0.0171 gy=-0.0047 gz=-0.0091 | peaks: [-1.4563, +1.8340, +0.6103] | yaw=-209.2 pitch=-36.8 roll=+87.0 | mag=0.0199
22:33:35 [INFO] GYRO_DIAG: gx=-0.0061 gy=+0.0008 gz=+0.0025 | peaks: [-1.4563, +1.8340, +0.6103] | yaw=-211.0 pitch=-21.2 roll=+84.7 | mag=0.0066
22:33:36 [INFO] Loop OK - px_off=202px, zoom=1.0, tracking=True, fps=60, has_frame=True
22:33:36 [INFO] IMU diag: gy=+1.0259 gx=-0.1936 px_off=218px gain=0.42 decay=1.0000 dead=0.04 mag=1.0909 resp=1.000 yaw_out=218 imu=15260
22:33:36 [INFO] GYRO_DIAG: gx=-0.0134 gy=-0.1464 gz=-0.0244 | peaks: [-1.4563, +1.8340, +0.6103] | yaw=-34.7 pitch=-68.8 roll=+132.1 | mag=0.1490
22:33:37 [INFO] GYRO_DIAG: gx=+0.5767 gy=+0.4590 gz=+0.0513 | peaks: [-1.4563, -1.8764, +0.6103] | yaw=-336.7 pitch=+109.5 roll=+26.8 | mag=0.7388
22:33:38 [INFO] GYRO_DIAG: gx=+0.2334 gy=-0.0108 gz=+0.0397 | peaks: [-1.4996, -1.8764, +0.6103] | yaw=-227.8 pitch=-169.7 roll=+67.2 | mag=0.2370
22:33:39 [INFO] GYRO_DIAG: gx=+0.0184 gy=-0.0157 gz=+0.0196 | peaks: [-1.4996, -1.8764, +0.6103] | yaw=-226.9 pitch=-36.7 roll=+72.2 | mag=0.0311
22:33:40 [INFO] GYRO_DIAG: gx=+0.0373 gy=-0.0297 gz=-0.0018 | peaks: [-1.4996, -1.8764, +0.6103] | yaw=-232.6 pitch=-10.0 roll=+69.6 | mag=0.0477
22:33:41 [INFO] GYRO_DIAG: gx=+0.1363 gy=-0.8874 gz=-0.1356 | peaks: [-1.4996, -1.8764, +0.6103] | yaw=-300.4 pitch=+24.3 roll=+59.6 | mag=0.9080
22:33:42 [INFO] GYRO_DIAG: gx=-0.0452 gy=-0.0145 gz=+0.0281 | peaks: [-1.4996, -1.8764, +0.6103] | yaw=-157.0 pitch=+5.0 roll=+92.9 | mag=0.0551
22:33:43 [INFO] GYRO_DIAG: gx=+0.7056 gy=+0.1199 gz=-0.0519 | peaks: [-1.4996, -1.8764, +0.6103] | yaw=-234.3 pitch=-73.1 roll=+66.5 | mag=0.7176
22:33:44 [INFO] GYRO_DIAG: gx=-0.1044 gy=+0.0136 gz=+0.0012 | peaks: [-1.4996, -1.8764, +0.6103] | yaw=-199.9 pitch=+93.5 roll=+76.4 | mag=0.1053
22:33:45 [INFO] Hotkeys triggered: {'recenter'}
22:33:45 [INFO] Recentered
22:33:45 [INFO] GYRO_DIAG: gx=+0.0068 gy=+0.0057 gz=-0.0104 | peaks: [-1.4996, -1.8764, +0.6103] | yaw=-201.0 pitch=+48.9 roll=+79.9 | mag=0.0136
22:33:46 [INFO] Loop OK - px_off=0px, zoom=1.0, tracking=True, fps=60, has_frame=True
22:33:46 [INFO] IMU diag: gy=+0.0136 gx=+0.0263 px_off=0px gain=0.42 decay=1.0000 dead=0.04 mag=0.0333 resp=0.000 yaw_out=0 imu=20200
22:33:47 [INFO] GYRO_DIAG: gx=-0.0727 gy=-0.0261 gz=-0.0085 | peaks: [-1.4996, -1.8764, +0.6103] | yaw=-197.4 pitch=+37.6 roll=+90.8 | mag=0.0777
22:33:47 [INFO] Hotkeys triggered: {'recenter'}
22:33:47 [INFO] Recentered
22:33:48 [INFO] GYRO_DIAG: gx=-0.5485 gy=-0.0041 gz=-0.0421 | peaks: [-1.4996, -1.8764, +0.6103] | yaw=-193.5 pitch=+53.0 roll=+88.1 | mag=0.5502
22:33:49 [INFO] GYRO_DIAG: gx=+0.4893 gy=+0.1157 gz=-0.0831 | peaks: [-1.4996, -1.8764, +0.6103] | yaw=-190.9 pitch=-39.3 roll=+76.4 | mag=0.5096
22:33:50 [INFO] GYRO_DIAG: gx=+0.1020 gy=+0.0204 gz=-0.0018 | peaks: [-1.4996, -1.8764, +0.6103] | yaw=-194.9 pitch=+38.5 roll=+92.0 | mag=0.1041
22:33:51 [INFO] GYRO_DIAG: gx=-0.1325 gy=-0.0096 gz=+0.0043 | peaks: [-1.4996, -1.8764, +0.6103] | yaw=-201.6 pitch=+46.6 roll=+95.7 | mag=0.1329
22:33:52 [INFO] GYRO_DIAG: gx=-0.0232 gy=-0.0065 gz=-0.0165 | peaks: [-1.4996, -1.8764, +0.6103] | yaw=-203.4 pitch=+54.6 roll=+100.6 | mag=0.0292
22:33:53 [INFO] GYRO_DIAG: gx=+0.0049 gy=-0.0120 gz=-0.0024 | peaks: [-1.4996, -1.8764, +0.6103] | yaw=-203.6 pitch=+31.7 roll=+98.4 | mag=0.0132
22:33:54 [INFO] GYRO_DIAG: gx=-0.0024 gy=+0.0014 gz=-0.0055 | peaks: [-1.4996, -1.8764, +0.6103] | yaw=-202.7 pitch=+20.7 roll=+97.9 | mag=0.0062
22:33:55 [INFO] GYRO_DIAG: gx=-0.0042 gy=-0.0065 gz=-0.0030 | peaks: [-1.4996, -1.8764, +0.6103] | yaw=-203.8 pitch=+12.2 roll=+98.2 | mag=0.0083
22:33:56 [INFO] GYRO_DIAG: gx=-0.0446 gy=-0.0090 gz=-0.0030 | peaks: [-1.4996, -1.8764, +0.6103] | yaw=-204.7 pitch=+0.2 roll=+98.8 | mag=0.0456
22:33:56 [INFO] Loop OK - px_off=-0px, zoom=1.0, tracking=True, fps=60, has_frame=True
22:33:56 [INFO] IMU diag: gy=-0.0065 gx=-0.0085 px_off=-0px gain=0.42 decay=1.0000 dead=0.04 mag=0.0113 resp=0.000 yaw_out=-0 imu=25136
22:33:57 [INFO] GYRO_DIAG: gx=+0.0165 gy=+0.0143 gz=+0.0159 | peaks: [-1.4996, -1.8764, +0.6103] | yaw=-217.6 pitch=-54.8 roll=+92.4 | mag=0.0270
22:33:58 [INFO] GYRO_DIAG: gx=-0.0910 gy=-0.2918 gz=-0.3024 | peaks: [-1.4996, -1.8764, +0.6103] | yaw=-296.6 pitch=-38.8 roll=+35.3 | mag=0.4299
22:33:59 [INFO] GYRO_DIAG: gx=+0.0379 gy=+0.4895 gz=+0.5095 | peaks: [-1.4996, -1.8764, +0.6103] | yaw=-264.8 pitch=-20.6 roll=+92.0 | mag=0.7075
22:34:00 [INFO] GYRO_DIAG: gx=+0.0397 gy=-0.0212 gz=-0.0238 | peaks: [-1.4996, -1.8764, +0.6103] | yaw=-221.6 pitch=-41.9 roll=+115.6 | mag=0.0509
22:34:01 [INFO] GYRO_DIAG: gx=+0.0019 gy=-0.0090 gz=-0.0177 | peaks: [-1.4996, -1.8764, +0.6103] | yaw=-219.7 pitch=-16.0 roll=+107.6 | mag=0.0199
22:34:02 [INFO] GYRO_DIAG: gx=+0.0055 gy=-0.0028 gz=+0.0012 | peaks: [-1.4996, -1.8764, +0.6103] | yaw=-221.3 pitch=-10.4 roll=+99.9 | mag=0.0063
22:34:03 [INFO] GYRO_DIAG: gx=-0.0061 gy=+0.0039 gz=-0.0006 | peaks: [-1.4996, -1.8764, +0.6103] | yaw=-222.7 pitch=-7.3 roll=+95.4 | mag=0.0072
22:34:04 [INFO] GYRO_DIAG: gx=-0.0006 gy=-0.0035 gz=-0.0037 | peaks: [-1.4996, -1.8764, +0.6103] | yaw=-225.1 pitch=-6.1 roll=+93.2 | mag=0.0051
22:34:05 [INFO] GYRO_DIAG: gx=+0.0068 gy=+0.0063 gz=-0.0061 | peaks: [-1.4996, -1.8764, +0.6103] | yaw=-225.6 pitch=-4.3 roll=+91.6 | mag=0.0111
22:34:06 [INFO] GYRO_DIAG: gx=-0.0036 gy=-0.0035 gz=-0.0171 | peaks: [-1.4996, -1.8764, +0.6103] | yaw=-227.7 pitch=-3.6 roll=+90.4 | mag=0.0178
22:34:06 [INFO] Loop OK - px_off=51px, zoom=1.0, tracking=True, fps=60, has_frame=True
22:34:06 [INFO] IMU diag: gy=+0.0020 gx=-0.0030 px_off=51px gain=0.42 decay=1.0000 dead=0.04 mag=0.0071 resp=0.000 yaw_out=51 imu=30072
22:34:07 [INFO] GYRO_DIAG: gx=+0.0031 gy=+0.0069 gz=+0.0043 | peaks: [-1.4996, -1.8764, +0.6103] | yaw=-229.9 pitch=-3.7 roll=+89.8 | mag=0.0087
22:34:08 [INFO] GYRO_DIAG: gx=+0.1375 gy=-0.0151 gz=-0.0171 | peaks: [-1.4996, -1.8764, +0.6103] | yaw=-268.3 pitch=-134.7 roll=+82.1 | mag=0.1394
22:34:09 [INFO] GYRO_DIAG: gx=+0.0110 gy=-0.0102 gz=-0.0073 | peaks: [-1.4996, -1.8764, +0.6103] | yaw=-271.5 pitch=-58.2 roll=+76.8 | mag=0.0167
22:34:10 [INFO] GYRO_DIAG: gx=-0.3329 gy=-0.0157 gz=-0.0067 | peaks: [-1.4996, -1.8764, +0.6103] | yaw=-264.5 pitch=-63.7 roll=+86.0 | mag=0.3333
22:34:11 [INFO] GYRO_DIAG: gx=-0.0055 gy=-0.0896 gz=-0.0782 | peaks: [-1.4996, -1.8764, +0.6103] | yaw=-263.3 pitch=-80.9 roll=+67.2 | mag=0.1190
22:34:12 [INFO] GYRO_DIAG: gx=-0.4581 gy=-0.1519 gz=-0.0403 | peaks: [-1.4996, -1.8764, +0.6103] | yaw=-252.6 pitch=-197.2 roll=+65.4 | mag=0.4843
22:34:13 [INFO] GYRO_DIAG: gx=+0.5358 gy=+0.3282 gz=+0.2187 | peaks: [-2.9621, -1.8764, +0.6103] | yaw=-137.8 pitch=-431.6 roll=+117.4 | mag=0.6653
22:34:14 [INFO] GYRO_DIAG: gx=-0.8326 gy=+0.5634 gz=+0.1026 | peaks: [-2.9621, -1.8764, +0.6103] | yaw=-72.6 pitch=-248.0 roll=+153.5 | mag=1.0105
22:34:15 [INFO] GYRO_DIAG: gx=+0.2835 gy=-0.4127 gz=+0.6243 | peaks: [-2.9621, -1.8764, -1.0629] | yaw=-149.6 pitch=-190.8 roll=+114.5 | mag=0.8003
22:34:16 [INFO] Loop OK - px_off=116px, zoom=1.0, tracking=True, fps=60, has_frame=True
22:34:16 [INFO] IMU diag: gy=-0.5642 gx=+0.4600 px_off=102px gain=0.87 decay=1.0000 dead=0.04 mag=1.0159 resp=1.000 yaw_out=102 imu=34999
22:34:16 [INFO] GYRO_DIAG: gx=+0.4680 gy=-0.5642 gz=-0.6872 | peaks: [-2.9621, -1.8764, -2.2413] | yaw=-124.7 pitch=-70.9 roll=-30.4 | mag=1.0048
22:34:17 [INFO] GYRO_DIAG: gx=-0.2681 gy=+0.0198 gz=+0.0110 | peaks: [-2.9621, -1.8764, -2.2413] | yaw=-184.9 pitch=-95.2 roll=+45.5 | mag=0.2691
22:34:18 [INFO] GYRO_DIAG: gx=-0.1160 gy=+0.0479 gz=+0.0403 | peaks: [-2.9621, -1.8764, -2.2413] | yaw=+6.8 pitch=-112.9 roll=+153.1 | mag=0.1318
22:34:19 [INFO] GYRO_DIAG: gx=+0.2639 gy=+0.2562 gz=-0.6249 | peaks: [-2.9621, -1.8764, -2.2413] | yaw=+0.8 pitch=-3.8 roll=+188.1 | mag=0.7251
22:34:20 [INFO] GYRO_DIAG: gx=-0.1350 gy=-0.1091 gz=-1.3427 | peaks: [-2.9621, -1.8764, -2.2413] | yaw=+25.5 pitch=-126.8 roll=-70.0 | mag=1.3538
22:34:21 [INFO] GYRO_DIAG: gx=-0.1631 gy=+0.1199 gz=-0.0318 | peaks: [-2.9621, -1.8764, -2.2413] | yaw=+46.3 pitch=-52.9 roll=-202.3 | mag=0.2049
22:34:22 [INFO] GYRO_DIAG: gx=+0.1418 gy=-0.0731 gz=-0.0611 | peaks: [-2.9621, -1.8764, -2.2413] | yaw=+193.1 pitch=-185.2 roll=-93.7 | mag=0.1708
22:34:23 [INFO] GYRO_DIAG: gx=-0.4661 gy=+0.0210 gz=+0.5547 | peaks: [-2.9621, -1.8764, -2.2413] | yaw=+212.6 pitch=-105.5 roll=-78.4 | mag=0.7248
22:34:24 [INFO] GYRO_DIAG: gx=+1.7349 gy=-0.7786 gz=+0.3024 | peaks: [-2.9621, -1.8764, -2.2413] | yaw=-70.4 pitch=+268.6 roll=-135.7 | mag=1.9255
22:34:25 [INFO] GYRO_DIAG: gx=+0.6995 gy=+0.0411 gz=-0.3916 | peaks: [-2.9621, -1.8764, -2.2413] | yaw=-179.4 pitch=+619.7 roll=-65.2 | mag=0.8027
22:34:26 [INFO] Loop OK - px_off=-217px, zoom=1.0, tracking=True, fps=60, has_frame=True
22:34:26 [INFO] IMU diag: gy=+0.0051 gx=-0.0268 px_off=-216px gain=0.87 decay=1.0000 dead=0.04 mag=0.0997 resp=0.016 yaw_out=-216 imu=39926
22:34:26 [INFO] GYRO_DIAG: gx=-0.6933 gy=-0.0059 gz=+0.0403 | peaks: [-2.9621, -1.8764, -2.2413] | yaw=-164.8 pitch=+545.2 roll=-5.6 | mag=0.6945
22:34:27 [INFO] GYRO_DIAG: gx=+0.0251 gy=+0.0338 gz=-0.0256 | peaks: [-2.9621, -1.8764, -2.2413] | yaw=-177.5 pitch=+289.5 roll=+25.8 | mag=0.0493
22:34:28 [INFO] GYRO_DIAG: gx=-0.4233 gy=-0.1366 gz=+0.1423 | peaks: [-2.9621, -1.8764, -2.2413] | yaw=-205.7 pitch=+171.1 roll=+39.4 | mag=0.4670
22:34:29 [INFO] GYRO_DIAG: gx=+0.1760 gy=+0.2653 gz=+0.1533 | peaks: [-2.9621, -1.8764, -2.2413] | yaw=-111.1 pitch=+16.0 roll=+83.1 | mag=0.3534
22:34:30 [INFO] GYRO_DIAG: gx=+0.2316 gy=-0.0859 gz=-0.0140 | peaks: [-2.9621, -1.8764, -2.2413] | yaw=-80.8 pitch=+49.7 roll=+82.1 | mag=0.2474
22:34:31 [INFO] GYRO_DIAG: gx=+0.4276 gy=+0.0204 gz=+0.0898 | peaks: [-2.9621, -1.8764, -2.2413] | yaw=-190.1 pitch=-19.5 roll=+42.3 | mag=0.4374
22:34:32 [INFO] GYRO_DIAG: gx=-0.0207 gy=-0.0340 gz=-0.0018 | peaks: [-2.9621, -1.8764, -2.2413] | yaw=-206.2 pitch=+48.1 roll=+62.9 | mag=0.0399
22:34:33 [INFO] GYRO_DIAG: gx=+0.1198 gy=-0.0939 gz=-0.0977 | peaks: [-2.9621, -1.8764, -2.2413] | yaw=-238.9 pitch=+76.0 roll=+44.4 | mag=0.1808
22:34:34 [INFO] GYRO_DIAG: gx=+0.0141 gy=+0.0760 gz=-0.0287 | peaks: [-2.9621, -1.8764, -2.2413] | yaw=-252.5 pitch=+73.8 roll=+61.1 | mag=0.0824
22:34:35 [INFO] GYRO_DIAG: gx=-0.0611 gy=-0.0090 gz=-0.0342 | peaks: [-2.9621, -1.8764, -2.2413] | yaw=-242.9 pitch=+53.6 roll=+74.9 | mag=0.0705
22:34:36 [INFO] Loop OK - px_off=-307px, zoom=1.0, tracking=True, fps=61, has_frame=True
22:34:36 [INFO] IMU diag: gy=+0.0369 gx=+0.0483 px_off=-304px gain=0.87 decay=1.0000 dead=0.04 mag=0.1130 resp=0.023 yaw_out=-304 imu=44853
22:34:36 [INFO] GYRO_DIAG: gx=+0.0190 gy=-0.0395 gz=-0.0470 | peaks: [-2.9621, -1.8764, -2.2413] | yaw=-332.9 pitch=+6.1 roll=+63.0 | mag=0.0643
22:34:37 [INFO] GYRO_DIAG: gx=+0.1008 gy=+0.0711 gz=+0.0306 | peaks: [-2.9621, -1.8764, -2.2413] | yaw=-314.2 pitch=+26.2 roll=+65.9 | mag=0.1271
22:34:38 [INFO] GYRO_DIAG: gx=-0.1001 gy=+0.0491 gz=+0.0733 | peaks: [-2.9621, -1.8764, -2.2413] | yaw=-147.4 pitch=+0.9 roll=+87.4 | mag=0.1335
22:34:39 [INFO] GYRO_DIAG: gx=-0.2773 gy=+0.1004 gz=-0.0452 | peaks: [-2.9621, -1.8764, -2.2413] | yaw=-288.2 pitch=-46.0 roll=+77.5 | mag=0.2984
22:34:40 [INFO] GYRO_DIAG: gx=+0.0220 gy=+0.0161 gz=+0.0067 | peaks: [-2.9621, -1.8764, -2.2413] | yaw=-274.9 pitch=-23.2 roll=+78.6 | mag=0.0281
22:34:41 [INFO] GYRO_DIAG: gx=-0.0586 gy=-0.0487 gz=+0.0446 | peaks: [-2.9621, -1.8764, -2.2413] | yaw=-220.9 pitch=+60.9 roll=+77.8 | mag=0.0883
22:34:42 [INFO] GYRO_DIAG: gx=+0.0275 gy=-0.0157 gz=+0.0049 | peaks: [-2.9621, -1.8764, -2.2413] | yaw=-228.0 pitch=-32.7 roll=+88.2 | mag=0.0321
22:34:43 [INFO] GYRO_DIAG: gx=+0.1674 gy=+0.0485 gz=+0.0171 | peaks: [-2.9621, -1.8764, -2.2413] | yaw=-225.3 pitch=-2.4 roll=+73.4 | mag=0.1751
22:34:44 [INFO] GYRO_DIAG: gx=+0.4466 gy=+0.0191 gz=+0.0012 | peaks: [-2.9621, -1.8764, -2.2413] | yaw=-200.2 pitch=+148.0 roll=+85.2 | mag=0.4470
22:34:45 [INFO] Hotkeys triggered: {'recenter'}
22:34:45 [INFO] Recentered
22:34:45 [INFO] GYRO_DIAG: gx=+0.0917 gy=+0.0051 gz=-0.0208 | peaks: [-2.9621, -1.8764, -2.2413] | yaw=-208.5 pitch=+106.9 roll=+92.5 | mag=0.0941
22:34:46 [INFO] Loop OK - px_off=0px, zoom=1.0, tracking=True, fps=60, has_frame=True
22:34:46 [INFO] IMU diag: gy=-0.0138 gx=-0.0012 px_off=0px gain=0.87 decay=1.0000 dead=0.04 mag=0.0139 resp=0.000 yaw_out=0 imu=49778
22:34:46 [INFO] GYRO_DIAG: gx=+0.0055 gy=-0.0212 gz=-0.0513 | peaks: [-2.9621, -1.8764, -2.2413] | yaw=-210.7 pitch=+65.1 roll=+94.0 | mag=0.0558
22:34:47 [INFO] GYRO_DIAG: gx=-0.0018 gy=+0.0082 gz=-0.0073 | peaks: [-2.9621, -1.8764, -2.2413] | yaw=-215.6 pitch=+36.1 roll=+88.1 | mag=0.0111
22:34:48 [INFO] GYRO_DIAG: gx=+0.0263 gy=-0.0028 gz=+0.0018 | peaks: [-2.9621, -1.8764, -2.2413] | yaw=-212.8 pitch=+23.4 roll=+94.4 | mag=0.0265
22:34:49 [INFO] GYRO_DIAG: gx=+0.0116 gy=+0.0069 gz=-0.0256 | peaks: [-2.9621, -1.8764, -2.2413] | yaw=-213.1 pitch=+15.0 roll=+95.2 | mag=0.0290
22:34:50 [INFO] GYRO_DIAG: gx=-0.0055 gy=-0.0065 gz=-0.0183 | peaks: [-2.9621, -1.8764, -2.2413] | yaw=-212.7 pitch=+8.5 roll=+98.0 | mag=0.0202
22:34:51 [INFO] GYRO_DIAG: gx=-0.0384 gy=-0.0059 gz=-0.0018 | peaks: [-2.9621, -1.8764, -2.2413] | yaw=-208.0 pitch=+0.8 roll=+92.7 | mag=0.0389
22:34:52 [INFO] GYRO_DIAG: gx=-0.0165 gy=-0.0120 gz=-0.0030 | peaks: [-2.9621, -1.8764, -2.2413] | yaw=-201.6 pitch=-1.5 roll=+98.4 | mag=0.0206
22:34:53 [INFO] GYRO_DIAG: gx=-0.0042 gy=-0.0059 gz=+0.0043 | peaks: [-2.9621, -1.8764, -2.2413] | yaw=-205.0 pitch=-1.8 roll=+97.4 | mag=0.0084
22:34:54 [INFO] Hotkeys triggered: {'toggle_hud'}
22:34:54 [INFO] HUD: OFF
22:34:54 [INFO] GYRO_DIAG: gx=-0.0018 gy=-0.0230 gz=-0.0073 | peaks: [-2.9621, -1.8764, -2.2413] | yaw=-204.2 pitch=-1.1 roll=+99.2 | mag=0.0242
22:34:55 [INFO] GYRO_DIAG: gx=+0.0031 gy=-0.0230 gz=-0.0134 | peaks: [-2.9621, -1.8764, -2.2413] | yaw=-210.9 pitch=-0.6 roll=+96.5 | mag=0.0268
22:34:56 [INFO] Loop OK - px_off=0px, zoom=1.0, tracking=True, fps=60, has_frame=True
22:34:56 [INFO] IMU diag: gy=-0.0010 gx=+0.0055 px_off=0px gain=0.87 decay=1.0000 dead=0.04 mag=0.0102 resp=0.000 yaw_out=0 imu=54710
22:34:56 [INFO] GYRO_DIAG: gx=+0.0019 gy=-0.0065 gz=-0.0067 | peaks: [-2.9621, -1.8764, -2.2413] | yaw=-214.5 pitch=-0.7 roll=+96.7 | mag=0.0095
22:34:58 [INFO] GYRO_DIAG: gx=-0.0006 gy=-0.0004 gz=-0.0098 | peaks: [-2.9621, -1.8764, -2.2413] | yaw=-215.7 pitch=-0.8 roll=+98.4 | mag=0.0098
22:34:59 [INFO] GYRO_DIAG: gx=-0.0012 gy=-0.0053 gz=+0.0006 | peaks: [-2.9621, -1.8764, -2.2413] | yaw=-217.1 pitch=-1.9 roll=+98.7 | mag=0.0055
22:35:00 [INFO] GYRO_DIAG: gx=+0.0006 gy=-0.0071 gz=-0.0085 | peaks: [-2.9621, -1.8764, -2.2413] | yaw=-218.5 pitch=-1.4 roll=+99.1 | mag=0.0111
22:35:01 [INFO] GYRO_DIAG: gx=-0.0012 gy=+0.0057 gz=+0.0061 | peaks: [-2.9621, -1.8764, -2.2413] | yaw=-219.0 pitch=-0.8 roll=+99.0 | mag=0.0085
22:35:02 [INFO] GYRO_DIAG: gx=-0.0116 gy=-0.0010 gz=-0.0012 | peaks: [-2.9621, -1.8764, -2.2413] | yaw=-220.1 pitch=-2.8 roll=+99.4 | mag=0.0117
22:35:03 [INFO] GYRO_DIAG: gx=+0.0039 gy=-0.0032 gz=+0.0040 | peaks: [-2.9621, -1.8764, -2.2413] | yaw=-220.0 pitch=-2.9 roll=+100.2 | mag=0.0064
22:35:04 [INFO] GYRO_DIAG: gx=+0.0002 gy=-0.0050 gz=+0.0004 | peaks: [-2.9621, -1.8764, -2.2413] | yaw=-220.9 pitch=-0.2 roll=+100.2 | mag=0.0050
22:35:05 [INFO] GYRO_DIAG: gx=-0.0004 gy=+0.0048 gz=+0.0028 | peaks: [-2.9621, -1.8764, -2.2413] | yaw=-220.5 pitch=-0.1 roll=+100.8 | mag=0.0056
22:35:06 [INFO] GYRO_DIAG: gx=+0.0057 gy=-0.0227 gz=-0.0027 | peaks: [-2.9621, -1.8764, -2.2413] | yaw=-220.1 pitch=-0.6 roll=+101.1 | mag=0.0236
22:35:06 [INFO] Loop OK - px_off=0px, zoom=1.0, tracking=True, fps=60, has_frame=True
22:35:06 [INFO] IMU diag: gy=-0.0068 gx=+0.0015 px_off=0px gain=0.87 decay=1.0000 dead=0.04 mag=0.0078 resp=0.000 yaw_out=0 imu=59642
22:35:07 [INFO] GYRO_DIAG: gx=+0.0039 gy=-0.0068 gz=-0.0021 | peaks: [-2.9621, -1.8764, -2.2413] | yaw=-221.8 pitch=+1.2 roll=+100.8 | mag=0.0081
22:35:08 [INFO] GYRO_DIAG: gx=-0.0010 gy=+0.0036 gz=+0.0077 | peaks: [-2.9621, -1.8764, -2.2413] | yaw=-222.2 pitch=+0.5 roll=+100.9 | mag=0.0085
22:35:09 [INFO] GYRO_DIAG: gx=+0.0070 gy=+0.0011 gz=+0.0028 | peaks: [-2.9621, -1.8764, -2.2413] | yaw=-223.5 pitch=+0.5 roll=+100.5 | mag=0.0076
22:35:09 [INFO] Hotkeys triggered: {'toggle_settings'}
22:35:09 [INFO] Settings panel: hidden (click-through: ON)
22:35:10 [INFO] GYRO_DIAG: gx=+0.0033 gy=+0.0042 gz=+0.0004 | peaks: [-2.9621, -1.8764, -2.2413] | yaw=-223.8 pitch=+1.9 roll=+100.6 | mag=0.0053
22:35:11 [INFO] GYRO_DIAG: gx=-0.0999 gy=+0.6523 gz=+0.7884 | peaks: [-2.9621, -1.8764, -2.2413] | yaw=-58.8 pitch=-12.2 roll=+221.3 | mag=1.0281
22:35:12 [INFO] GYRO_DIAG: gx=+0.0485 gy=-0.7148 gz=-0.6374 | peaks: [-2.9621, -1.8764, -2.2413] | yaw=-147.9 pitch=-11.6 roll=+91.3 | mag=0.9589
22:35:13 [INFO] GYRO_DIAG: gx=+0.5940 gy=+0.0848 gz=-0.0124 | peaks: [-2.9621, -1.8764, -2.2413] | yaw=-207.0 pitch=-0.5 roll=+50.9 | mag=0.6001
22:35:14 [INFO] GYRO_DIAG: gx=-0.4109 gy=+0.0060 gz=-0.1193 | peaks: [-2.9621, -1.8764, -2.2413] | yaw=-186.6 pitch=-157.2 roll=+62.9 | mag=0.4279
22:35:15 [INFO] GYRO_DIAG: gx=+0.0662 gy=+0.5081 gz=+0.1189 | peaks: [-2.9621, -1.8764, -2.2413] | yaw=-267.2 pitch=-112.7 roll=+53.3 | mag=0.5260
22:35:16 [INFO] GYRO_DIAG: gx=+0.2574 gy=-0.0496 gz=+0.0389 | peaks: [-2.9621, -1.8764, -2.2413] | yaw=-195.5 pitch=+77.6 roll=+96.4 | mag=0.2650
22:35:16 [INFO] Loop OK - px_off=76px, zoom=1.0, tracking=True, fps=60, has_frame=True
22:35:16 [INFO] IMU diag: gy=-0.0856 gx=+0.0369 px_off=76px gain=0.87 decay=1.0000 dead=0.04 mag=0.0946 resp=0.014 yaw_out=76 imu=64572
22:35:17 [INFO] GYRO_DIAG: gx=+0.0063 gy=-0.0111 gz=-0.0100 | peaks: [-2.9621, -1.8764, -2.2413] | yaw=-211.1 pitch=+58.3 roll=+100.1 | mag=0.0162
22:35:18 [INFO] GYRO_DIAG: gx=+0.0986 gy=-0.0093 gz=-0.0320 | peaks: [-2.9621, -1.8764, -2.2413] | yaw=-214.3 pitch=-68.1 roll=+87.7 | mag=0.1041
22:35:19 [INFO] GYRO_DIAG: gx=+0.0369 gy=-0.0258 gz=+0.0242 | peaks: [-2.9621, -1.8764, -2.2413] | yaw=-224.9 pitch=+38.6 roll=+83.8 | mag=0.0511
22:35:20 [INFO] GYRO_DIAG: gx=+0.0430 gy=+0.0121 gz=+0.0004 | peaks: [-2.9621, -1.8764, -2.2413] | yaw=-221.0 pitch=+40.0 roll=+94.4 | mag=0.0447
22:35:21 [INFO] GYRO_DIAG: gx=+0.0002 gy=-0.0013 gz=+0.0034 | peaks: [-2.9621, -1.8764, -2.2413] | yaw=-220.9 pitch=+29.7 roll=+97.8 | mag=0.0037
22:35:22 [INFO] GYRO_DIAG: gx=+0.0063 gy=+0.0042 gz=+0.0010 | peaks: [-2.9621, -1.8764, -2.2413] | yaw=-222.7 pitch=+18.7 roll=+99.2 | mag=0.0076
22:35:23 [INFO] GYRO_DIAG: gx=+0.0015 gy=-0.0111 gz=-0.0106 | peaks: [-2.9621, -1.8764, -2.2413] | yaw=-223.2 pitch=+13.1 roll=+100.5 | mag=0.0154
22:35:24 [INFO] GYRO_DIAG: gx=+0.0033 gy=-0.0081 gz=-0.0051 | peaks: [-2.9621, -1.8764, -2.2413] | yaw=-224.0 pitch=+8.7 roll=+101.3 | mag=0.0101
22:35:25 [INFO] GYRO_DIAG: gx=-0.0022 gy=-0.0026 gz=+0.0010 | peaks: [-2.9621, -1.8764, -2.2413] | yaw=-224.1 pitch=+4.9 roll=+101.9 | mag=0.0035
22:35:26 [INFO] GYRO_DIAG: gx=+0.0198 gy=-0.0013 gz=-0.0051 | peaks: [-2.9621, -1.8764, -2.2413] | yaw=-225.3 pitch=+7.2 roll=+100.9 | mag=0.0205
22:35:26 [INFO] Loop OK - px_off=59px, zoom=1.0, tracking=True, fps=60, has_frame=True
22:35:26 [INFO] IMU diag: gy=-0.0019 gx=+0.0155 px_off=59px gain=0.87 decay=1.0000 dead=0.04 mag=0.0160 resp=0.000 yaw_out=59 imu=69502
22:35:27 [INFO] GYRO_DIAG: gx=-0.0407 gy=+0.0103 gz=+0.0016 | peaks: [-2.9621, -1.8764, -2.2413] | yaw=-216.6 pitch=+11.0 roll=+105.4 | mag=0.0420
22:35:28 [INFO] GYRO_DIAG: gx=+0.0179 gy=-0.0038 gz=+0.0065 | peaks: [-2.9621, -1.8764, -2.2413] | yaw=-219.0 pitch=-0.4 roll=+105.0 | mag=0.0195
22:35:29 [INFO] GYRO_DIAG: gx=+0.0094 gy=+0.0017 gz=+0.0010 | peaks: [-2.9621, -1.8764, -2.2413] | yaw=-221.5 pitch=+11.5 roll=+102.6 | mag=0.0096
22:35:30 [INFO] GYRO_DIAG: gx=-0.0523 gy=+0.0433 gz=+0.0163 | peaks: [-2.9621, -1.8764, -2.2413] | yaw=-214.5 pitch=-1.2 roll=+103.9 | mag=0.0698
22:35:31 [INFO] GYRO_DIAG: gx=-0.0193 gy=+0.0084 gz=+0.0028 | peaks: [-2.9621, -1.8764, -2.2413] | yaw=-211.2 pitch=+24.6 roll=+111.5 | mag=0.0213
22:35:32 [INFO] GYRO_DIAG: gx=-0.0273 gy=+0.0127 gz=-0.0057 | peaks: [-2.9621, -1.8764, -2.2413] | yaw=-220.2 pitch=+8.7 roll=+103.5 | mag=0.0306
22:35:33 [INFO] GYRO_DIAG: gx=+0.0179 gy=-0.0026 gz=-0.0418 | peaks: [-2.9621, -1.8764, -2.2413] | yaw=-220.9 pitch=+2.9 roll=+102.2 | mag=0.0455
22:35:34 [INFO] GYRO_DIAG: gx=+0.0027 gy=+0.0048 gz=+0.0053 | peaks: [-2.9621, -1.8764, -2.2413] | yaw=-223.2 pitch=+3.8 roll=+101.1 | mag=0.0076
22:35:35 [INFO] GYRO_DIAG: gx=+0.0106 gy=+0.0115 gz=+0.0138 | peaks: [-2.9621, -1.8764, -2.2413] | yaw=-225.6 pitch=+2.0 roll=+101.3 | mag=0.0209
22:35:36 [INFO] Loop OK - px_off=51px, zoom=1.0, tracking=True, fps=60, has_frame=True
22:35:36 [INFO] IMU diag: gy=+0.0475 gx=-0.0163 px_off=51px gain=0.87 decay=1.0000 dead=0.04 mag=0.0503 resp=0.001 yaw_out=51 imu=74432
22:35:36 [INFO] GYRO_DIAG: gx=-0.1109 gy=-0.0417 gz=-0.0821 | peaks: [-2.9621, -1.8764, -2.2413] | yaw=-225.0 pitch=-3.8 roll=+99.4 | mag=0.1442
22:35:37 [INFO] GYRO_DIAG: gx=+0.0112 gy=+0.0463 gz=+0.0596 | peaks: [-2.9621, -1.8764, -2.2413] | yaw=-226.6 pitch=-7.9 roll=+98.4 | mag=0.0763
22:35:38 [INFO] GYRO_DIAG: gx=-0.0040 gy=-0.0239 gz=+0.0040 | peaks: [-2.9621, -1.8764, -2.2413] | yaw=-231.0 pitch=-1.8 roll=+101.4 | mag=0.0246
22:35:39 [INFO] GYRO_DIAG: gx=+0.0057 gy=+0.0103 gz=+0.0028 | peaks: [-2.9621, -1.8764, -2.2413] | yaw=-233.4 pitch=+1.7 roll=+103.7 | mag=0.0121
22:35:40 [INFO] GYRO_DIAG: gx=+0.0070 gy=-0.0001 gz=-0.0094 | peaks: [-2.9621, -1.8764, -2.2413] | yaw=-233.6 pitch=-0.3 roll=+102.9 | mag=0.0117
22:35:41 [INFO] GYRO_DIAG: gx=+0.0027 gy=+0.0042 gz=+0.0010 | peaks: [-2.9621, -1.8764, -2.2413] | yaw=-234.7 pitch=+1.2 roll=+102.9 | mag=0.0050
22:35:42 [INFO] GYRO_DIAG: gx=+0.0002 gy=-0.0003 gz=-0.0014 | peaks: [-2.9621, -1.8764, -2.2413] | yaw=-234.9 pitch=+0.9 roll=+102.9 | mag=0.0014
22:35:43 [INFO] GYRO_DIAG: gx=+0.0063 gy=-0.0046 gz=-0.0118 | peaks: [-2.9621, -1.8764, -2.2413] | yaw=-235.0 pitch=-0.2 roll=+102.8 | mag=0.0141
22:35:44 [INFO] GYRO_DIAG: gx=+0.1285 gy=+0.2098 gz=+0.2191 | peaks: [-2.9621, -1.8764, -2.2413] | yaw=-223.8 pitch=+9.3 roll=+115.1 | mag=0.3295
22:35:45 [INFO] GYRO_DIAG: gx=+0.0015 gy=-0.0058 gz=-0.0166 | peaks: [-2.9621, -1.8764, -2.2413] | yaw=-37.7 pitch=+24.8 roll=+225.1 | mag=0.0177
22:35:46 [INFO] Loop OK - px_off=21px, zoom=1.0, tracking=True, fps=60, has_frame=True
22:35:46 [INFO] IMU diag: gy=-0.4725 gx=-0.0022 px_off=12px gain=0.87 decay=1.0000 dead=0.04 mag=0.6240 resp=0.768 yaw_out=12 imu=79362
22:35:46 [INFO] GYRO_DIAG: gx=-0.0236 gy=-0.2117 gz=-0.1687 | peaks: [-2.9621, -1.8764, -2.2413] | yaw=-222.5 pitch=-1.6 roll=+40.5 | mag=0.2717
22:35:47 [INFO] GYRO_DIAG: gx=+0.0149 gy=+0.0009 gz=+0.0053 | peaks: [-2.9621, -1.8764, -2.2413] | yaw=-217.9 pitch=-4.1 roll=+73.3 | mag=0.0159
22:35:48 [INFO] GYRO_DIAG: gx=-0.0004 gy=-0.0046 gz=-0.0087 | peaks: [-2.9621, -1.8764, -2.2413] | yaw=-216.4 pitch=-3.5 roll=+88.5 | mag=0.0098
22:35:49 [INFO] GYRO_DIAG: gx=-0.0205 gy=-0.1591 gz=-0.0753 | peaks: [-2.9621, -1.8764, -2.2413] | yaw=-168.2 pitch=+99.2 roll=+124.4 | mag=0.1772
22:35:50 [INFO] GYRO_DIAG: gx=+0.0076 gy=-0.0351 gz=-0.0270 | peaks: [-2.9621, -1.8764, -2.2413] | yaw=-189.9 pitch=+33.2 roll=+113.3 | mag=0.0450
22:35:51 [INFO] GYRO_DIAG: gx=+0.0063 gy=-0.0015 gz=+0.0102 | peaks: [-2.9621, -1.8764, -2.2413] | yaw=-198.6 pitch=-1.3 roll=+109.9 | mag=0.0121
22:35:52 [INFO] GYRO_DIAG: gx=+0.0021 gy=+0.0113 gz=+0.0072 | peaks: [-2.9621, -1.8764, -2.2413] | yaw=-197.5 pitch=+7.0 roll=+114.4 | mag=0.0136
22:35:53 [INFO] GYRO_DIAG: gx=+0.0008 gy=+0.0034 gz=-0.0069 | peaks: [-2.9621, -1.8764, -2.2413] | yaw=-196.8 pitch=+2.8 roll=+114.5 | mag=0.0077
22:35:54 [INFO] GYRO_DIAG: gx=+0.0021 gy=-0.0040 gz=-0.0093 | peaks: [-2.9621, -1.8764, -2.2413] | yaw=-197.4 pitch=-3.9 roll=+113.6 | mag=0.0103
22:35:55 [INFO] GYRO_DIAG: gx=-0.0028 gy=-0.0046 gz=-0.0008 | peaks: [-2.9621, -1.8764, -2.2413] | yaw=-197.0 pitch=-4.2 roll=+114.0 | mag=0.0054
22:35:56 [INFO] Loop OK - px_off=-6px, zoom=1.0, tracking=True, fps=60, has_frame=True
22:35:56 [INFO] IMU diag: gy=+0.0009 gx=-0.0089 px_off=-6px gain=0.87 decay=1.0000 dead=0.04 mag=0.0091 resp=0.000 yaw_out=-6 imu=84292
22:35:56 [INFO] GYRO_DIAG: gx=+0.0045 gy=+0.0076 gz=+0.0029 | peaks: [-2.9621, -1.8764, -2.2413] | yaw=-196.9 pitch=-3.4 roll=+114.2 | mag=0.0093
22:35:57 [INFO] GYRO_DIAG: gx=+0.0051 gy=+0.0058 gz=+0.0060 | peaks: [-2.9621, -1.8764, -2.2413] | yaw=-196.2 pitch=-3.1 roll=+114.5 | mag=0.0098
22:35:58 [INFO] GYRO_DIAG: gx=+0.0106 gy=+0.0028 gz=-0.0050 | peaks: [-2.9621, -1.8764, -2.2413] | yaw=-195.2 pitch=-1.3 roll=+114.9 | mag=0.0121
22:35:59 [INFO] GYRO_DIAG: gx=+0.0015 gy=+0.0095 gz=+0.0023 | peaks: [-2.9621, -1.8764, -2.2413] | yaw=-193.8 pitch=+1.0 roll=+115.7 | mag=0.0099
22:36:00 [INFO] GYRO_DIAG: gx=-0.0059 gy=-0.0137 gz=-0.0002 | peaks: [-2.9621, -1.8764, -2.2413] | yaw=-195.6 pitch=-3.4 roll=+115.5 | mag=0.0149
22:36:01 [INFO] GYRO_DIAG: gx=+0.0008 gy=-0.0168 gz=-0.0099 | peaks: [-2.9621, -1.8764, -2.2413] | yaw=-194.6 pitch=-5.9 roll=+114.7 | mag=0.0195
22:36:02 [INFO] GYRO_DIAG: gx=-0.0065 gy=-0.0101 gz=-0.0056 | peaks: [-2.9621, -1.8764, -2.2413] | yaw=-194.1 pitch=-6.2 roll=+115.0 | mag=0.0132
22:36:03 [INFO] GYRO_DIAG: gx=-0.0028 gy=-0.0027 gz=+0.0047 | peaks: [-2.9621, -1.8764, -2.2413] | yaw=-194.8 pitch=-6.3 roll=+114.4 | mag=0.0062
22:36:04 [INFO] GYRO_DIAG: gx=-0.0047 gy=+0.0009 gz=+0.0060 | peaks: [-2.9621, -1.8764, -2.2413] | yaw=-194.5 pitch=-4.9 roll=+114.7 | mag=0.0076
22:36:05 [INFO] GYRO_DIAG: gx=-0.0028 gy=-0.0070 gz=-0.0050 | peaks: [-2.9621, -1.8764, -2.2413] | yaw=-195.3 pitch=-5.2 roll=+114.3 | mag=0.0091
22:36:06 [INFO] Loop OK - px_off=-6px, zoom=1.0, tracking=True, fps=60, has_frame=True
22:36:06 [INFO] IMU diag: gy=+0.0058 gx=-0.0022 px_off=-6px gain=0.87 decay=1.0000 dead=0.04 mag=0.0064 resp=0.000 yaw_out=-6 imu=89222
22:36:06 [INFO] GYRO_DIAG: gx=+0.0037 gy=+0.0054 gz=-0.0006 | peaks: [-2.9621, -1.8764, -2.2413] | yaw=-195.3 pitch=-5.9 roll=+114.3 | mag=0.0066
22:36:07 [INFO] GYRO_DIAG: gx=+0.0244 gy=-0.0043 gz=-0.0086 | peaks: [-2.9621, -1.8764, -2.2413] | yaw=-194.2 pitch=-2.8 roll=+114.9 | mag=0.0263
22:36:08 [INFO] GYRO_DIAG: gx=-0.0104 gy=+0.0060 gz=+0.0036 | peaks: [-2.9621, -1.8764, -2.2413] | yaw=-193.6 pitch=-4.2 roll=+115.3 | mag=0.0125
22:36:10 [INFO] GYRO_DIAG: gx=+0.0098 gy=+0.0097 gz=-0.0000 | peaks: [-2.9621, -1.8764, -2.2413] | yaw=-192.6 pitch=-4.1 roll=+115.4 | mag=0.0138
22:36:11 [INFO] GYRO_DIAG: gx=+0.0079 gy=+0.0140 gz=+0.0006 | peaks: [-2.9621, -1.8764, -2.2413] | yaw=-192.7 pitch=-3.2 roll=+115.2 | mag=0.0161
22:36:12 [INFO] GYRO_DIAG: gx=-0.0104 gy=-0.0019 gz=-0.0006 | peaks: [-2.9621, -1.8764, -2.2413] | yaw=-192.2 pitch=-2.7 roll=+115.8 | mag=0.0106
22:36:13 [INFO] GYRO_DIAG: gx=-0.0018 gy=-0.0007 gz=+0.0097 | peaks: [-2.9621, -1.8764, -2.2413] | yaw=-191.8 pitch=-3.7 roll=+115.8 | mag=0.0099
22:36:14 [INFO] GYRO_DIAG: gx=+0.0025 gy=+0.0085 gz=-0.0061 | peaks: [-2.9621, -1.8764, -2.2413] | yaw=-189.9 pitch=-2.6 roll=+116.4 | mag=0.0108
22:36:15 [INFO] GYRO_DIAG: gx=-0.0024 gy=+0.0091 gz=+0.0079 | peaks: [-2.9621, -1.8764, -2.2413] | yaw=-189.4 pitch=-2.6 roll=+116.1 | mag=0.0123
22:36:16 [INFO] GYRO_DIAG: gx=+0.0012 gy=-0.0001 gz=+0.0061 | peaks: [-2.9621, -1.8764, -2.2413] | yaw=-191.7 pitch=-3.9 roll=+115.4 | mag=0.0062
22:36:16 [INFO] Loop OK - px_off=-6px, zoom=1.0, tracking=True, fps=60, has_frame=True
22:36:16 [INFO] IMU diag: gy=-0.0031 gx=+0.0098 px_off=-6px gain=0.87 decay=1.0000 dead=0.04 mag=0.0114 resp=0.000 yaw_out=-6 imu=94153
22:36:17 [INFO] GYRO_DIAG: gx=+0.0018 gy=-0.0019 gz=-0.0049 | peaks: [-2.9621, -1.8764, -2.2413] | yaw=-190.4 pitch=-2.9 roll=+115.8 | mag=0.0056
22:36:18 [INFO] GYRO_DIAG: gx=-0.0067 gy=+0.0042 gz=+0.0091 | peaks: [-2.9621, -1.8764, -2.2413] | yaw=-189.6 pitch=-3.1 roll=+116.1 | mag=0.0121
22:36:19 [INFO] GYRO_DIAG: gx=+0.0110 gy=+0.0134 gz=+0.0018 | peaks: [-2.9621, -1.8764, -2.2413] | yaw=-189.8 pitch=-4.3 roll=+115.5 | mag=0.0174
22:36:20 [INFO] GYRO_DIAG: gx=+0.0134 gy=+0.0042 gz=+0.0061 | peaks: [-2.9621, -1.8764, -2.2413] | yaw=-188.3 pitch=-2.5 roll=+116.1 | mag=0.0153
22:36:21 [INFO] GYRO_DIAG: gx=-0.0006 gy=+0.0048 gz=+0.0012 | peaks: [-2.9621, -1.8764, -2.2413] | yaw=-187.8 pitch=-3.5 roll=+115.7 | mag=0.0050
22:36:22 [INFO] GYRO_DIAG: gx=+0.0043 gy=-0.0001 gz=-0.0037 | peaks: [-2.9621, -1.8764, -2.2413] | yaw=-186.2 pitch=-3.5 roll=+116.0 | mag=0.0057
22:36:23 [INFO] GYRO_DIAG: gx=-0.0049 gy=-0.0049 gz=+0.0024 | peaks: [-2.9621, -1.8764, -2.2413] | yaw=-184.7 pitch=-1.8 roll=+116.1 | mag=0.0074
22:36:24 [INFO] GYRO_DIAG: gx=+0.0000 gy=+0.0054 gz=+0.0024 | peaks: [-2.9621, -1.8764, -2.2413] | yaw=-183.9 pitch=-3.4 roll=+116.2 | mag=0.0059
22:36:25 [INFO] GYRO_DIAG: gx=+0.0018 gy=+0.0036 gz=+0.0006 | peaks: [-2.9621, -1.8764, -2.2413] | yaw=-179.5 pitch=+1.4 roll=+117.3 | mag=0.0041
22:36:26 [INFO] GYRO_DIAG: gx=+0.0012 gy=+0.0054 gz=+0.0042 | peaks: [-2.9621, -1.8764, -2.2413] | yaw=-180.3 pitch=-1.1 roll=+116.8 | mag=0.0070
22:36:26 [INFO] Loop OK - px_off=-6px, zoom=1.0, tracking=True, fps=60, has_frame=True
22:36:26 [INFO] IMU diag: gy=-0.0031 gx=-0.0061 px_off=-6px gain=0.87 decay=1.0000 dead=0.04 mag=0.0078 resp=0.000 yaw_out=-6 imu=99085
22:36:27 [INFO] GYRO_DIAG: gx=-0.0147 gy=+0.0085 gz=+0.0104 | peaks: [-2.9621, -1.8764, -2.2413] | yaw=-179.6 pitch=-5.0 roll=+117.2 | mag=0.0198
22:36:28 [INFO] GYRO_DIAG: gx=+0.0031 gy=+0.0079 gz=+0.0061 | peaks: [-2.9621, -1.8764, -2.2413] | yaw=-178.8 pitch=-5.6 roll=+116.5 | mag=0.0104
22:36:29 [INFO] GYRO_DIAG: gx=+0.0031 gy=-0.0062 gz=-0.0043 | peaks: [-2.9621, -1.8764, -2.2413] | yaw=-178.2 pitch=-3.6 roll=+116.4 | mag=0.0081
22:36:30 [INFO] GYRO_DIAG: gx=-0.0043 gy=+0.0048 gz=+0.0030 | peaks: [-2.9621, -1.8764, -2.2413] | yaw=-177.9 pitch=-4.9 roll=+116.1 | mag=0.0071
22:36:31 [INFO] GYRO_DIAG: gx=+0.0025 gy=+0.0012 gz=-0.0019 | peaks: [-2.9621, -1.8764, -2.2413] | yaw=-176.8 pitch=-3.5 roll=+115.8 | mag=0.0033
22:36:32 [INFO] GYRO_DIAG: gx=+0.0073 gy=+0.0006 gz=+0.0024 | peaks: [-2.9621, -1.8764, -2.2413] | yaw=-175.9 pitch=-2.4 roll=+116.2 | mag=0.0077
22:36:33 [INFO] GYRO_DIAG: gx=+0.0012 gy=-0.0007 gz=+0.0036 | peaks: [-2.9621, -1.8764, -2.2413] | yaw=-175.3 pitch=-4.2 roll=+116.0 | mag=0.0039
22:36:34 [INFO] GYRO_DIAG: gx=+0.0038 gy=+0.0028 gz=+0.0020 | peaks: [-2.9621, -1.8764, -2.2413] | yaw=-174.1 pitch=-3.1 roll=+115.9 | mag=0.0051
22:36:35 [INFO] GYRO_DIAG: gx=+0.0013 gy=-0.0003 gz=-0.0028 | peaks: [-2.9621, -1.8764, -2.2413] | yaw=-173.8 pitch=-2.7 roll=+116.1 | mag=0.0031
22:36:36 [INFO] GYRO_DIAG: gx=+0.0007 gy=+0.0089 gz=+0.0081 | peaks: [-2.9621, -1.8764, -2.2413] | yaw=-173.6 pitch=-3.7 roll=+116.0 | mag=0.0121
22:36:36 [INFO] Loop OK - px_off=-6px, zoom=1.0, tracking=True, fps=60, has_frame=True
22:36:36 [INFO] IMU diag: gy=+0.0095 gx=+0.0013 px_off=-6px gain=0.87 decay=1.0000 dead=0.04 mag=0.0143 resp=0.000 yaw_out=-6 imu=104015
22:36:37 [INFO] GYRO_DIAG: gx=+0.0050 gy=+0.0004 gz=+0.0020 | peaks: [-2.9621, -1.8764, -2.2413] | yaw=-172.4 pitch=-3.5 roll=+115.9 | mag=0.0054
22:36:38 [INFO] GYRO_DIAG: gx=+0.0019 gy=+0.0046 gz=+0.0057 | peaks: [-2.9621, -1.8764, -2.2413] | yaw=-172.9 pitch=-2.8 roll=+115.7 | mag=0.0076
22:36:39 [INFO] GYRO_DIAG: gx=-0.0066 gy=+0.0071 gz=+0.0033 | peaks: [-2.9621, -1.8764, -2.2413] | yaw=-173.9 pitch=-4.2 roll=+114.2 | mag=0.0102
22:36:40 [INFO] GYRO_DIAG: gx=+0.0086 gy=-0.0125 gz=+0.0088 | peaks: [-2.9621, -1.8764, -2.2413] | yaw=-194.3 pitch=-4.1 roll=+109.5 | mag=0.0175
22:36:41 [INFO] GYRO_DIAG: gx=-0.0121 gy=-0.0033 gz=-0.0022 | peaks: [-2.9621, -1.8764, -2.2413] | yaw=-190.1 pitch=-5.7 roll=+114.8 | mag=0.0128
22:36:42 [INFO] GYRO_DIAG: gx=-0.0060 gy=+0.0083 gz=+0.0088 | peaks: [-2.9621, -1.8764, -2.2413] | yaw=-187.0 pitch=-5.2 roll=+117.1 | mag=0.0135
22:36:43 [INFO] GYRO_DIAG: gx=-0.0140 gy=+0.0193 gz=+0.0149 | peaks: [-2.9621, -1.8764, -2.2413] | yaw=-186.2 pitch=-3.8 roll=+117.2 | mag=0.0281
22:36:44 [INFO] GYRO_DIAG: gx=-0.0017 gy=+0.0065 gz=+0.0094 | peaks: [-2.9621, -1.8764, -2.2413] | yaw=-185.4 pitch=-5.7 roll=+114.7 | mag=0.0115
22:36:45 [INFO] GYRO_DIAG: gx=+0.0123 gy=+0.0040 gz=-0.0010 | peaks: [-2.9621, -1.8764, -2.2413] | yaw=-184.0 pitch=-4.5 roll=+114.9 | mag=0.0130
22:36:46 [INFO] Loop OK - px_off=-6px, zoom=1.0, tracking=True, fps=60, has_frame=True
22:36:46 [INFO] IMU diag: gy=-0.0015 gx=+0.0050 px_off=-6px gain=0.87 decay=1.0000 dead=0.04 mag=0.0073 resp=0.000 yaw_out=-6 imu=108945
22:36:46 [INFO] GYRO_DIAG: gx=+0.0074 gy=+0.0034 gz=+0.0045 | peaks: [-2.9621, -1.8764, -2.2413] | yaw=-185.8 pitch=-3.1 roll=+114.5 | mag=0.0093
22:36:47 [INFO] GYRO_DIAG: gx=+0.0050 gy=+0.0022 gz=+0.0045 | peaks: [-2.9621, -1.8764, -2.2413] | yaw=-185.2 pitch=-4.3 roll=+114.3 | mag=0.0070
22:36:48 [INFO] GYRO_DIAG: gx=+0.0080 gy=+0.0010 gz=-0.0010 | peaks: [-2.9621, -1.8764, -2.2413] | yaw=-184.1 pitch=-3.6 roll=+114.4 | mag=0.0082
22:36:49 [INFO] GYRO_DIAG: gx=-0.0030 gy=+0.0010 gz=+0.0008 | peaks: [-2.9621, -1.8764, -2.2413] | yaw=-184.1 pitch=-3.1 roll=+114.4 | mag=0.0032
22:36:50 [INFO] GYRO_DIAG: gx=-0.0152 gy=-0.0082 gz=+0.0020 | peaks: [-2.9621, -1.8764, -2.2413] | yaw=-184.6 pitch=-4.3 roll=+114.3 | mag=0.0174
22:36:51 [INFO] GYRO_DIAG: gx=-0.0005 gy=-0.0137 gz=+0.0039 | peaks: [-2.9621, -1.8764, -2.2413] | yaw=-185.4 pitch=-3.4 roll=+113.4 | mag=0.0142
22:36:52 [INFO] GYRO_DIAG: gx=-0.0054 gy=-0.0039 gz=-0.0047 | peaks: [-2.9621, -1.8764, -2.2413] | yaw=-185.1 pitch=-3.9 roll=+114.1 | mag=0.0082
22:36:53 [INFO] GYRO_DIAG: gx=+0.0001 gy=+0.0058 gz=+0.0185 | peaks: [-2.9621, -1.8764, -2.2413] | yaw=-185.5 pitch=-3.5 roll=+113.5 | mag=0.0194
22:36:54 [INFO] GYRO_DIAG: gx=-0.0024 gy=+0.0034 gz=-0.0016 | peaks: [-2.9621, -1.8764, -2.2413] | yaw=-186.4 pitch=-2.7 roll=+113.8 | mag=0.0044
22:36:55 [INFO] GYRO_DIAG: gx=-0.0091 gy=-0.0051 gz=-0.0102 | peaks: [-2.9621, -1.8764, -2.2413] | yaw=-186.5 pitch=-4.1 roll=+114.4 | mag=0.0146
22:36:56 [INFO] Loop OK - px_off=-6px, zoom=1.0, tracking=True, fps=60, has_frame=True
22:36:56 [INFO] IMU diag: gy=+0.0132 gx=+0.0190 px_off=-6px gain=0.87 decay=1.0000 dead=0.04 mag=0.0338 resp=0.000 yaw_out=-6 imu=113875
22:36:56 [INFO] GYRO_DIAG: gx=-0.0152 gy=-0.0033 gz=-0.0004 | peaks: [-2.9621, -1.8764, -2.2413] | yaw=-185.7 pitch=-2.3 roll=+114.2 | mag=0.0155
22:36:57 [INFO] GYRO_DIAG: gx=-0.0152 gy=+0.0199 gz=-0.0028 | peaks: [-2.9621, -1.8764, -2.2413] | yaw=-184.5 pitch=-3.4 roll=+114.3 | mag=0.0252
22:36:58 [INFO] GYRO_DIAG: gx=+0.0019 gy=+0.0034 gz=+0.0039 | peaks: [-2.9621, -1.8764, -2.2413] | yaw=-185.0 pitch=-2.1 roll=+113.9 | mag=0.0055
22:36:59 [INFO] GYRO_DIAG: gx=-0.0024 gy=-0.0033 gz=+0.0014 | peaks: [-2.9621, -1.8764, -2.2413] | yaw=-185.0 pitch=-3.0 roll=+114.2 | mag=0.0043
22:37:00 [INFO] GYRO_DIAG: gx=+0.0099 gy=-0.0021 gz=-0.0059 | peaks: [-2.9621, -1.8764, -2.2413] | yaw=-185.3 pitch=-3.6 roll=+114.0 | mag=0.0117
22:37:01 [INFO] GYRO_DIAG: gx=+0.0056 gy=-0.0064 gz=+0.0014 | peaks: [-2.9621, -1.8764, -2.2413] | yaw=-186.3 pitch=-2.2 roll=+114.0 | mag=0.0086
22:37:02 [INFO] GYRO_DIAG: gx=-0.0054 gy=-0.0158 gz=-0.0023 | peaks: [-2.9621, -1.8764, -2.2413] | yaw=-185.2 pitch=-4.1 roll=+114.7 | mag=0.0169
22:37:03 [INFO] GYRO_DIAG: gx=-0.4525 gy=-0.0170 gz=-0.0604 | peaks: [-2.9621, -1.8764, -2.2413] | yaw=-185.9 pitch=-42.2 roll=+113.3 | mag=0.4569
22:37:04 [INFO] GYRO_DIAG: gx=+0.1241 gy=+0.0105 gz=+0.0050 | peaks: [-2.9621, -1.8764, -2.2413] | yaw=-189.6 pitch=-122.8 roll=+83.3 | mag=0.1247
22:37:05 [INFO] GYRO_DIAG: gx=-0.1373 gy=-0.0549 gz=-0.1685 | peaks: [-2.9621, -1.8764, -2.2413] | yaw=-207.5 pitch=-2.6 roll=+73.7 | mag=0.2242
22:37:06 [INFO] Loop OK - px_off=-7px, zoom=1.0, tracking=True, fps=60, has_frame=True
22:37:06 [INFO] IMU diag: gy=-0.0183 gx=+0.0337 px_off=-7px gain=0.87 decay=1.0000 dead=0.04 mag=0.0449 resp=0.000 yaw_out=-7 imu=118805
22:37:06 [INFO] GYRO_DIAG: gx=+0.0044 gy=+0.0074 gz=-0.0035 | peaks: [-2.9621, -1.8764, -2.2413] | yaw=-214.9 pitch=+4.3 roll=+79.4 | mag=0.0093
22:37:07 [INFO] GYRO_DIAG: gx=+0.0019 gy=+0.0080 gz=+0.0099 | peaks: [-2.9621, -1.8764, -2.2413] | yaw=-214.4 pitch=+5.0 roll=+91.9 | mag=0.0129
22:37:08 [INFO] GYRO_DIAG: gx=+0.0013 gy=+0.0062 gz=+0.0087 | peaks: [-2.9621, -1.8764, -2.2413] | yaw=-212.2 pitch=+4.4 roll=+100.9 | mag=0.0107
22:37:09 [INFO] GYRO_DIAG: gx=+0.0172 gy=+0.0105 gz=+0.0154 | peaks: [-2.9621, -1.8764, -2.2413] | yaw=-203.6 pitch=+8.9 roll=+109.6 | mag=0.0253
22:37:10 [INFO] GYRO_DIAG: gx=-0.0115 gy=-0.0598 gz=-0.0170 | peaks: [-2.9621, -1.8764, -2.2413] | yaw=-155.1 pitch=+4.4 roll=+146.7 | mag=0.0632
22:37:11 [INFO] GYRO_DIAG: gx=+0.0716 gy=-0.0121 gz=-0.0451 | peaks: [-2.9621, -1.8764, -2.2413] | yaw=-163.5 pitch=+8.1 roll=+123.4 | mag=0.0855
22:37:12 [INFO] GYRO_DIAG: gx=-0.0750 gy=-0.0531 gz=-0.0182 | peaks: [-2.9621, -1.8764, -2.2413] | yaw=-155.2 pitch=+46.4 roll=+125.7 | mag=0.0937
22:37:13 [INFO] GYRO_DIAG: gx=-0.0109 gy=+0.0074 gz=+0.0081 | peaks: [-2.9621, -1.8764, -2.2413] | yaw=-159.8 pitch=+21.3 roll=+120.4 | mag=0.0154
22:37:14 [INFO] GYRO_DIAG: gx=+0.0032 gy=-0.0018 gz=+0.0032 | peaks: [-2.9621, -1.8764, -2.2413] | yaw=-161.4 pitch=+7.6 roll=+116.8 | mag=0.0048
22:37:15 [INFO] GYRO_DIAG: gx=-0.0029 gy=-0.0152 gz=-0.0084 | peaks: [-2.9621, -1.8764, -2.2413] | yaw=-161.9 pitch=+3.0 roll=+115.2 | mag=0.0176
22:37:16 [INFO] Loop OK - px_off=7px, zoom=1.0, tracking=True, fps=60, has_frame=True
22:37:16 [INFO] IMU diag: gy=-0.0024 gx=-0.0054 px_off=7px gain=0.87 decay=1.0000 dead=0.04 mag=0.0059 resp=0.000 yaw_out=7 imu=123734
22:37:16 [INFO] GYRO_DIAG: gx=-0.0042 gy=+0.0013 gz=+0.0007 | peaks: [-2.9621, -1.8764, -2.2413] | yaw=-162.4 pitch=+0.2 roll=+114.6 | mag=0.0044
22:37:17 [INFO] GYRO_DIAG: gx=-0.0170 gy=+0.0001 gz=+0.0026 | peaks: [-2.9621, -1.8764, -2.2413] | yaw=-163.0 pitch=-4.0 roll=+113.5 | mag=0.0172
22:37:18 [INFO] GYRO_DIAG: gx=+0.0013 gy=+0.0001 gz=+0.0013 | peaks: [-2.9621, -1.8764, -2.2413] | yaw=-163.3 pitch=-4.9 roll=+112.5 | mag=0.0019
22:37:19 [INFO] GYRO_DIAG: gx=-0.0011 gy=-0.0054 gz=-0.0078 | peaks: [-2.9621, -1.8764, -2.2413] | yaw=-163.3 pitch=-4.3 roll=+112.6 | mag=0.0096
22:37:20 [INFO] GYRO_DIAG: gx=+0.0093 gy=+0.0019 gz=+0.0038 | peaks: [-2.9621, -1.8764, -2.2413] | yaw=-163.2 pitch=-5.3 roll=+112.8 | mag=0.0102
22:37:22 [INFO] GYRO_DIAG: gx=+0.0087 gy=+0.0001 gz=+0.0087 | peaks: [-2.9621, -1.8764, -2.2413] | yaw=-161.1 pitch=-4.5 roll=+113.0 | mag=0.0123
22:37:23 [INFO] GYRO_DIAG: gx=-0.0005 gy=+0.0092 gz=+0.0032 | peaks: [-2.9621, -1.8764, -2.2413] | yaw=-160.4 pitch=-3.9 roll=+113.2 | mag=0.0098
22:37:24 [INFO] GYRO_DIAG: gx=-0.0042 gy=-0.0005 gz=-0.0035 | peaks: [-2.9621, -1.8764, -2.2413] | yaw=-159.9 pitch=-4.5 roll=+112.7 | mag=0.0055
22:37:25 [INFO] GYRO_DIAG: gx=+0.0019 gy=-0.0048 gz=+0.0032 | peaks: [-2.9621, -1.8764, -2.2413] | yaw=-159.5 pitch=-4.2 roll=+112.6 | mag=0.0061
22:37:26 [INFO] GYRO_DIAG: gx=+0.0032 gy=+0.0013 gz=-0.0035 | peaks: [-2.9621, -1.8764, -2.2413] | yaw=-159.6 pitch=-2.6 roll=+112.7 | mag=0.0049
22:37:26 [INFO] Loop OK - px_off=7px, zoom=1.0, tracking=True, fps=60, has_frame=True
22:37:26 [INFO] IMU diag: gy=-0.0103 gx=+0.0044 px_off=7px gain=0.87 decay=1.0000 dead=0.04 mag=0.0130 resp=0.000 yaw_out=7 imu=128665
22:37:27 [INFO] GYRO_DIAG: gx=+0.0007 gy=-0.0091 gz=+0.0019 | peaks: [-2.9621, -1.8764, -2.2413] | yaw=-159.1 pitch=-3.5 roll=+112.5 | mag=0.0093
22:37:28 [INFO] GYRO_DIAG: gx=-0.0011 gy=-0.0036 gz=-0.0090 | peaks: [-2.9621, -1.8764, -2.2413] | yaw=-158.8 pitch=-3.5 roll=+113.1 | mag=0.0098
22:37:29 [INFO] GYRO_DIAG: gx=+0.0050 gy=+0.0105 gz=+0.0081 | peaks: [-2.9621, -1.8764, -2.2413] | yaw=-157.4 pitch=-2.6 roll=+113.0 | mag=0.0141
22:37:30 [INFO] GYRO_DIAG: gx=-0.0072 gy=+0.0044 gz=+0.0013 | peaks: [-2.9621, -1.8764, -2.2413] | yaw=-155.1 pitch=-0.6 roll=+114.4 | mag=0.0085
22:37:31 [INFO] GYRO_DIAG: gx=-0.0048 gy=-0.0854 gz=-0.0433 | peaks: [-2.9621, -1.8764, -2.2413] | yaw=-122.6 pitch=+96.8 roll=+150.3 | mag=0.0959
22:37:32 [INFO] GYRO_DIAG: gx=-0.0176 gy=-0.0347 gz=-0.0078 | peaks: [-2.9621, -1.8764, -2.2413] | yaw=-154.8 pitch=+46.4 roll=+133.1 | mag=0.0397
22:37:33 [INFO] GYRO_DIAG: gx=-0.0023 gy=+0.0166 gz=-0.0054 | peaks: [-2.9621, -1.8764, -2.2413] | yaw=-153.9 pitch=+21.9 roll=+128.7 | mag=0.0176
22:37:34 [INFO] GYRO_DIAG: gx=-0.0005 gy=+0.0025 gz=+0.0032 | peaks: [-2.9621, -1.8764, -2.2413] | yaw=-151.8 pitch=+9.2 roll=+126.9 | mag=0.0041
22:37:35 [INFO] GYRO_DIAG: gx=+0.0013 gy=+0.0037 gz=-0.0060 | peaks: [-2.9621, -1.8764, -2.2413] | yaw=-149.2 pitch=+4.2 roll=+126.5 | mag=0.0072
22:37:36 [INFO] GYRO_DIAG: gx=-0.0078 gy=-0.0115 gz=+0.0056 | peaks: [-2.9621, -1.8764, -2.2413] | yaw=-148.0 pitch=-1.4 roll=+126.0 | mag=0.0150
22:37:36 [INFO] Loop OK - px_off=37px, zoom=1.0, tracking=True, fps=60, has_frame=True
22:37:36 [INFO] IMU diag: gy=+0.0025 gx=-0.0084 px_off=37px gain=0.87 decay=1.0000 dead=0.04 mag=0.0089 resp=0.000 yaw_out=37 imu=133601
22:37:37 [INFO] GYRO_DIAG: gx=+0.0007 gy=-0.0286 gz=-0.0023 | peaks: [-2.9621, -1.8764, -2.2413] | yaw=-145.3 pitch=-3.8 roll=+124.8 | mag=0.0287
22:37:38 [INFO] GYRO_DIAG: gx=+0.0001 gy=-0.0164 gz=+0.0026 | peaks: [-2.9621, -1.8764, -2.2413] | yaw=-144.6 pitch=-3.7 roll=+125.2 | mag=0.0166
22:37:39 [INFO] GYRO_DIAG: gx=-0.0372 gy=+0.0025 gz=-0.0139 | peaks: [-2.9621, -1.8764, -2.2413] | yaw=-141.1 pitch=-10.9 roll=+123.1 | mag=0.0398
22:37:40 [INFO] GYRO_DIAG: gx=-0.0176 gy=-0.0170 gz=-0.0060 | peaks: [-2.9621, -1.8764, -2.2413] | yaw=-137.9 pitch=-10.9 roll=+121.7 | mag=0.0252
22:37:41 [INFO] GYRO_DIAG: gx=-0.0378 gy=+0.0062 gz=-0.0133 | peaks: [-2.9621, -1.8764, -2.2413] | yaw=-139.1 pitch=-9.4 roll=+121.6 | mag=0.0405
22:37:42 [INFO] GYRO_DIAG: gx=+0.0380 gy=-0.0054 gz=+0.0050 | peaks: [-2.9621, -1.8764, -2.2413] | yaw=-136.4 pitch=-47.1 roll=+107.6 | mag=0.0387
22:37:43 [INFO] GYRO_DIAG: gx=-0.0005 gy=-0.0066 gz=+0.0093 | peaks: [-2.9621, -1.8764, -2.2413] | yaw=-142.8 pitch=+1.6 roll=+117.0 | mag=0.0114
22:37:44 [INFO] GYRO_DIAG: gx=-0.0170 gy=+0.0074 gz=+0.0001 | peaks: [-2.9621, -1.8764, -2.2413] | yaw=-163.5 pitch=+3.9 roll=+126.2 | mag=0.0185
22:37:45 [INFO] GYRO_DIAG: gx=+0.0007 gy=-0.0054 gz=-0.0048 | peaks: [-2.9621, -1.8764, -2.2413] | yaw=-146.0 pitch=-8.8 roll=+120.8 | mag=0.0073
22:37:46 [INFO] GYRO_DIAG: gx=-0.0286 gy=+0.0447 gz=+0.0032 | peaks: [-2.9621, -1.8764, -2.2413] | yaw=-139.7 pitch=-12.7 roll=+108.8 | mag=0.0531
22:37:46 [INFO] Loop OK - px_off=35px, zoom=1.0, tracking=True, fps=60, has_frame=True
22:37:46 [INFO] IMU diag: gy=+0.0404 gx=-0.0469 px_off=35px gain=0.87 decay=1.0000 dead=0.04 mag=0.0620 resp=0.003 yaw_out=35 imu=138535
22:37:47 [INFO] GYRO_DIAG: gx=-0.0164 gy=-0.0073 gz=-0.0347 | peaks: [-2.9621, -1.8764, -2.2413] | yaw=-131.5 pitch=-11.8 roll=+116.2 | mag=0.0391
22:37:48 [INFO] GYRO_DIAG: gx=-0.0017 gy=-0.0024 gz=-0.0029 | peaks: [-2.9621, -1.8764, -2.2413] | yaw=-137.4 pitch=-10.1 roll=+117.3 | mag=0.0042
22:37:49 [INFO] GYRO_DIAG: gx=+0.0013 gy=+0.0074 gz=+0.0050 | peaks: [-2.9621, -1.8764, -2.2413] | yaw=-137.5 pitch=-7.9 roll=+118.6 | mag=0.0090
22:37:50 [INFO] GYRO_DIAG: gx=+0.0025 gy=-0.0097 gz=-0.0011 | peaks: [-2.9621, -1.8764, -2.2413] | yaw=-140.1 pitch=-5.6 roll=+117.5 | mag=0.0101
22:37:51 [INFO] GYRO_DIAG: gx=-0.0078 gy=-0.0115 gz=-0.0164 | peaks: [-2.9621, -1.8764, -2.2413] | yaw=-139.6 pitch=-5.2 roll=+118.5 | mag=0.0215
22:37:52 [INFO] GYRO_DIAG: gx=+0.0013 gy=-0.0024 gz=+0.0129 | peaks: [-2.9621, -1.8764, -2.2413] | yaw=-137.0 pitch=-7.1 roll=+119.2 | mag=0.0132
22:37:53 [INFO] GYRO_DIAG: gx=-0.0029 gy=-0.0091 gz=-0.0090 | peaks: [-2.9621, -1.8764, -2.2413] | yaw=-135.2 pitch=-6.2 roll=+119.1 | mag=0.0132
22:37:54 [INFO] GYRO_DIAG: gx=-0.0078 gy=-0.0073 gz=+0.0093 | peaks: [-2.9621, -1.8764, -2.2413] | yaw=-133.7 pitch=-7.1 roll=+119.5 | mag=0.0141
22:37:55 [INFO] GYRO_DIAG: gx=+0.0001 gy=+0.0086 gz=+0.0050 | peaks: [-2.9621, -1.8764, -2.2413] | yaw=-134.0 pitch=-4.7 roll=+118.8 | mag=0.0100
22:37:56 [INFO] Loop OK - px_off=33px, zoom=1.0, tracking=True, fps=61, has_frame=True
22:37:56 [INFO] IMU diag: gy=+0.0056 gx=-0.0176 px_off=33px gain=0.87 decay=1.0000 dead=0.04 mag=0.0204 resp=0.000 yaw_out=33 imu=143469
22:37:56 [INFO] GYRO_DIAG: gx=+0.0074 gy=-0.0036 gz=+0.0056 | peaks: [-2.9621, -1.8764, -2.2413] | yaw=-133.8 pitch=-5.5 roll=+119.3 | mag=0.0100
22:37:57 [INFO] GYRO_DIAG: gx=+0.0264 gy=+0.0056 gz=-0.0097 | peaks: [-2.9621, -1.8764, -2.2413] | yaw=-132.5 pitch=-4.9 roll=+119.3 | mag=0.0286
22:37:58 [INFO] GYRO_DIAG: gx=-0.0029 gy=-0.0054 gz=+0.0044 | peaks: [-2.9621, -1.8764, -2.2413] | yaw=-131.6 pitch=-5.0 roll=+119.0 | mag=0.0076
22:37:59 [INFO] GYRO_DIAG: gx=+0.0068 gy=-0.0134 gz=+0.0044 | peaks: [-2.9621, -1.8764, -2.2413] | yaw=-131.0 pitch=-6.2 roll=+118.4 | mag=0.0156
22:38:00 [INFO] GYRO_DIAG: gx=-0.0072 gy=-0.0005 gz=+0.0032 | peaks: [-2.9621, -1.8764, -2.2413] | yaw=-131.9 pitch=-4.6 roll=+118.1 | mag=0.0079
22:38:01 [INFO] GYRO_DIAG: gx=+0.0044 gy=-0.0073 gz=-0.0121 | peaks: [-2.9621, -1.8764, -2.2413] | yaw=-128.8 pitch=-5.6 roll=+119.6 | mag=0.0148
22:38:02 [INFO] GYRO_DIAG: gx=+0.0050 gy=-0.0140 gz=+0.0074 | peaks: [-2.9621, -1.8764, -2.2413] | yaw=-127.5 pitch=-4.7 roll=+118.8 | mag=0.0166
22:38:03 [INFO] GYRO_DIAG: gx=+0.0111 gy=+0.0025 gz=+0.0032 | peaks: [-2.9621, -1.8764, -2.2413] | yaw=-128.8 pitch=-4.8 roll=+117.8 | mag=0.0118
22:38:04 [INFO] GYRO_DIAG: gx=+0.0154 gy=-0.0042 gz=-0.0035 | peaks: [-2.9621, -1.8764, -2.2413] | yaw=-126.3 pitch=-5.6 roll=+118.5 | mag=0.0163
22:38:05 [INFO] GYRO_DIAG: gx=-0.0066 gy=+0.0117 gz=+0.0050 | peaks: [-2.9621, -1.8764, -2.2413] | yaw=-125.9 pitch=-3.9 roll=+119.0 | mag=0.0143
22:38:06 [INFO] Loop OK - px_off=31px, zoom=1.0, tracking=True, fps=60, has_frame=True
22:38:06 [INFO] IMU diag: gy=-0.0042 gx=+0.0001 px_off=31px gain=0.87 decay=1.0000 dead=0.04 mag=0.0046 resp=0.000 yaw_out=31 imu=148402
22:38:06 [INFO] GYRO_DIAG: gx=-0.0060 gy=+0.0031 gz=-0.0029 | peaks: [-2.9621, -1.8764, -2.2413] | yaw=-125.3 pitch=-5.3 roll=+119.0 | mag=0.0074
22:38:07 [INFO] GYRO_DIAG: gx=+0.0032 gy=-0.0030 gz=-0.0042 | peaks: [-2.9621, -1.8764, -2.2413] | yaw=-124.2 pitch=-3.8 roll=+118.8 | mag=0.0060
22:38:08 [INFO] GYRO_DIAG: gx=+0.0074 gy=+0.0068 gz=-0.0139 | peaks: [-2.9621, -1.8764, -2.2413] | yaw=-124.6 pitch=-3.3 roll=+118.5 | mag=0.0172
22:38:09 [INFO] GYRO_DIAG: gx=+0.0184 gy=+0.0190 gz=+0.0117 | peaks: [-2.9621, -1.8764, -2.2413] | yaw=-123.7 pitch=-5.9 roll=+118.2 | mag=0.0290
22:38:10 [INFO] GYRO_DIAG: gx=+0.0007 gy=+0.0111 gz=+0.0038 | peaks: [-2.9621, -1.8764, -2.2413] | yaw=-123.8 pitch=-4.3 roll=+118.8 | mag=0.0117
22:38:11 [INFO] GYRO_DIAG: gx=+0.0025 gy=-0.0085 gz=-0.0029 | peaks: [-2.9621, -1.8764, -2.2413] | yaw=-122.0 pitch=-5.5 roll=+118.9 | mag=0.0093
22:38:12 [INFO] GYRO_DIAG: gx=-0.0097 gy=-0.0085 gz=+0.0191 | peaks: [-2.9621, -1.8764, -2.2413] | yaw=-121.1 pitch=-4.8 roll=+118.2 | mag=0.0230
22:38:13 [INFO] GYRO_DIAG: gx=+0.0001 gy=+0.0263 gz=+0.0001 | peaks: [-2.9621, -1.8764, -2.2413] | yaw=-120.4 pitch=-5.3 roll=+118.3 | mag=0.0263
22:38:14 [INFO] GYRO_DIAG: gx=+0.0288 gy=-0.0134 gz=-0.0457 | peaks: [-2.9621, -1.8764, -2.2413] | yaw=-117.6 pitch=-5.3 roll=+118.9 | mag=0.0557
22:38:15 [INFO] GYRO_DIAG: gx=-0.0054 gy=+0.0044 gz=-0.0048 | peaks: [-2.9621, -1.8764, -2.2413] | yaw=-116.6 pitch=-3.7 roll=+119.9 | mag=0.0084
22:38:16 [INFO] Loop OK - px_off=30px, zoom=1.0, tracking=True, fps=60, has_frame=True
22:38:16 [INFO] IMU diag: gy=+0.0190 gx=+0.0074 px_off=30px gain=0.87 decay=1.0000 dead=0.04 mag=0.0226 resp=0.000 yaw_out=30 imu=153335
22:38:16 [INFO] GYRO_DIAG: gx=+0.0074 gy=-0.0011 gz=+0.0148 | peaks: [-2.9621, -1.8764, -2.2413] | yaw=-115.0 pitch=-7.5 roll=+118.8 | mag=0.0166
22:38:17 [INFO] GYRO_DIAG: gx=+0.0080 gy=-0.0005 gz=+0.0007 | peaks: [-2.9621, -1.8764, -2.2413] | yaw=-114.4 pitch=-4.3 roll=+119.0 | mag=0.0081
22:38:18 [INFO] GYRO_DIAG: gx=-0.0127 gy=+0.0044 gz=+0.0227 | peaks: [-2.9621, -1.8764, -2.2413] | yaw=-114.2 pitch=-6.9 roll=+118.8 | mag=0.0264
22:38:19 [INFO] GYRO_DIAG: gx=-0.0194 gy=+0.0050 gz=-0.0017 | peaks: [-2.9621, -1.8764, -2.2413] | yaw=-112.7 pitch=-4.0 roll=+119.6 | mag=0.0201
22:38:20 [INFO] GYRO_DIAG: gx=-0.0042 gy=+0.0147 gz=+0.0038 | peaks: [-2.9621, -1.8764, -2.2413] | yaw=-111.4 pitch=-5.7 roll=+118.7 | mag=0.0158
22:38:21 [INFO] GYRO_DIAG: gx=+0.0038 gy=-0.0103 gz=+0.0038 | peaks: [-2.9621, -1.8764, -2.2413] | yaw=-110.8 pitch=-5.3 roll=+118.5 | mag=0.0116
22:38:22 [INFO] GYRO_DIAG: gx=+0.0087 gy=+0.0117 gz=+0.0148 | peaks: [-2.9621, -1.8764, -2.2413] | yaw=-109.7 pitch=-5.6 roll=+119.2 | mag=0.0207
22:38:23 [INFO] GYRO_DIAG: gx=-0.0011 gy=+0.0227 gz=-0.0023 | peaks: [-2.9621, -1.8764, -2.2413] | yaw=-109.9 pitch=-6.4 roll=+118.3 | mag=0.0228
22:38:24 [INFO] GYRO_DIAG: gx=-0.0078 gy=+0.0062 gz=+0.0013 | peaks: [-2.9621, -1.8764, -2.2413] | yaw=-108.1 pitch=-5.1 roll=+118.2 | mag=0.0101
22:38:25 [INFO] GYRO_DIAG: gx=-0.0023 gy=+0.0129 gz=-0.0017 | peaks: [-2.9621, -1.8764, -2.2413] | yaw=-108.1 pitch=-6.3 roll=+118.3 | mag=0.0132
22:38:26 [INFO] Loop OK - px_off=28px, zoom=1.0, tracking=True, fps=60, has_frame=True
22:38:26 [INFO] IMU diag: gy=-0.0005 gx=+0.0038 px_off=28px gain=0.87 decay=1.0000 dead=0.04 mag=0.0061 resp=0.000 yaw_out=28 imu=158269
22:38:26 [INFO] GYRO_DIAG: gx=-0.0023 gy=+0.0031 gz=+0.0026 | peaks: [-2.9621, -1.8764, -2.2413] | yaw=-106.8 pitch=-4.8 roll=+118.4 | mag=0.0047
22:38:27 [INFO] GYRO_DIAG: gx=-0.0048 gy=+0.0007 gz=+0.0056 | peaks: [-2.9621, -1.8764, -2.2413] | yaw=-106.4 pitch=-5.2 roll=+119.4 | mag=0.0074
22:38:28 [INFO] GYRO_DIAG: gx=-0.0091 gy=-0.0146 gz=-0.0127 | peaks: [-2.9621, -1.8764, -2.2413] | yaw=-105.4 pitch=-5.6 roll=+118.3 | mag=0.0214
22:38:29 [INFO] GYRO_DIAG: gx=+0.0050 gy=-0.0066 gz=-0.0207 | peaks: [-2.9621, -1.8764, -2.2413] | yaw=-105.2 pitch=-4.5 roll=+117.6 | mag=0.0223
22:38:30 [INFO] GYRO_DIAG: gx=-0.0011 gy=+0.0074 gz=+0.0044 | peaks: [-2.9621, -1.8764, -2.2413] | yaw=-103.9 pitch=-7.0 roll=+118.5 | mag=0.0087
22:38:31 [INFO] GYRO_DIAG: gx=-0.0023 gy=-0.0005 gz=+0.0001 | peaks: [-2.9621, -1.8764, -2.2413] | yaw=-104.5 pitch=-5.0 roll=+118.5 | mag=0.0024
22:38:32 [INFO] GYRO_DIAG: gx=-0.0023 gy=-0.0054 gz=+0.0013 | peaks: [-2.9621, -1.8764, -2.2413] | yaw=-104.1 pitch=-5.3 roll=+118.2 | mag=0.0061
22:38:33 [INFO] GYRO_DIAG: gx=+0.0068 gy=-0.0103 gz=-0.0133 | peaks: [-2.9621, -1.8764, -2.2413] | yaw=-102.0 pitch=-6.8 roll=+118.8 | mag=0.0182
22:38:34 [INFO] GYRO_DIAG: gx=+0.0068 gy=+0.0025 gz=-0.0042 | peaks: [-2.9621, -1.8764, -2.2413] | yaw=-102.9 pitch=-4.6 roll=+117.7 | mag=0.0084
22:38:35 [INFO] GYRO_DIAG: gx=-0.0170 gy=+0.0001 gz=+0.0105 | peaks: [-2.9621, -1.8764, -2.2413] | yaw=-100.9 pitch=-5.7 roll=+118.4 | mag=0.0200
22:38:36 [INFO] Loop OK - px_off=27px, zoom=1.0, tracking=True, fps=60, has_frame=True
22:38:36 [INFO] IMU diag: gy=-0.0115 gx=+0.0013 px_off=27px gain=0.87 decay=1.0000 dead=0.04 mag=0.0116 resp=0.000 yaw_out=27 imu=163201
22:38:37 [INFO] GYRO_DIAG: gx=+0.0087 gy=+0.0202 gz=+0.0038 | peaks: [-2.9621, -1.8764, -2.2413] | yaw=-100.1 pitch=-4.8 roll=+117.1 | mag=0.0223
22:38:38 [INFO] GYRO_DIAG: gx=-0.0170 gy=+0.0086 gz=-0.0005 | peaks: [-2.9621, -1.8764, -2.2413] | yaw=-98.3 pitch=-4.7 roll=+119.0 | mag=0.0191
22:38:39 [INFO] GYRO_DIAG: gx=+0.0062 gy=-0.0024 gz=-0.0078 | peaks: [-2.9621, -1.8764, -2.2413] | yaw=-97.8 pitch=-5.8 roll=+118.4 | mag=0.0103
22:38:40 [INFO] GYRO_DIAG: gx=+0.0093 gy=+0.0105 gz=+0.0227 | peaks: [-2.9621, -1.8764, -2.2413] | yaw=-96.3 pitch=-4.5 roll=+118.5 | mag=0.0267
22:38:41 [INFO] GYRO_DIAG: gx=-0.0121 gy=-0.0042 gz=-0.0188 | peaks: [-2.9621, -1.8764, -2.2413] | yaw=-96.0 pitch=-6.3 roll=+118.3 | mag=0.0228
22:38:42 [INFO] GYRO_DIAG: gx=+0.0239 gy=-0.0286 gz=-0.0005 | peaks: [-2.9621, -1.8764, -2.2413] | yaw=-92.0 pitch=-5.3 roll=+118.5 | mag=0.0373
22:38:43 [INFO] GYRO_DIAG: gx=-0.0353 gy=-0.0152 gz=+0.0105 | peaks: [-2.9621, -1.8764, -2.2413] | yaw=-93.3 pitch=-6.5 roll=+117.9 | mag=0.0399
22:38:44 [INFO] GYRO_DIAG: gx=+0.0001 gy=+0.0105 gz=+0.0019 | peaks: [-2.9621, -1.8764, -2.2413] | yaw=-93.0 pitch=-5.8 roll=+117.1 | mag=0.0106
22:38:45 [INFO] GYRO_DIAG: gx=+0.0013 gy=+0.0098 gz=+0.0166 | peaks: [-2.9621, -1.8764, -2.2413] | yaw=-91.9 pitch=-5.4 roll=+118.9 | mag=0.0194
22:38:46 [INFO] GYRO_DIAG: gx=+0.0050 gy=-0.0134 gz=-0.0011 | peaks: [-2.9621, -1.8764, -2.2413] | yaw=-89.8 pitch=-5.5 roll=+119.1 | mag=0.0143
22:38:46 [INFO] Loop OK - px_off=26px, zoom=1.0, tracking=True, fps=60, has_frame=True
22:38:46 [INFO] IMU diag: gy=+0.0001 gx=+0.0093 px_off=26px gain=0.87 decay=1.0000 dead=0.04 mag=0.0138 resp=0.000 yaw_out=26 imu=168136
22:38:47 [INFO] GYRO_DIAG: gx=+0.0105 gy=+0.0190 gz=-0.0029 | peaks: [-2.9621, -1.8764, -2.2413] | yaw=-89.4 pitch=-3.8 roll=+118.8 | mag=0.0219
22:38:48 [INFO] GYRO_DIAG: gx=+0.0062 gy=+0.0306 gz=-0.0005 | peaks: [-2.9621, -1.8764, -2.2413] | yaw=-87.6 pitch=-6.4 roll=+118.8 | mag=0.0312
22:38:49 [INFO] GYRO_DIAG: gx=-0.0066 gy=+0.0135 gz=+0.0038 | peaks: [-2.9621, -1.8764, -2.2413] | yaw=-87.1 pitch=-4.4 roll=+117.9 | mag=0.0155
22:38:50 [INFO] GYRO_DIAG: gx=-0.0213 gy=+0.0086 gz=-0.0005 | peaks: [-2.9621, -1.8764, -2.2413] | yaw=-87.8 pitch=-6.1 roll=+118.1 | mag=0.0230
22:38:51 [INFO] GYRO_DIAG: gx=+0.0300 gy=+0.1064 gz=+0.0215 | peaks: [-2.9621, -1.8764, -2.2413] | yaw=-81.7 pitch=-1.6 roll=+118.3 | mag=0.1126
22:38:52 [INFO] GYRO_DIAG: gx=-0.0640 gy=-0.0060 gz=-0.0268 | peaks: [-2.9621, -1.8764, -2.2413] | yaw=-82.3 pitch=-4.6 roll=+115.1 | mag=0.0697
22:38:53 [INFO] GYRO_DIAG: gx=+0.0783 gy=+0.0312 gz=+0.0417 | peaks: [-2.9621, -1.8764, -2.2413] | yaw=-86.3 pitch=-32.4 roll=+110.3 | mag=0.0940
22:38:54 [INFO] GYRO_DIAG: gx=-0.0176 gy=-0.0146 gz=+0.0026 | peaks: [-2.9621, -1.8764, -2.2413] | yaw=-81.2 pitch=-17.8 roll=+113.0 | mag=0.0230
22:38:55 [INFO] GYRO_DIAG: gx=+0.1553 gy=-0.0115 gz=+0.0423 | peaks: [-2.9621, -1.8764, -2.2413] | yaw=-83.5 pitch=+13.7 roll=+119.2 | mag=0.1613
22:38:56 [INFO] GYRO_DIAG: gx=-0.0390 gy=-0.0317 gz=-0.0213 | peaks: [-2.9621, -1.8764, -2.2413] | yaw=-84.4 pitch=+22.5 roll=+120.9 | mag=0.0546
22:38:56 [INFO] Loop OK - px_off=25px, zoom=1.0, tracking=True, fps=60, has_frame=True
22:38:56 [INFO] IMU diag: gy=-0.0103 gx=-0.0201 px_off=25px gain=0.87 decay=1.0000 dead=0.04 mag=0.0248 resp=0.000 yaw_out=25 imu=173072
22:38:57 [INFO] GYRO_DIAG: gx=+0.0025 gy=-0.0005 gz=+0.0026 | peaks: [-2.9621, -1.8764, -2.2413] | yaw=-81.7 pitch=+10.4 roll=+120.1 | mag=0.0037
22:38:58 [INFO] GYRO_DIAG: gx=+0.0056 gy=+0.0746 gz=-0.0139 | peaks: [-2.9621, -1.8764, -2.2413] | yaw=-92.9 pitch=+0.2 roll=+120.5 | mag=0.0761
22:38:59 [INFO] GYRO_DIAG: gx=-0.0262 gy=+0.0044 gz=+0.0007 | peaks: [-2.9621, -1.8764, -2.2413] | yaw=-88.0 pitch=-9.5 roll=+120.1 | mag=0.0265
22:39:00 [INFO] GYRO_DIAG: gx=-0.0060 gy=-0.0128 gz=-0.0084 | peaks: [-2.9621, -1.8764, -2.2413] | yaw=-90.0 pitch=-9.7 roll=+119.5 | mag=0.0164
22:39:01 [INFO] GYRO_DIAG: gx=-0.0011 gy=-0.0244 gz=-0.0035 | peaks: [-2.9621, -1.8764, -2.2413] | yaw=-94.6 pitch=-7.9 roll=+118.8 | mag=0.0246
22:39:02 [INFO] GYRO_DIAG: gx=-0.0036 gy=-0.0054 gz=+0.0019 | peaks: [-2.9621, -1.8764, -2.2413] | yaw=-94.9 pitch=-7.1 roll=+120.1 | mag=0.0068
22:39:03 [INFO] GYRO_DIAG: gx=+0.0056 gy=+0.0037 gz=+0.0019 | peaks: [-2.9621, -1.8764, -2.2413] | yaw=-94.3 pitch=-6.2 roll=+120.3 | mag=0.0070
22:39:04 [INFO] GYRO_DIAG: gx=+0.0007 gy=+0.0105 gz=+0.0062 | peaks: [-2.9621, -1.8764, -2.2413] | yaw=-88.0 pitch=-5.4 roll=+119.4 | mag=0.0122
22:39:05 [INFO] GYRO_DIAG: gx=-0.0011 gy=+0.0019 gz=+0.0074 | peaks: [-2.9621, -1.8764, -2.2413] | yaw=-97.7 pitch=-7.1 roll=+118.6 | mag=0.0078
22:39:06 [INFO] GYRO_DIAG: gx=+0.0019 gy=-0.0085 gz=+0.0026 | peaks: [-2.9621, -1.8764, -2.2413] | yaw=-94.1 pitch=-4.0 roll=+119.2 | mag=0.0091
22:39:06 [INFO] Loop OK - px_off=24px, zoom=1.0, tracking=True, fps=60, has_frame=True
22:39:06 [INFO] IMU diag: gy=-0.0054 gx=+0.0025 px_off=24px gain=0.87 decay=1.0000 dead=0.04 mag=0.0086 resp=0.000 yaw_out=24 imu=178005
22:39:07 [INFO] GYRO_DIAG: gx=+0.0056 gy=+0.0532 gz=+0.0221 | peaks: [-2.9621, -1.8764, -2.2413] | yaw=-88.8 pitch=-3.9 roll=+120.5 | mag=0.0579
22:39:08 [INFO] GYRO_DIAG: gx=-0.0152 gy=+0.0050 gz=+0.0019 | peaks: [-2.9621, -1.8764, -2.2413] | yaw=-75.0 pitch=-7.5 roll=+120.0 | mag=0.0161
22:39:09 [INFO] GYRO_DIAG: gx=+0.0025 gy=+0.0044 gz=+0.0050 | peaks: [-2.9621, -1.8764, -2.2413] | yaw=-79.7 pitch=-7.4 roll=+119.9 | mag=0.0071
22:39:10 [INFO] GYRO_DIAG: gx=+0.0013 gy=+0.0037 gz=-0.0011 | peaks: [-2.9621, -1.8764, -2.2413] | yaw=-80.9 pitch=-6.3 roll=+120.5 | mag=0.0041
22:39:11 [INFO] GYRO_DIAG: gx=+0.0068 gy=+0.0062 gz=-0.0054 | peaks: [-2.9621, -1.8764, -2.2413] | yaw=-80.2 pitch=-4.9 roll=+119.9 | mag=0.0107
22:39:12 [INFO] GYRO_DIAG: gx=+0.0032 gy=-0.0036 gz=+0.0032 | peaks: [-2.9621, -1.8764, -2.2413] | yaw=-79.4 pitch=-3.7 roll=+119.9 | mag=0.0057
22:39:13 [INFO] GYRO_DIAG: gx=-0.0011 gy=+0.0056 gz=+0.0001 | peaks: [-2.9621, -1.8764, -2.2413] | yaw=-78.2 pitch=-5.7 roll=+120.4 | mag=0.0057
22:39:14 [INFO] GYRO_DIAG: gx=+0.0087 gy=-0.0036 gz=+0.0111 | peaks: [-2.9621, -1.8764, -2.2413] | yaw=-77.2 pitch=-3.7 roll=+119.6 | mag=0.0145
22:39:15 [INFO] GYRO_DIAG: gx=+0.0019 gy=+0.0184 gz=+0.0056 | peaks: [-2.9621, -1.8764, -2.2413] | yaw=-76.4 pitch=-5.3 roll=+120.1 | mag=0.0193
22:39:16 [INFO] Loop OK - px_off=24px, zoom=1.0, tracking=True, fps=60, has_frame=True
22:39:16 [INFO] IMU diag: gy=-0.0097 gx=-0.0029 px_off=24px gain=0.87 decay=1.0000 dead=0.04 mag=0.0102 resp=0.000 yaw_out=24 imu=182938
22:39:16 [INFO] GYRO_DIAG: gx=+0.0117 gy=-0.0024 gz=-0.0017 | peaks: [-2.9621, -1.8764, -2.2413] | yaw=-76.4 pitch=-3.8 roll=+119.0 | mag=0.0121
22:39:17 [INFO] GYRO_DIAG: gx=-0.0017 gy=-0.0079 gz=+0.0019 | peaks: [-2.9621, -1.8764, -2.2413] | yaw=-76.0 pitch=-3.7 roll=+119.1 | mag=0.0083
22:39:18 [INFO] GYRO_DIAG: gx=+0.0007 gy=-0.0060 gz=-0.0023 | peaks: [-2.9621, -1.8764, -2.2413] | yaw=-76.5 pitch=-5.8 roll=+118.7 | mag=0.0065
22:39:19 [INFO] GYRO_DIAG: gx=+0.0117 gy=+0.0123 gz=+0.0142 | peaks: [-2.9621, -1.8764, -2.2413] | yaw=-75.6 pitch=-3.9 roll=+118.7 | mag=0.0221
22:39:20 [INFO] GYRO_DIAG: gx=-0.0017 gy=+0.0062 gz=-0.0011 | peaks: [-2.9621, -1.8764, -2.2413] | yaw=-73.9 pitch=-5.2 roll=+119.2 | mag=0.0065
22:39:21 [INFO] GYRO_DIAG: gx=+0.0019 gy=+0.0062 gz=+0.0099 | peaks: [-2.9621, -1.8764, -2.2413] | yaw=-73.4 pitch=-4.2 roll=+119.0 | mag=0.0118
22:39:22 [INFO] GYRO_DIAG: gx=-0.0054 gy=-0.0048 gz=-0.0066 | peaks: [-2.9621, -1.8764, -2.2413] | yaw=-74.2 pitch=-5.0 roll=+119.0 | mag=0.0098
22:39:23 [INFO] GYRO_DIAG: gx=+0.0050 gy=-0.0109 gz=+0.0056 | peaks: [-2.9621, -1.8764, -2.2413] | yaw=-73.9 pitch=-4.6 roll=+118.7 | mag=0.0133
22:39:24 [INFO] GYRO_DIAG: gx=+0.0032 gy=-0.0054 gz=-0.0042 | peaks: [-2.9621, -1.8764, -2.2413] | yaw=-73.3 pitch=-3.5 roll=+118.3 | mag=0.0075
22:39:25 [INFO] GYRO_DIAG: gx=+0.0013 gy=+0.0044 gz=+0.0056 | peaks: [-2.9621, -1.8764, -2.2413] | yaw=-71.3 pitch=-5.4 roll=+119.2 | mag=0.0072
22:39:26 [INFO] Loop OK - px_off=23px, zoom=1.0, tracking=True, fps=60, has_frame=True
22:39:26 [INFO] IMU diag: gy=+0.0092 gx=-0.0036 px_off=23px gain=0.87 decay=1.0000 dead=0.04 mag=0.0100 resp=0.000 yaw_out=23 imu=187872
22:39:26 [INFO] GYRO_DIAG: gx=+0.0148 gy=-0.0109 gz=+0.0111 | peaks: [-2.9621, -1.8764, -2.2413] | yaw=-71.0 pitch=-4.8 roll=+117.7 | mag=0.0215
22:39:27 [INFO] GYRO_DIAG: gx=+0.0001 gy=+0.0141 gz=+0.0044 | peaks: [-2.9621, -1.8764, -2.2413] | yaw=-67.6 pitch=-5.4 roll=+119.0 | mag=0.0148
22:39:28 [INFO] GYRO_DIAG: gx=+0.0062 gy=+0.0239 gz=+0.0136 | peaks: [-2.9621, -1.8764, -2.2413] | yaw=-67.4 pitch=-5.3 roll=+118.4 | mag=0.0282
22:39:29 [INFO] GYRO_DIAG: gx=-0.0011 gy=+0.0001 gz=-0.0054 | peaks: [-2.9621, -1.8764, -2.2413] | yaw=-65.4 pitch=-3.3 roll=+119.5 | mag=0.0055
22:39:30 [INFO] GYRO_DIAG: gx=-0.0231 gy=-0.0079 gz=+0.0050 | peaks: [-2.9621, -1.8764, -2.2413] | yaw=-64.5 pitch=-5.5 roll=+119.0 | mag=0.0249
22:39:31 [INFO] GYRO_DIAG: gx=+0.0007 gy=-0.0103 gz=+0.0001 | peaks: [-2.9621, -1.8764, -2.2413] | yaw=-64.1 pitch=-4.2 roll=+118.9 | mag=0.0103
22:39:32 [INFO] GYRO_DIAG: gx=-0.0182 gy=+0.0092 gz=-0.0011 | peaks: [-2.9621, -1.8764, -2.2413] | yaw=-63.2 pitch=-4.4 roll=+118.8 | mag=0.0205
22:39:33 [INFO] GYRO_DIAG: gx=-0.0011 gy=+0.0056 gz=+0.0050 | peaks: [-2.9621, -1.8764, -2.2413] | yaw=-61.7 pitch=-6.0 roll=+119.0 | mag=0.0076
22:39:34 [INFO] GYRO_DIAG: gx=-0.0011 gy=-0.0005 gz=-0.0029 | peaks: [-2.9621, -1.8764, -2.2413] | yaw=-61.2 pitch=-3.9 roll=+119.4 | mag=0.0032
22:39:35 [INFO] GYRO_DIAG: gx=-0.0029 gy=+0.0215 gz=+0.0019 | peaks: [-2.9621, -1.8764, -2.2413] | yaw=-60.0 pitch=-5.5 roll=+119.5 | mag=0.0217
22:39:36 [INFO] Loop OK - px_off=22px, zoom=1.0, tracking=True, fps=60, has_frame=True
22:39:36 [INFO] IMU diag: gy=-0.0011 gx=+0.0080 px_off=22px gain=0.87 decay=1.0000 dead=0.04 mag=0.0117 resp=0.000 yaw_out=22 imu=192805
22:39:36 [INFO] GYRO_DIAG: gx=+0.0044 gy=+0.0141 gz=+0.0032 | peaks: [-2.9621, -1.8764, -2.2413] | yaw=-58.3 pitch=-4.0 roll=+119.4 | mag=0.0151
22:39:37 [INFO] GYRO_DIAG: gx=+0.0087 gy=+0.0068 gz=-0.0115 | peaks: [-2.9621, -1.8764, -2.2413] | yaw=-57.1 pitch=-5.1 roll=+119.4 | mag=0.0159
22:39:38 [INFO] GYRO_DIAG: gx=+0.0019 gy=-0.0121 gz=+0.0019 | peaks: [-2.9621, -1.8764, -2.2413] | yaw=-57.9 pitch=-5.2 roll=+118.5 | mag=0.0124
22:39:39 [INFO] GYRO_DIAG: gx=-0.0023 gy=+0.0098 gz=+0.0136 | peaks: [-2.9621, -1.8764, -2.2413] | yaw=-57.1 pitch=-4.1 roll=+118.6 | mag=0.0169
22:39:40 [INFO] GYRO_DIAG: gx=+0.0233 gy=+0.0019 gz=-0.0207 | peaks: [-2.9621, -1.8764, -2.2413] | yaw=-55.4 pitch=-5.3 roll=+118.3 | mag=0.0312
22:39:41 [INFO] GYRO_DIAG: gx=+0.0111 gy=+0.0092 gz=+0.0081 | peaks: [-2.9621, -1.8764, -2.2413] | yaw=-53.6 pitch=-4.5 roll=+119.4 | mag=0.0165
22:39:42 [INFO] GYRO_DIAG: gx=-0.0304 gy=+0.0092 gz=-0.0035 | peaks: [-2.9621, -1.8764, -2.2413] | yaw=-53.7 pitch=-5.1 roll=+118.6 | mag=0.0320
22:39:43 [INFO] GYRO_DIAG: gx=-0.0066 gy=-0.0158 gz=-0.0078 | peaks: [-2.9621, -1.8764, -2.2413] | yaw=-52.3 pitch=-5.2 roll=+119.0 | mag=0.0188
22:39:44 [INFO] GYRO_DIAG: gx=-0.0139 gy=+0.0025 gz=+0.0019 | peaks: [-2.9621, -1.8764, -2.2413] | yaw=-51.7 pitch=-4.9 roll=+118.9 | mag=0.0143
22:39:45 [INFO] GYRO_DIAG: gx=-0.0036 gy=-0.0005 gz=-0.0005 | peaks: [-2.9621, -1.8764, -2.2413] | yaw=-51.0 pitch=-6.0 roll=+119.2 | mag=0.0036
22:39:46 [INFO] Loop OK - px_off=22px, zoom=1.0, tracking=True, fps=60, has_frame=True
22:39:46 [INFO] IMU diag: gy=+0.0080 gx=+0.0007 px_off=22px gain=0.87 decay=1.0000 dead=0.04 mag=0.0080 resp=0.000 yaw_out=22 imu=197737
22:39:46 [INFO] GYRO_DIAG: gx=-0.0194 gy=-0.0091 gz=-0.0188 | peaks: [-2.9621, -1.8764, -2.2413] | yaw=-48.1 pitch=-5.0 roll=+119.0 | mag=0.0285
22:39:47 [INFO] GYRO_DIAG: gx=-0.0121 gy=-0.0060 gz=+0.0019 | peaks: [-2.9621, -1.8764, -2.2413] | yaw=-48.6 pitch=-5.4 roll=+119.0 | mag=0.0137
22:39:48 [INFO] GYRO_DIAG: gx=+0.0025 gy=+0.0062 gz=+0.0001 | peaks: [-2.9621, -1.8764, -2.2413] | yaw=-48.6 pitch=-6.3 roll=+118.9 | mag=0.0067
22:39:49 [INFO] GYRO_DIAG: gx=+0.0038 gy=-0.0018 gz=+0.0026 | peaks: [-2.9621, -1.8764, -2.2413] | yaw=-49.1 pitch=-4.3 roll=+118.4 | mag=0.0049
22:39:50 [INFO] GYRO_DIAG: gx=+0.0068 gy=+0.0019 gz=-0.0029 | peaks: [-2.9621, -1.8764, -2.2413] | yaw=-48.5 pitch=-5.3 roll=+118.9 | mag=0.0077
22:39:51 [INFO] GYRO_DIAG: gx=-0.0023 gy=-0.0036 gz=+0.0032 | peaks: [-2.9621, -1.8764, -2.2413] | yaw=-47.7 pitch=-4.7 roll=+118.7 | mag=0.0053
22:39:53 [INFO] GYRO_DIAG: gx=-0.0042 gy=+0.0098 gz=+0.0032 | peaks: [-2.9621, -1.8764, -2.2413] | yaw=-46.2 pitch=-4.1 roll=+119.4 | mag=0.0112
22:39:54 [INFO] GYRO_DIAG: gx=-0.0323 gy=-0.0402 gz=-0.0145 | peaks: [-2.9621, -1.8764, -2.2413] | yaw=-44.7 pitch=-3.5 roll=+119.4 | mag=0.0536
22:39:55 [INFO] GYRO_DIAG: gx=-0.0304 gy=-0.0659 gz=-0.0494 | peaks: [-2.9621, -1.8764, -2.2413] | yaw=-37.0 pitch=-11.2 roll=+119.7 | mag=0.0878
22:39:56 [INFO] GYRO_DIAG: gx=-0.0060 gy=+0.0031 gz=+0.0032 | peaks: [-2.9621, -1.8764, -2.2413] | yaw=-44.2 pitch=-6.8 roll=+117.1 | mag=0.0075
22:39:56 [INFO] Loop OK - px_off=21px, zoom=1.0, tracking=True, fps=60, has_frame=True
22:39:56 [INFO] IMU diag: gy=+0.0068 gx=-0.0066 px_off=21px gain=0.87 decay=1.0000 dead=0.04 mag=0.0137 resp=0.000 yaw_out=21 imu=202672
22:39:57 [INFO] GYRO_DIAG: gx=-0.0097 gy=+0.0111 gz=+0.0074 | peaks: [-2.9621, -1.8764, -2.2413] | yaw=-43.1 pitch=-6.1 roll=+119.1 | mag=0.0165
22:39:58 [INFO] GYRO_DIAG: gx=+0.0038 gy=+0.0080 gz=+0.0081 | peaks: [-2.9621, -1.8764, -2.2413] | yaw=-41.3 pitch=-3.3 roll=+119.4 | mag=0.0120
22:39:59 [INFO] GYRO_DIAG: gx=-0.0036 gy=-0.0158 gz=-0.0139 | peaks: [-2.9621, -1.8764, -2.2413] | yaw=-39.6 pitch=-3.4 roll=+119.7 | mag=0.0214
22:40:00 [INFO] GYRO_DIAG: gx=-0.0005 gy=+0.0092 gz=+0.0007 | peaks: [-2.9621, -1.8764, -2.2413] | yaw=-39.0 pitch=-5.2 roll=+118.5 | mag=0.0093
22:40:01 [INFO] GYRO_DIAG: gx=+0.0007 gy=-0.0042 gz=-0.0017 | peaks: [-2.9621, -1.8764, -2.2413] | yaw=-39.0 pitch=-4.5 roll=+118.6 | mag=0.0046
22:40:02 [INFO] GYRO_DIAG: gx=-0.0011 gy=+0.0092 gz=-0.0042 | peaks: [-2.9621, -1.8764, -2.2413] | yaw=-38.9 pitch=-5.8 roll=+118.8 | mag=0.0102
22:40:03 [INFO] GYRO_DIAG: gx=+0.0007 gy=+0.0037 gz=+0.0001 | peaks: [-2.9621, -1.8764, -2.2413] | yaw=-37.8 pitch=-4.7 roll=+118.0 | mag=0.0038
22:40:04 [INFO] GYRO_DIAG: gx=-0.0048 gy=+0.0050 gz=+0.0026 | peaks: [-2.9621, -1.8764, -2.2413] | yaw=-37.3 pitch=-4.7 roll=+118.1 | mag=0.0074
22:40:05 [INFO] GYRO_DIAG: gx=-0.0060 gy=-0.0018 gz=+0.0019 | peaks: [-2.9621, -1.8764, -2.2413] | yaw=-37.4 pitch=-5.7 roll=+118.4 | mag=0.0066
22:40:06 [INFO] GYRO_DIAG: gx=-0.0011 gy=+0.0013 gz=+0.0068 | peaks: [-2.9621, -1.8764, -2.2413] | yaw=-36.3 pitch=-4.4 roll=+118.3 | mag=0.0070
22:40:06 [INFO] Loop OK - px_off=21px, zoom=1.0, tracking=True, fps=61, has_frame=True
22:40:06 [INFO] IMU diag: gy=+0.0086 gx=+0.0044 px_off=21px gain=0.87 decay=1.0000 dead=0.04 mag=0.0106 resp=0.000 yaw_out=21 imu=207611
22:40:07 [INFO] GYRO_DIAG: gx=-0.0091 gy=+0.0013 gz=+0.0032 | peaks: [-2.9621, -1.8764, -2.2413] | yaw=-35.2 pitch=-4.5 roll=+118.5 | mag=0.0097
22:40:08 [INFO] GYRO_DIAG: gx=-0.0084 gy=-0.0085 gz=+0.0013 | peaks: [-2.9621, -1.8764, -2.2413] | yaw=-34.2 pitch=-6.4 roll=+118.8 | mag=0.0120
22:40:09 [INFO] GYRO_DIAG: gx=-0.0304 gy=-0.0299 gz=-0.0384 | peaks: [-2.9621, -1.8764, -2.2413] | yaw=-38.7 pitch=-7.4 roll=+114.6 | mag=0.0574
22:40:10 [INFO] GYRO_DIAG: gx=+0.0025 gy=+0.0184 gz=+0.0136 | peaks: [-2.9621, -1.8764, -2.2413] | yaw=-34.0 pitch=-6.1 roll=+117.0 | mag=0.0230
22:40:11 [INFO] GYRO_DIAG: gx=-0.0029 gy=-0.0036 gz=-0.0029 | peaks: [-2.9621, -1.8764, -2.2413] | yaw=-33.0 pitch=-4.6 roll=+118.1 | mag=0.0055
22:40:12 [INFO] GYRO_DIAG: gx=+0.0056 gy=-0.0005 gz=+0.0013 | peaks: [-2.9621, -1.8764, -2.2413] | yaw=-31.8 pitch=-3.1 roll=+118.5 | mag=0.0058
22:40:13 [INFO] GYRO_DIAG: gx=-0.0036 gy=-0.0091 gz=+0.0001 | peaks: [-2.9621, -1.8764, -2.2413] | yaw=-31.4 pitch=-5.7 roll=+118.2 | mag=0.0098
22:40:14 [INFO] GYRO_DIAG: gx=-0.0054 gy=-0.0079 gz=-0.0072 | peaks: [-2.9621, -1.8764, -2.2413] | yaw=-30.7 pitch=-4.2 roll=+118.2 | mag=0.0120
22:40:15 [INFO] GYRO_DIAG: gx=-0.0066 gy=-0.0073 gz=-0.0035 | peaks: [-2.9621, -1.8764, -2.2413] | yaw=-29.4 pitch=-3.9 roll=+118.6 | mag=0.0104
22:40:16 [INFO] GYRO_DIAG: gx=-0.0060 gy=-0.0036 gz=+0.0087 | peaks: [-2.9621, -1.8764, -2.2413] | yaw=-28.3 pitch=-5.4 roll=+119.1 | mag=0.0111
22:40:16 [INFO] Loop OK - px_off=20px, zoom=1.0, tracking=True, fps=60, has_frame=True
22:40:16 [INFO] IMU diag: gy=-0.0060 gx=-0.0109 px_off=20px gain=0.87 decay=1.0000 dead=0.04 mag=0.0144 resp=0.000 yaw_out=20 imu=212548
22:40:17 [INFO] GYRO_DIAG: gx=-0.0017 gy=+0.0001 gz=+0.0001 | peaks: [-2.9621, -1.8764, -2.2413] | yaw=-28.2 pitch=-4.3 roll=+118.2 | mag=0.0017
22:40:18 [INFO] GYRO_DIAG: gx=-0.0023 gy=-0.0042 gz=-0.0035 | peaks: [-2.9621, -1.8764, -2.2413] | yaw=-26.5 pitch=-4.7 roll=+118.5 | mag=0.0060
22:40:19 [INFO] GYRO_DIAG: gx=-0.0023 gy=-0.0103 gz=-0.0182 | peaks: [-2.9621, -1.8764, -2.2413] | yaw=-26.6 pitch=-4.6 roll=+119.2 | mag=0.0211
22:40:20 [INFO] GYRO_DIAG: gx=+0.0056 gy=+0.0007 gz=+0.0026 | peaks: [-2.9621, -1.8764, -2.2413] | yaw=-25.6 pitch=-4.2 roll=+118.0 | mag=0.0062
22:40:21 [INFO] GYRO_DIAG: gx=-0.0023 gy=+0.0037 gz=+0.0062 | peaks: [-2.9621, -1.8764, -2.2413] | yaw=-25.2 pitch=-5.5 roll=+118.2 | mag=0.0076
22:40:22 [INFO] GYRO_DIAG: gx=-0.0036 gy=+0.0098 gz=+0.0050 | peaks: [-2.9621, -1.8764, -2.2413] | yaw=-24.0 pitch=-4.4 roll=+118.1 | mag=0.0116
22:40:23 [INFO] GYRO_DIAG: gx=-0.0005 gy=+0.0074 gz=+0.0093 | peaks: [-2.9621, -1.8764, -2.2413] | yaw=-22.6 pitch=-3.7 roll=+118.2 | mag=0.0119
22:40:24 [INFO] GYRO_DIAG: gx=+0.0135 gy=-0.0140 gz=-0.0078 | peaks: [-2.9621, -1.8764, -2.2413] | yaw=-21.1 pitch=-5.5 roll=+118.9 | mag=0.0210
22:40:25 [INFO] GYRO_DIAG: gx=-0.0072 gy=+0.0141 gz=+0.0178 | peaks: [-2.9621, -1.8764, -2.2413] | yaw=-20.2 pitch=-4.6 roll=+118.2 | mag=0.0239
22:40:26 [INFO] Loop OK - px_off=20px, zoom=1.0, tracking=True, fps=60, has_frame=True
22:40:26 [INFO] IMU diag: gy=+0.0019 gx=+0.0056 px_off=20px gain=0.87 decay=1.0000 dead=0.04 mag=0.0072 resp=0.000 yaw_out=20 imu=217480
22:40:26 [INFO] GYRO_DIAG: gx=-0.0078 gy=-0.0060 gz=-0.0121 | peaks: [-2.9621, -1.8764, -2.2413] | yaw=-19.4 pitch=-6.6 roll=+118.9 | mag=0.0156
22:40:27 [INFO] GYRO_DIAG: gx=+0.0025 gy=+0.0050 gz=+0.0160 | peaks: [-2.9621, -1.8764, -2.2413] | yaw=-19.4 pitch=-5.5 roll=+118.0 | mag=0.0169
22:40:28 [INFO] GYRO_DIAG: gx=+0.0019 gy=+0.0074 gz=+0.0081 | peaks: [-2.9621, -1.8764, -2.2413] | yaw=-18.9 pitch=-4.7 roll=+118.1 | mag=0.0111
22:40:29 [INFO] GYRO_DIAG: gx=-0.5637 gy=+0.0593 gz=-0.0903 | peaks: [-2.9621, -1.8764, -2.2413] | yaw=-10.2 pitch=-47.8 roll=+109.7 | mag=0.5740
22:40:30 [INFO] GYRO_DIAG: gx=+0.8126 gy=+0.2481 gz=+0.0423 | peaks: [-2.9621, -1.8764, -2.2413] | yaw=-38.1 pitch=-246.5 roll=+57.0 | mag=0.8506
22:40:31 [INFO] GYRO_DIAG: gx=-0.3878 gy=-0.6389 gz=-0.0604 | peaks: [-2.9621, -1.8764, -2.2413] | yaw=-43.4 pitch=-14.1 roll=+96.4 | mag=0.7498
22:40:32 [INFO] GYRO_DIAG: gx=+0.6562 gy=-0.0366 gz=+0.0844 | peaks: [-2.9621, -1.8764, -2.2413] | yaw=+14.6 pitch=+48.0 roll=+119.1 | mag=0.6626
22:40:33 [INFO] GYRO_DIAG: gx=-0.0372 gy=-0.0036 gz=-0.0066 | peaks: [-2.9621, -1.8764, -2.2413] | yaw=+8.4 pitch=+61.8 roll=+132.6 | mag=0.0379
22:40:34 [INFO] GYRO_DIAG: gx=+0.0044 gy=-0.0054 gz=-0.0090 | peaks: [-2.9621, -1.8764, -2.2413] | yaw=+9.8 pitch=+44.9 roll=+127.7 | mag=0.0114
22:40:35 [INFO] GYRO_DIAG: gx=-0.0091 gy=+0.0013 gz=+0.0056 | peaks: [-2.9621, -1.8764, -2.2413] | yaw=+11.7 pitch=+30.2 roll=+124.5 | mag=0.0107
22:40:36 [INFO] Loop OK - px_off=-111px, zoom=1.0, tracking=True, fps=60, has_frame=True
22:40:36 [INFO] IMU diag: gy=-0.0011 gx=-0.0029 px_off=-111px gain=0.87 decay=1.0000 dead=0.04 mag=0.0049 resp=0.000 yaw_out=-111 imu=222407
22:40:36 [INFO] GYRO_DIAG: gx=+0.0087 gy=-0.0011 gz=+0.0038 | peaks: [-2.9621, -1.8764, -2.2413] | yaw=+10.8 pitch=+13.0 roll=+122.2 | mag=0.0095
22:40:37 [INFO] GYRO_DIAG: gx=+0.0111 gy=+0.0019 gz=-0.0090 | peaks: [-2.9621, -1.8764, -2.2413] | yaw=+10.7 pitch=+8.4 roll=+118.9 | mag=0.0144
22:40:38 [INFO] GYRO_DIAG: gx=+0.0050 gy=+0.0135 gz=+0.0056 | peaks: [-2.9621, -1.8764, -2.2413] | yaw=+10.8 pitch=+2.6 roll=+118.9 | mag=0.0155
22:40:39 [INFO] GYRO_DIAG: gx=-0.0023 gy=+0.0166 gz=+0.0123 | peaks: [-2.9621, -1.8764, -2.2413] | yaw=+11.8 pitch=+1.5 roll=+117.4 | mag=0.0208
22:40:40 [INFO] GYRO_DIAG: gx=-0.0048 gy=+0.0019 gz=-0.0103 | peaks: [-2.9621, -1.8764, -2.2413] | yaw=+12.3 pitch=-1.0 roll=+116.5 | mag=0.0115
22:40:41 [INFO] GYRO_DIAG: gx=-0.0420 gy=+0.0624 gz=-0.0268 | peaks: [-2.9621, -1.8764, -2.2413] | yaw=+13.9 pitch=-4.8 roll=+114.1 | mag=0.0798
22:40:42 [INFO] GYRO_DIAG: gx=+0.0056 gy=+0.0166 gz=-0.0042 | peaks: [-2.9621, -1.8764, -2.2413] | yaw=+3.8 pitch=-9.5 roll=+105.0 | mag=0.0180
22:40:43 [INFO] GYRO_DIAG: gx=+0.0093 gy=-0.0048 gz=+0.0001 | peaks: [-2.9621, -1.8764, -2.2413] | yaw=+6.9 pitch=-3.7 roll=+111.9 | mag=0.0104
22:40:44 [INFO] GYRO_DIAG: gx=+0.0062 gy=+0.0056 gz=-0.0029 | peaks: [-2.9621, -1.8764, -2.2413] | yaw=+11.1 pitch=-1.2 roll=+113.1 | mag=0.0088
22:40:45 [INFO] GYRO_DIAG: gx=-0.2308 gy=-0.2870 gz=+0.0435 | peaks: [-2.9621, -1.8764, -2.2413] | yaw=+56.3 pitch=+43.6 roll=+117.5 | mag=0.3709
22:40:46 [INFO] Loop OK - px_off=-52px, zoom=1.0, tracking=True, fps=60, has_frame=True
22:40:46 [INFO] IMU diag: gy=+0.0276 gx=-0.0457 px_off=-52px gain=0.87 decay=1.0000 dead=0.04 mag=0.0575 resp=0.002 yaw_out=-52 imu=227334
22:40:46 [INFO] GYRO_DIAG: gx=-0.0011 gy=-0.0195 gz=-0.0042 | peaks: [-2.9621, -1.8764, -2.2413] | yaw=+19.9 pitch=-14.3 roll=+111.6 | mag=0.0199
22:40:47 [INFO] GYRO_DIAG: gx=+0.0948 gy=+0.0135 gz=+0.0142 | peaks: [-2.9621, -1.8764, -2.2413] | yaw=+18.7 pitch=-5.0 roll=+114.3 | mag=0.0968
22:40:48 [INFO] GYRO_DIAG: gx=-0.0298 gy=+0.0123 gz=+0.0184 | peaks: [-2.9621, -1.8764, -2.2413] | yaw=+25.8 pitch=+12.1 roll=+114.4 | mag=0.0372
22:40:49 [INFO] GYRO_DIAG: gx=-0.0066 gy=+0.0062 gz=+0.0044 | peaks: [-2.9621, -1.8764, -2.2413] | yaw=+28.7 pitch=+9.5 roll=+119.3 | mag=0.0101
22:40:50 [INFO] GYRO_DIAG: gx=+0.0642 gy=+0.0086 gz=-0.0262 | peaks: [-2.9621, -1.8764, -2.2413] | yaw=+32.1 pitch=+14.2 roll=+119.6 | mag=0.0699
22:40:51 [INFO] GYRO_DIAG: gx=-0.0408 gy=+0.0551 gz=-0.0090 | peaks: [-2.9621, -1.8764, -2.2413] | yaw=+35.9 pitch=+0.8 roll=+122.0 | mag=0.0691
22:40:52 [INFO] GYRO_DIAG: gx=-0.0078 gy=-0.0060 gz=-0.0017 | peaks: [-2.9621, -1.8764, -2.2413] | yaw=+34.2 pitch=-6.0 roll=+119.7 | mag=0.0100
22:40:53 [INFO] GYRO_DIAG: gx=+0.0001 gy=-0.0018 gz=+0.0019 | peaks: [-2.9621, -1.8764, -2.2413] | yaw=+34.2 pitch=-6.5 roll=+119.9 | mag=0.0026
22:40:54 [INFO] GYRO_DIAG: gx=+0.0111 gy=+0.0074 gz=+0.0087 | peaks: [-2.9621, -1.8764, -2.2413] | yaw=+35.1 pitch=-6.9 roll=+120.0 | mag=0.0159
22:40:55 [INFO] GYRO_DIAG: gx=+0.0111 gy=+0.0007 gz=+0.0056 | peaks: [-2.9621, -1.8764, -2.2413] | yaw=+36.3 pitch=-5.0 roll=+119.6 | mag=0.0125
22:40:56 [INFO] Loop OK - px_off=-45px, zoom=1.0, tracking=True, fps=60, has_frame=True
22:40:56 [INFO] IMU diag: gy=+0.0074 gx=+0.0013 px_off=-45px gain=0.87 decay=1.0000 dead=0.04 mag=0.0076 resp=0.000 yaw_out=-45 imu=232259
22:40:56 [INFO] GYRO_DIAG: gx=-0.0121 gy=+0.0068 gz=+0.0081 | peaks: [-2.9621, -1.8764, -2.2413] | yaw=+37.2 pitch=-5.3 roll=+119.6 | mag=0.0161
22:40:57 [INFO] GYRO_DIAG: gx=-0.0017 gy=+0.0007 gz=+0.0019 | peaks: [-2.9621, -1.8764, -2.2413] | yaw=+38.3 pitch=-4.5 roll=+119.8 | mag=0.0027
22:40:58 [INFO] GYRO_DIAG: gx=+0.0001 gy=+0.0037 gz=+0.0032 | peaks: [-2.9621, -1.8764, -2.2413] | yaw=+39.8 pitch=-3.1 roll=+120.2 | mag=0.0049
22:40:59 [INFO] GYRO_DIAG: gx=+0.0032 gy=+0.0386 gz=+0.0233 | peaks: [-2.9621, -1.8764, -2.2413] | yaw=+49.2 pitch=-8.4 roll=+123.5 | mag=0.0452
22:41:00 [INFO] GYRO_DIAG: gx=+0.0197 gy=-0.0170 gz=+0.0038 | peaks: [-2.9621, -1.8764, -2.2413] | yaw=+47.7 pitch=-11.6 roll=+117.0 | mag=0.0263
22:41:01 [INFO] GYRO_DIAG: gx=+0.0197 gy=+0.0117 gz=+0.0074 | peaks: [-2.9621, -1.8764, -2.2413] | yaw=+45.7 pitch=-7.9 roll=+119.9 | mag=0.0240
22:41:02 [INFO] GYRO_DIAG: gx=+0.0001 gy=-0.0066 gz=-0.0048 | peaks: [-2.9621, -1.8764, -2.2413] | yaw=+45.3 pitch=-5.8 roll=+120.0 | mag=0.0082
22:41:03 [INFO] GYRO_DIAG: gx=+0.0007 gy=-0.0030 gz=+0.0044 | peaks: [-2.9621, -1.8764, -2.2413] | yaw=+44.8 pitch=-4.7 roll=+119.8 | mag=0.0054
22:41:04 [INFO] GYRO_DIAG: gx=-0.0011 gy=+0.0074 gz=+0.0093 | peaks: [-2.9621, -1.8764, -2.2413] | yaw=+46.4 pitch=-6.0 roll=+120.3 | mag=0.0119
22:41:06 [INFO] GYRO_DIAG: gx=-0.0011 gy=+0.0074 gz=+0.0093 | peaks: [-2.9621, -1.8764, -2.2413] | yaw=+46.6 pitch=-4.8 roll=+119.8 | mag=0.0119
22:41:06 [INFO] Loop OK - px_off=-41px, zoom=1.0, tracking=True, fps=60, has_frame=True
22:41:06 [INFO] IMU diag: gy=-0.0024 gx=+0.0050 px_off=-41px gain=0.87 decay=1.0000 dead=0.04 mag=0.0059 resp=0.000 yaw_out=-41 imu=237186
22:41:07 [INFO] GYRO_DIAG: gx=+0.0019 gy=-0.0018 gz=+0.0019 | peaks: [-2.9621, -1.8764, -2.2413] | yaw=+46.4 pitch=-4.2 roll=+119.3 | mag=0.0033
22:41:08 [INFO] GYRO_DIAG: gx=-0.0017 gy=+0.0086 gz=+0.0019 | peaks: [-2.9621, -1.8764, -2.2413] | yaw=+48.2 pitch=-4.7 roll=+118.7 | mag=0.0090
22:41:09 [INFO] GYRO_DIAG: gx=-0.0182 gy=-0.0250 gz=-0.0170 | peaks: [-2.9621, -1.8764, -2.2413] | yaw=+46.8 pitch=-4.2 roll=+116.4 | mag=0.0353
22:41:10 [INFO] GYRO_DIAG: gx=-0.0103 gy=+0.0092 gz=+0.0129 | peaks: [-2.9621, -1.8764, -2.2413] | yaw=+47.4 pitch=-5.1 roll=+118.1 | mag=0.0189
22:41:11 [INFO] GYRO_DIAG: gx=-0.0005 gy=-0.0030 gz=+0.0142 | peaks: [-2.9621, -1.8764, -2.2413] | yaw=+48.0 pitch=-6.3 roll=+119.0 | mag=0.0145
22:41:12 [INFO] GYRO_DIAG: gx=-0.0121 gy=-0.0109 gz=-0.0048 | peaks: [-2.9621, -1.8764, -2.2413] | yaw=+50.3 pitch=-4.8 roll=+118.4 | mag=0.0170
22:41:13 [INFO] GYRO_DIAG: gx=-0.0103 gy=-0.0060 gz=-0.0072 | peaks: [-2.9621, -1.8764, -2.2413] | yaw=+50.8 pitch=-6.8 roll=+118.9 | mag=0.0139
22:41:14 [INFO] GYRO_DIAG: gx=+0.0007 gy=+0.0410 gz=-0.0090 | peaks: [-2.9621, -1.8764, -2.2413] | yaw=+48.6 pitch=-9.3 roll=+117.6 | mag=0.0420
22:41:15 [INFO] GYRO_DIAG: gx=-0.0262 gy=+0.0398 gz=+0.0166 | peaks: [-2.9621, -1.8764, -2.2413] | yaw=+56.9 pitch=-23.4 roll=+115.1 | mag=0.0504
22:41:16 [INFO] GYRO_DIAG: gx=-0.0005 gy=-0.0005 gz=-0.0060 | peaks: [-2.9621, -1.8764, -2.2413] | yaw=+55.3 pitch=-17.8 roll=+115.4 | mag=0.0060
22:41:16 [INFO] Loop OK - px_off=-37px, zoom=1.0, tracking=True, fps=60, has_frame=True
22:41:16 [INFO] IMU diag: gy=+0.0123 gx=+0.0154 px_off=-37px gain=0.87 decay=1.0000 dead=0.04 mag=0.0208 resp=0.000 yaw_out=-37 imu=242119
22:41:17 [INFO] GYRO_DIAG: gx=+0.0062 gy=+0.0105 gz=+0.0050 | peaks: [-2.9621, -1.8764, -2.2413] | yaw=+58.4 pitch=-8.7 roll=+116.4 | mag=0.0132
22:41:18 [INFO] GYRO_DIAG: gx=+0.0062 gy=+0.0031 gz=+0.0081 | peaks: [-2.9621, -1.8764, -2.2413] | yaw=+55.3 pitch=-7.3 roll=+115.3 | mag=0.0106
22:41:19 [INFO] GYRO_DIAG: gx=+0.0276 gy=+0.0037 gz=+0.0099 | peaks: [-2.9621, -1.8764, -2.2413] | yaw=+56.4 pitch=-2.1 roll=+115.2 | mag=0.0295
22:41:20 [INFO] GYRO_DIAG: gx=+0.0025 gy=-0.0030 gz=+0.0026 | peaks: [-2.9621, -1.8764, -2.2413] | yaw=+34.3 pitch=-2.1 roll=+113.3 | mag=0.0047
22:41:21 [INFO] GYRO_DIAG: gx=-0.0060 gy=+0.0031 gz=+0.0032 | peaks: [-2.9621, -1.8764, -2.2413] | yaw=+36.8 pitch=-3.1 roll=+116.5 | mag=0.0075
22:41:22 [INFO] GYRO_DIAG: gx=-0.0023 gy=-0.0109 gz=-0.0029 | peaks: [-2.9621, -1.8764, -2.2413] | yaw=+38.9 pitch=-1.8 roll=+117.1 | mag=0.0115
22:41:23 [INFO] GYRO_DIAG: gx=-0.0112 gy=-0.0037 gz=-0.0016 | peaks: [-2.9621, -1.8764, -2.2413] | yaw=+40.6 pitch=-0.9 roll=+117.1 | mag=0.0119
22:41:24 [INFO] GYRO_DIAG: gx=-0.0002 gy=+0.0659 gz=+0.0039 | peaks: [-2.9621, -1.8764, -2.2413] | yaw=+44.1 pitch=-6.2 roll=+117.8 | mag=0.0660
22:41:25 [INFO] GYRO_DIAG: gx=+0.0084 gy=-0.0086 gz=-0.0034 | peaks: [-2.9621, -1.8764, -2.2413] | yaw=+55.8 pitch=-8.3 roll=+115.1 | mag=0.0125
22:41:26 [INFO] GYRO_DIAG: gx=-0.0008 gy=-0.0171 gz=-0.0102 | peaks: [-2.9621, -1.8764, -2.2413] | yaw=+41.0 pitch=-14.8 roll=+113.8 | mag=0.0200
22:41:26 [INFO] Loop OK - px_off=-37px, zoom=1.0, tracking=True, fps=60, has_frame=True
22:41:26 [INFO] IMU diag: gy=+0.0067 gx=-0.0026 px_off=-37px gain=0.87 decay=1.0000 dead=0.04 mag=0.0082 resp=0.000 yaw_out=-37 imu=247051
22:41:27 [INFO] GYRO_DIAG: gx=-0.0100 gy=-0.0098 gz=-0.0047 | peaks: [-2.9621, -1.8764, -2.2413] | yaw=+38.4 pitch=-11.2 roll=+113.2 | mag=0.0147
22:41:28 [INFO] GYRO_DIAG: gx=-0.0130 gy=-0.0013 gz=+0.0106 | peaks: [-2.9621, -1.8764, -2.2413] | yaw=+35.4 pitch=-10.0 roll=+112.7 | mag=0.0168
22:41:29 [INFO] GYRO_DIAG: gx=-0.0271 gy=+0.2871 gz=+0.1896 | peaks: [-2.9621, -1.8764, -2.2413] | yaw=+238.2 pitch=-31.5 roll=+223.6 | mag=0.3451
22:41:30 [INFO] GYRO_DIAG: gx=-0.0210 gy=-0.3635 gz=-0.3003 | peaks: [-2.9621, -1.8764, -2.2413] | yaw=+38.9 pitch=-17.8 roll=+55.8 | mag=0.4720
22:41:31 [INFO] GYRO_DIAG: gx=+0.0059 gy=-0.1295 gz=-0.1000 | peaks: [-2.9621, -1.8764, -2.2413] | yaw=+69.6 pitch=-14.2 roll=+107.3 | mag=0.1637
22:41:32 [INFO] GYRO_DIAG: gx=-0.0087 gy=-0.1198 gz=-0.0987 | peaks: [-2.9621, -1.8764, -2.2413] | yaw=+48.5 pitch=-11.1 roll=+100.8 | mag=0.1555
22:41:33 [INFO] GYRO_DIAG: gx=-0.0130 gy=-0.0007 gz=+0.0039 | peaks: [-2.9621, -1.8764, -2.2413] | yaw=+37.3 pitch=+2.8 roll=+102.7 | mag=0.0136
22:41:34 [INFO] GYRO_DIAG: gx=-0.0112 gy=-0.0031 gz=+0.0027 | peaks: [-2.9621, -1.8764, -2.2413] | yaw=+35.9 pitch=-5.1 roll=+108.0 | mag=0.0119
22:41:35 [INFO] GYRO_DIAG: gx=-0.0100 gy=-0.0043 gz=-0.0047 | peaks: [-2.9621, -1.8764, -2.2413] | yaw=+31.4 pitch=-6.3 roll=+109.7 | mag=0.0118
22:41:36 [INFO] Loop OK - px_off=-107px, zoom=1.0, tracking=True, fps=60, has_frame=True
22:41:36 [INFO] IMU diag: gy=-0.0025 gx=-0.0075 px_off=-107px gain=0.87 decay=1.0000 dead=0.04 mag=0.0109 resp=0.000 yaw_out=-107 imu=251981
22:41:36 [INFO] GYRO_DIAG: gx=-0.0130 gy=-0.0043 gz=-0.0010 | peaks: [-2.9621, -1.8764, -2.2413] | yaw=+27.5 pitch=-8.3 roll=+111.6 | mag=0.0138
22:41:37 [INFO] GYRO_DIAG: gx=-0.0039 gy=-0.0104 gz=-0.0047 | peaks: [-2.9621, -1.8764, -2.2413] | yaw=+23.9 pitch=-9.6 roll=+112.4 | mag=0.0121
22:41:38 [INFO] GYRO_DIAG: gx=-0.0393 gy=+0.0336 gz=+0.0570 | peaks: [-2.9621, -1.8764, -2.2413] | yaw=+26.1 pitch=-11.4 roll=+116.2 | mag=0.0770
22:41:39 [INFO] GYRO_DIAG: gx=+0.0010 gy=-0.0446 gz=-0.0370 | peaks: [-2.9621, -1.8764, -2.2413] | yaw=+16.5 pitch=-14.1 roll=+110.6 | mag=0.0580
22:41:40 [INFO] GYRO_DIAG: gx=-0.0112 gy=-0.0055 gz=-0.0004 | peaks: [-2.9621, -1.8764, -2.2413] | yaw=+9.2 pitch=-19.3 roll=+111.0 | mag=0.0125
22:41:41 [INFO] GYRO_DIAG: gx=-0.0032 gy=+0.0085 gz=+0.0069 | peaks: [-2.9621, -1.8764, -2.2413] | yaw=+8.9 pitch=-14.8 roll=+111.6 | mag=0.0114
22:41:42 [INFO] GYRO_DIAG: gx=+0.0029 gy=-0.0068 gz=-0.0120 | peaks: [-2.9621, -1.8764, -2.2413] | yaw=+4.6 pitch=-14.0 roll=+111.6 | mag=0.0141
22:41:43 [INFO] GYRO_DIAG: gx=-0.0008 gy=-0.0074 gz=-0.0004 | peaks: [-2.9621, -1.8764, -2.2413] | yaw=+1.7 pitch=-10.3 roll=+111.2 | mag=0.0074
22:41:44 [INFO] GYRO_DIAG: gx=-0.0179 gy=-0.0116 gz=-0.0126 | peaks: [-2.9621, -1.8764, -2.2413] | yaw=-0.5 pitch=-8.7 roll=+111.6 | mag=0.0248
22:41:45 [INFO] GYRO_DIAG: gx=+0.0059 gy=+0.0213 gz=+0.0143 | peaks: [-2.9621, -1.8764, -2.2413] | yaw=-1.2 pitch=-9.2 roll=+112.8 | mag=0.0263
22:41:46 [INFO] Loop OK - px_off=-71px, zoom=1.0, tracking=True, fps=60, has_frame=True
22:41:46 [INFO] IMU diag: gy=-0.0147 gx=-0.0313 px_off=-71px gain=0.87 decay=1.0000 dead=0.04 mag=0.0346 resp=0.000 yaw_out=-71 imu=256910
22:41:46 [INFO] GYRO_DIAG: gx=+0.0120 gy=-0.0544 gz=-0.0187 | peaks: [-2.9621, -1.8764, -2.2413] | yaw=-3.0 pitch=-9.4 roll=+113.2 | mag=0.0588
22:41:47 [INFO] GYRO_DIAG: gx=-0.0026 gy=+0.0745 gz=+0.0497 | peaks: [-2.9621, -1.8764, -2.2413] | yaw=+1.6 pitch=-13.0 roll=+110.7 | mag=0.0896
22:41:48 [INFO] GYRO_DIAG: gx=-0.0087 gy=-0.0116 gz=-0.0083 | peaks: [-2.9621, -1.8764, -2.2413] | yaw=+0.3 pitch=-9.6 roll=+109.3 | mag=0.0168
22:41:49 [INFO] GYRO_DIAG: gx=-0.0087 gy=-0.0055 gz=-0.0138 | peaks: [-2.9621, -1.8764, -2.2413] | yaw=-1.6 pitch=-8.1 roll=+110.9 | mag=0.0173
22:41:50 [INFO] GYRO_DIAG: gx=-0.0106 gy=+0.0079 gz=+0.0100 | peaks: [-2.9621, -1.8764, -2.2413] | yaw=-4.0 pitch=-9.1 roll=+110.5 | mag=0.0166
22:41:51 [INFO] GYRO_DIAG: gx=-0.0026 gy=+0.0012 gz=+0.0045 | peaks: [-2.9621, -1.8764, -2.2413] | yaw=-5.1 pitch=-8.8 roll=+111.2 | mag=0.0053
22:41:52 [INFO] GYRO_DIAG: gx=+0.0022 gy=-0.0013 gz=+0.0112 | peaks: [-2.9621, -1.8764, -2.2413] | yaw=-10.3 pitch=-7.4 roll=+111.9 | mag=0.0115
22:41:53 [INFO] GYRO_DIAG: gx=-0.0100 gy=-0.0019 gz=+0.0008 | peaks: [-2.9621, -1.8764, -2.2413] | yaw=-12.4 pitch=-8.8 roll=+112.2 | mag=0.0102
22:41:54 [INFO] GYRO_DIAG: gx=+0.0694 gy=-0.1094 gz=-0.0163 | peaks: [-2.9621, -1.8764, -2.2413] | yaw=-21.9 pitch=-55.3 roll=+87.6 | mag=0.1306
22:41:55 [INFO] GYRO_DIAG: gx=-0.0026 gy=-0.0019 gz=+0.0100 | peaks: [-2.9621, -1.8764, -2.2413] | yaw=-30.7 pitch=-24.4 roll=+98.6 | mag=0.0105
22:41:56 [INFO] Loop OK - px_off=-59px, zoom=1.0, tracking=True, fps=60, has_frame=True
22:41:56 [INFO] IMU diag: gy=-0.0025 gx=-0.0057 px_off=-59px gain=0.87 decay=1.0000 dead=0.04 mag=0.0107 resp=0.000 yaw_out=-59 imu=261841
22:41:56 [INFO] GYRO_DIAG: gx=-0.0057 gy=-0.0025 gz=+0.0002 | peaks: [-2.9621, -1.8764, -2.2413] | yaw=-35.0 pitch=-16.9 roll=+103.4 | mag=0.0062
22:41:57 [INFO] GYRO_DIAG: gx=-0.0032 gy=-0.0000 gz=+0.0002 | peaks: [-2.9621, -1.8764, -2.2413] | yaw=-38.5 pitch=-12.2 roll=+104.5 | mag=0.0033
22:41:58 [INFO] GYRO_DIAG: gx=-0.0118 gy=-0.0251 gz=-0.0187 | peaks: [-2.9621, -1.8764, -2.2413] | yaw=-19.4 pitch=-12.4 roll=+119.3 | mag=0.0335
22:41:59 [INFO] GYRO_DIAG: gx=-0.0014 gy=-0.0355 gz=-0.0322 | peaks: [-2.9621, -1.8764, -2.2413] | yaw=-46.9 pitch=-9.1 roll=+107.5 | mag=0.0479
22:42:00 [INFO] GYRO_DIAG: gx=-0.0063 gy=-0.0220 gz=-0.0041 | peaks: [-2.9621, -1.8764, -2.2413] | yaw=-52.9 pitch=-10.5 roll=+104.5 | mag=0.0233
22:42:01 [INFO] GYRO_DIAG: gx=-0.0051 gy=+0.0061 gz=-0.0022 | peaks: [-2.9621, -1.8764, -2.2413] | yaw=-55.4 pitch=-10.0 roll=+106.7 | mag=0.0082
22:42:02 [INFO] GYRO_DIAG: gx=-0.0014 gy=-0.0074 gz=-0.0016 | peaks: [-2.9621, -1.8764, -2.2413] | yaw=-56.3 pitch=-8.7 roll=+107.0 | mag=0.0077
22:42:03 [INFO] GYRO_DIAG: gx=-0.0130 gy=-0.0013 gz=-0.0053 | peaks: [-2.9621, -1.8764, -2.2413] | yaw=-59.5 pitch=-7.3 roll=+106.6 | mag=0.0141
22:42:04 [INFO] GYRO_DIAG: gx=-0.0045 gy=-0.0037 gz=-0.0004 | peaks: [-2.9621, -1.8764, -2.2413] | yaw=-61.0 pitch=-8.2 roll=+106.8 | mag=0.0058
22:42:05 [INFO] GYRO_DIAG: gx=-0.0002 gy=+0.0085 gz=+0.0008 | peaks: [-2.9621, -1.8764, -2.2413] | yaw=-62.0 pitch=-6.9 roll=+107.2 | mag=0.0086
22:42:06 [INFO] Loop OK - px_off=-45px, zoom=1.0, tracking=True, fps=60, has_frame=True
22:42:06 [INFO] IMU diag: gy=+0.0048 gx=-0.0136 px_off=-45px gain=0.87 decay=1.0000 dead=0.04 mag=0.0166 resp=0.000 yaw_out=-45 imu=266771
22:42:06 [INFO] GYRO_DIAG: gx=+0.0022 gy=-0.0129 gz=-0.0096 | peaks: [-2.9621, -1.8764, -2.2413] | yaw=-62.6 pitch=-5.7 roll=+108.0 | mag=0.0162
22:42:07 [INFO] GYRO_DIAG: gx=-0.0045 gy=+0.0134 gz=-0.0010 | peaks: [-2.9621, -1.8764, -2.2413] | yaw=-48.6 pitch=+14.0 roll=+114.1 | mag=0.0142
22:42:08 [INFO] GYRO_DIAG: gx=-0.0045 gy=-0.0092 gz=-0.0028 | peaks: [-2.9621, -1.8764, -2.2413] | yaw=-53.5 pitch=-2.1 roll=+110.2 | mag=0.0106
22:42:09 [INFO] GYRO_DIAG: gx=-0.0057 gy=-0.0086 gz=+0.0014 | peaks: [-2.9621, -1.8764, -2.2413] | yaw=-57.0 pitch=-7.0 roll=+108.6 | mag=0.0104
22:42:10 [INFO] GYRO_DIAG: gx=-0.0063 gy=-0.0043 gz=-0.0010 | peaks: [-2.9621, -1.8764, -2.2413] | yaw=-62.0 pitch=-9.6 roll=+107.6 | mag=0.0077
22:42:11 [INFO] GYRO_DIAG: gx=-0.0063 gy=-0.0062 gz=-0.0071 | peaks: [-2.9621, -1.8764, -2.2413] | yaw=-64.5 pitch=-8.4 roll=+107.9 | mag=0.0113
22:42:12 [INFO] GYRO_DIAG: gx=-0.0081 gy=-0.0074 gz=-0.0102 | peaks: [-2.9621, -1.8764, -2.2413] | yaw=-67.9 pitch=-9.0 roll=+107.4 | mag=0.0150
22:42:13 [INFO] GYRO_DIAG: gx=+0.0035 gy=+0.0103 gz=+0.0045 | peaks: [-2.9621, -1.8764, -2.2413] | yaw=-70.8 pitch=-9.4 roll=+107.6 | mag=0.0118
22:42:14 [INFO] GYRO_DIAG: gx=-0.0032 gy=-0.0031 gz=+0.0014 | peaks: [-2.9621, -1.8764, -2.2413] | yaw=-72.2 pitch=-7.8 roll=+108.0 | mag=0.0047
22:42:15 [INFO] GYRO_DIAG: gx=-0.0142 gy=-0.0068 gz=+0.0008 | peaks: [-2.9621, -1.8764, -2.2413] | yaw=-76.0 pitch=-8.3 roll=+107.8 | mag=0.0158
22:42:16 [INFO] Loop OK - px_off=-40px, zoom=1.0, tracking=True, fps=60, has_frame=True
22:42:16 [INFO] IMU diag: gy=-0.0043 gx=-0.0057 px_off=-40px gain=0.87 decay=1.0000 dead=0.04 mag=0.0074 resp=0.000 yaw_out=-40 imu=271700
22:42:16 [INFO] GYRO_DIAG: gx=-0.0032 gy=-0.0062 gz=-0.0010 | peaks: [-2.9621, -1.8764, -2.2413] | yaw=-78.4 pitch=-8.2 roll=+107.7 | mag=0.0070
22:42:18 [INFO] GYRO_DIAG: gx=+0.0016 gy=+0.0134 gz=+0.0106 | peaks: [-2.9621, -1.8764, -2.2413] | yaw=-79.0 pitch=-6.6 roll=+109.1 | mag=0.0172
22:42:19 [INFO] GYRO_DIAG: gx=-0.0032 gy=-0.0074 gz=+0.0008 | peaks: [-2.9621, -1.8764, -2.2413] | yaw=-82.8 pitch=-7.9 roll=+108.1 | mag=0.0081
22:42:20 [INFO] GYRO_DIAG: gx=-0.0020 gy=-0.0092 gz=-0.0114 | peaks: [-2.9621, -1.8764, -2.2413] | yaw=-85.5 pitch=-7.4 roll=+107.8 | mag=0.0148
22:42:21 [INFO] GYRO_DIAG: gx=+0.0059 gy=-0.0288 gz=-0.0022 | peaks: [-2.9621, -1.8764, -2.2413] | yaw=-88.6 pitch=-5.6 roll=+108.0 | mag=0.0294
22:42:22 [INFO] GYRO_DIAG: gx=-0.0130 gy=-0.0074 gz=-0.0016 | peaks: [-2.9621, -1.8764, -2.2413] | yaw=-91.6 pitch=-8.6 roll=+107.5 | mag=0.0151
22:42:23 [INFO] GYRO_DIAG: gx=-0.0155 gy=-0.0471 gz=-0.0535 | peaks: [-2.9621, -1.8764, -2.2413] | yaw=-88.0 pitch=-7.3 roll=+103.8 | mag=0.0730
22:42:24 [INFO] GYRO_DIAG: gx=+0.0004 gy=-0.0031 gz=-0.0047 | peaks: [-2.9621, -1.8764, -2.2413] | yaw=-86.0 pitch=-6.1 roll=+105.2 | mag=0.0056
22:42:25 [INFO] GYRO_DIAG: gx=-0.0069 gy=-0.0141 gz=-0.0071 | peaks: [-2.9621, -1.8764, -2.2413] | yaw=-89.5 pitch=-6.6 roll=+105.3 | mag=0.0172
22:42:26 [INFO] GYRO_DIAG: gx=-0.0020 gy=-0.0025 gz=-0.0053 | peaks: [-2.9621, -1.8764, -2.2413] | yaw=-91.1 pitch=-5.9 roll=+107.2 | mag=0.0062
22:42:26 [INFO] Loop OK - px_off=-37px, zoom=1.0, tracking=True, fps=60, has_frame=True
22:42:26 [INFO] IMU diag: gy=-0.0092 gx=+0.0004 px_off=-37px gain=0.87 decay=1.0000 dead=0.04 mag=0.0156 resp=0.000 yaw_out=-37 imu=276631
22:42:27 [INFO] GYRO_DIAG: gx=-0.0051 gy=-0.0159 gz=-0.0102 | peaks: [-2.9621, -1.8764, -2.2413] | yaw=-93.7 pitch=-6.8 roll=+107.5 | mag=0.0196
22:42:28 [INFO] GYRO_DIAG: gx=-0.0191 gy=-0.0477 gz=+0.0375 | peaks: [-2.9621, -1.8764, -2.2413] | yaw=-91.7 pitch=-9.3 roll=+110.3 | mag=0.0636
22:42:29 [INFO] GYRO_DIAG: gx=-0.0167 gy=-0.0288 gz=-0.0297 | peaks: [-2.9621, -1.8764, -2.2413] | yaw=-99.1 pitch=-7.7 roll=+111.3 | mag=0.0446
22:42:30 [INFO] GYRO_DIAG: gx=-0.0191 gy=-0.0214 gz=-0.0163 | peaks: [-2.9621, -1.8764, -2.2413] | yaw=-101.2 pitch=-9.4 roll=+110.9 | mag=0.0330
22:42:31 [INFO] GYRO_DIAG: gx=+0.0194 gy=-0.0373 gz=-0.0187 | peaks: [-2.9621, -1.8764, -2.2413] | yaw=-99.9 pitch=-8.6 roll=+109.9 | mag=0.0460
22:42:31 [INFO] Hotkeys triggered: {'toggle_settings'}
22:42:31 [INFO] Settings panel: shown (click-through: OFF)
22:42:32 [INFO] GYRO_DIAG: gx=-0.0051 gy=-0.0055 gz=+0.0045 | peaks: [-2.9621, -1.8764, -2.2413] | yaw=-102.4 pitch=-7.5 roll=+109.7 | mag=0.0088
22:42:33 [INFO] GYRO_DIAG: gx=-0.0014 gy=+0.4037 gz=+0.3368 | peaks: [-2.9621, -1.8764, -2.2413] | yaw=+59.0 pitch=-7.5 roll=+182.8 | mag=0.5258
22:42:34 [INFO] GYRO_DIAG: gx=-0.0124 gy=+0.0036 gz=+0.0088 | peaks: [-2.9621, -1.8764, -2.2413] | yaw=+118.0 pitch=-17.1 roll=+190.8 | mag=0.0156
22:42:35 [INFO] GYRO_DIAG: gx=-0.0045 gy=-0.0159 gz=-0.0053 | peaks: [-2.9621, -1.8764, -2.2413] | yaw=+117.6 pitch=-23.0 roll=+157.6 | mag=0.0174
22:42:36 [INFO] GYRO_DIAG: gx=+0.0841 gy=-1.2932 gz=-0.8886 | peaks: [-2.9621, -1.8764, -2.2413] | yaw=-47.6 pitch=-29.3 roll=+40.4 | mag=1.5714
22:42:36 [INFO] Loop OK - px_off=-580px, zoom=1.0, tracking=True, fps=60, has_frame=True
22:42:36 [INFO] IMU diag: gy=-1.0165 gx=-0.0717 px_off=-595px gain=0.87 decay=1.0000 dead=0.04 mag=1.4444 resp=1.000 yaw_out=-595 imu=281564
22:42:37 [INFO] GYRO_DIAG: gx=-0.0741 gy=+1.1771 gz=+1.0179 | peaks: [-2.9621, -1.8764, -2.2413] | yaw=+23.7 pitch=-23.3 roll=+139.5 | mag=1.5579
22:42:38 [INFO] GYRO_DIAG: gx=-0.0069 gy=+0.0207 gz=+0.0082 | peaks: [-2.9621, -1.8764, -2.2413] | yaw=+113.1 pitch=-27.9 roll=+179.2 | mag=0.0233
22:42:39 [INFO] GYRO_DIAG: gx=-0.0185 gy=+0.0177 gz=+0.0130 | peaks: [-2.9621, -1.8764, -2.2413] | yaw=+111.9 pitch=-28.3 roll=+150.5 | mag=0.0287
22:42:40 [INFO] GYRO_DIAG: gx=-0.0155 gy=+0.0012 gz=+0.0063 | peaks: [-2.9621, -1.8764, -2.2413] | yaw=+111.1 pitch=-29.9 roll=+133.3 | mag=0.0168
22:42:41 [INFO] GYRO_DIAG: gx=+0.0016 gy=-0.1063 gz=-0.0877 | peaks: [-2.9621, -1.8764, -2.2413] | yaw=+107.3 pitch=-30.9 roll=+119.8 | mag=0.1379
22:42:42 [INFO] GYRO_DIAG: gx=-0.0533 gy=+0.0201 gz=+0.1004 | peaks: [-2.9621, -1.8764, -2.2413] | yaw=-56.0 pitch=-16.3 roll=+24.1 | mag=0.1155
22:42:43 [INFO] GYRO_DIAG: gx=-0.0014 gy=+0.0128 gz=+0.0057 | peaks: [-2.9621, -1.8764, -2.2413] | yaw=-67.3 pitch=-18.7 roll=+59.1 | mag=0.0141
22:42:44 [INFO] GYRO_DIAG: gx=+0.0016 gy=-0.0086 gz=-0.0034 | peaks: [-2.9621, -1.8764, -2.2413] | yaw=-70.8 pitch=-15.1 roll=+77.3 | mag=0.0094
22:42:45 [INFO] GYRO_DIAG: gx=-0.0063 gy=+0.0103 gz=-0.0010 | peaks: [-2.9621, -1.8764, -2.2413] | yaw=-71.1 pitch=-13.2 roll=+90.5 | mag=0.0122
22:42:46 [INFO] Loop OK - px_off=288px, zoom=1.0, tracking=True, fps=60, has_frame=True
22:42:46 [INFO] IMU diag: gy=+0.3854 gx=-0.0692 px_off=291px gain=0.87 decay=1.0000 dead=0.04 mag=0.5110 resp=0.583 yaw_out=291 imu=286494
22:42:46 [INFO] GYRO_DIAG: gx=-0.0613 gy=+0.3506 gz=+0.2977 | peaks: [-2.9621, -1.8764, -2.2413] | yaw=+102.6 pitch=-23.0 roll=+216.1 | mag=0.4640
22:42:47 [INFO] GYRO_DIAG: gx=+0.0047 gy=+0.0152 gz=+0.0014 | peaks: [-2.9621, -1.8764, -2.2413] | yaw=+118.0 pitch=-26.6 roll=+177.5 | mag=0.0160
22:42:48 [INFO] GYRO_DIAG: gx=-0.1254 gy=-1.4289 gz=-1.0224 | peaks: [-2.9621, -1.8764, -2.2413] | yaw=+19.5 pitch=-38.6 roll=+80.5 | mag=1.7614
22:42:49 [INFO] GYRO_DIAG: gx=-0.7332 gy=+0.8515 gz=+0.5054 | peaks: [-2.9621, -1.8764, -2.2413] | yaw=-130.3 pitch=-55.5 roll=+21.9 | mag=1.2321
22:42:50 [INFO] GYRO_DIAG: gx=+0.0077 gy=-0.0074 gz=-0.0034 | peaks: [-2.9621, -1.8764, -2.2413] | yaw=+158.8 pitch=-21.9 roll=+168.1 | mag=0.0112
22:42:51 [INFO] GYRO_DIAG: gx=+0.0004 gy=-0.0343 gz=-0.0303 | peaks: [-2.9621, -1.8764, -2.2413] | yaw=+156.2 pitch=-19.1 roll=+138.6 | mag=0.0457
22:42:52 [INFO] GYRO_DIAG: gx=-0.0069 gy=-0.0147 gz=-0.0157 | peaks: [-2.9621, -1.8764, -2.2413] | yaw=+142.0 pitch=-18.0 roll=+117.6 | mag=0.0226
22:42:53 [INFO] GYRO_DIAG: gx=-0.0063 gy=+0.0073 gz=-0.0267 | peaks: [-2.9621, -1.8764, -2.2413] | yaw=+127.9 pitch=-20.9 roll=+110.3 | mag=0.0283
22:42:54 [INFO] GYRO_DIAG: gx=-0.0197 gy=+0.0055 gz=+0.0057 | peaks: [-2.9621, -1.8764, -2.2413] | yaw=+115.9 pitch=-21.0 roll=+103.3 | mag=0.0213
22:42:55 [INFO] GYRO_DIAG: gx=-0.0008 gy=+0.0036 gz=+0.0075 | peaks: [-2.9621, -1.8764, -2.2413] | yaw=+119.0 pitch=-22.7 roll=+106.8 | mag=0.0084
22:42:56 [INFO] Loop OK - px_off=118px, zoom=1.0, tracking=True, fps=60, has_frame=True
22:42:56 [INFO] IMU diag: gy=+0.0024 gx=-0.0100 px_off=117px gain=0.87 decay=1.0000 dead=0.04 mag=0.0115 resp=0.000 yaw_out=117 imu=291424
22:42:56 [INFO] GYRO_DIAG: gx=-0.0149 gy=+0.0110 gz=+0.0143 | peaks: [-2.9621, -1.8764, -2.2413] | yaw=+120.1 pitch=-25.5 roll=+108.8 | mag=0.0233
22:42:57 [INFO] GYRO_DIAG: gx=-0.0069 gy=-0.0208 gz=-0.0120 | peaks: [-2.9621, -1.8764, -2.2413] | yaw=+117.5 pitch=-26.6 roll=+107.5 | mag=0.0250
22:42:58 [INFO] GYRO_DIAG: gx=-0.0136 gy=+0.0012 gz=+0.0143 | peaks: [-2.9621, -1.8764, -2.2413] | yaw=+113.9 pitch=-25.2 roll=+105.7 | mag=0.0198
22:42:59 [INFO] GYRO_DIAG: gx=+0.0206 gy=-0.3464 gz=-0.2142 | peaks: [-2.9621, -1.8764, -2.2413] | yaw=+72.0 pitch=-23.8 roll=+83.4 | mag=0.4078
22:43:00 [INFO] GYRO_DIAG: gx=-0.0149 gy=+0.0183 gz=+0.0247 | peaks: [-2.9621, -1.8764, -2.2413] | yaw=-38.0 pitch=-11.7 roll=+60.1 | mag=0.0341
22:43:01 [INFO] GYRO_DIAG: gx=-0.0155 gy=+0.0183 gz=+0.0240 | peaks: [-2.9621, -1.8764, -2.2413] | yaw=-41.6 pitch=-9.5 roll=+81.1 | mag=0.0339
22:43:02 [INFO] Hotkeys triggered: {'toggle_settings'}
22:43:02 [INFO] Settings panel: hidden (click-through: ON)
22:43:02 [INFO] GYRO_DIAG: gx=-0.0051 gy=+0.0091 gz=+0.0027 | peaks: [-2.9621, -1.8764, -2.2413] | yaw=-39.9 pitch=-11.7 roll=+91.3 | mag=0.0108
22:43:03 [INFO] GYRO_DIAG: gx=+0.0010 gy=-0.0184 gz=-0.0089 | peaks: [-2.9621, -1.8764, -2.2413] | yaw=-40.7 pitch=-12.6 roll=+97.5 | mag=0.0205
22:43:04 [INFO] GYRO_DIAG: gx=-0.0161 gy=-0.0226 gz=+0.0075 | peaks: [-2.9621, -1.8764, -2.2413] | yaw=-47.2 pitch=-11.6 roll=+100.4 | mag=0.0288
22:43:05 [INFO] GYRO_DIAG: gx=-0.0002 gy=+0.0006 gz=-0.0144 | peaks: [-2.9621, -1.8764, -2.2413] | yaw=-51.2 pitch=-13.9 roll=+105.1 | mag=0.0145
22:43:06 [INFO] Loop OK - px_off=-99px, zoom=1.0, tracking=True, fps=60, has_frame=True
22:43:06 [INFO] IMU diag: gy=+0.0152 gx=+0.0187 px_off=-99px gain=0.87 decay=1.0000 dead=0.04 mag=0.0280 resp=0.000 yaw_out=-99 imu=296353
22:43:06 [INFO] GYRO_DIAG: gx=-0.0417 gy=+0.0226 gz=+0.0027 | peaks: [-2.9621, -1.8764, -2.2413] | yaw=-58.8 pitch=+5.7 roll=+112.4 | mag=0.0475
22:43:07 [INFO] GYRO_DIAG: gx=-0.0149 gy=+0.0079 gz=-0.0034 | peaks: [-2.9621, -1.8764, -2.2413] | yaw=-58.1 pitch=-8.9 roll=+110.7 | mag=0.0172
22:43:08 [INFO] GYRO_DIAG: gx=-0.2684 gy=-0.2627 gz=-0.1543 | peaks: [-2.9621, -1.8764, -2.2413] | yaw=-114.1 pitch=-99.3 roll=+80.2 | mag=0.4060
22:43:09 [INFO] GYRO_DIAG: gx=+0.0297 gy=+0.0177 gz=+0.0075 | peaks: [-2.9621, -1.8764, -2.2413] | yaw=-111.9 pitch=-36.7 roll=+92.1 | mag=0.0354
22:43:10 [INFO] GYRO_DIAG: gx=-0.0992 gy=-0.0452 gz=-0.0487 | peaks: [-2.9621, -1.8764, -2.2413] | yaw=-109.1 pitch=+10.7 roll=+115.8 | mag=0.1194
22:43:11 [INFO] GYRO_DIAG: gx=-0.0014 gy=+0.0085 gz=+0.0039 | peaks: [-2.9621, -1.8764, -2.2413] | yaw=-119.2 pitch=-10.7 roll=+106.0 | mag=0.0095
22:43:12 [INFO] GYRO_DIAG: gx=+0.0139 gy=-0.0037 gz=+0.0454 | peaks: [-2.9621, -1.8764, -2.2413] | yaw=-106.5 pitch=+13.2 roll=+125.2 | mag=0.0476
22:43:13 [INFO] GYRO_DIAG: gx=-0.0081 gy=+0.0006 gz=-0.0108 | peaks: [-2.9621, -1.8764, -2.2413] | yaw=-113.4 pitch=-2.5 roll=+116.8 | mag=0.0135
22:43:14 [INFO] GYRO_DIAG: gx=-0.0252 gy=+0.0073 gz=+0.0051 | peaks: [-2.9621, -1.8764, -2.2413] | yaw=-115.2 pitch=-11.3 roll=+110.9 | mag=0.0268
22:43:15 [INFO] GYRO_DIAG: gx=-0.0069 gy=-0.0031 gz=-0.0004 | peaks: [-2.9621, -1.8764, -2.2413] | yaw=-116.6 pitch=-12.1 roll=+109.8 | mag=0.0076
22:43:16 [INFO] Loop OK - px_off=-89px, zoom=1.0, tracking=True, fps=60, has_frame=True
22:43:16 [INFO] IMU diag: gy=-0.0135 gx=-0.0063 px_off=-89px gain=0.87 decay=1.0000 dead=0.04 mag=0.0171 resp=0.000 yaw_out=-89 imu=301283
22:43:16 [INFO] GYRO_DIAG: gx=-0.0081 gy=-0.0037 gz=-0.0157 | peaks: [-2.9621, -1.8764, -2.2413] | yaw=-118.6 pitch=-12.3 roll=+109.0 | mag=0.0180
22:43:17 [INFO] GYRO_DIAG: gx=-0.0124 gy=-0.0074 gz=-0.0108 | peaks: [-2.9621, -1.8764, -2.2413] | yaw=-121.2 pitch=-13.3 roll=+108.6 | mag=0.0180
22:43:18 [INFO] GYRO_DIAG: gx=-0.0069 gy=+0.0024 gz=-0.0102 | peaks: [-2.9621, -1.8764, -2.2413] | yaw=-122.7 pitch=-14.8 roll=+107.6 | mag=0.0125
22:43:19 [INFO] GYRO_DIAG: gx=-0.0320 gy=+0.9205 gz=+0.3924 | peaks: [-2.9621, -1.8764, -2.2413] | yaw=-76.2 pitch=-13.6 roll=+121.5 | mag=1.0012
22:43:20 [INFO] GYRO_DIAG: gx=+0.0016 gy=+0.0055 gz=-0.0053 | peaks: [-2.9621, -1.8764, -2.2413] | yaw=+67.4 pitch=-45.8 roll=+182.3 | mag=0.0078
22:43:21 [INFO] GYRO_DIAG: gx=+0.0084 gy=-0.0007 gz=-0.0022 | peaks: [-2.9621, -1.8764, -2.2413] | yaw=-81.1 pitch=-7.0 roll=+64.7 | mag=0.0087
22:43:22 [INFO] GYRO_DIAG: gx=+0.0022 gy=-0.0165 gz=-0.0083 | peaks: [-2.9621, -1.8764, -2.2413] | yaw=-80.3 pitch=-10.2 roll=+84.3 | mag=0.0187
22:43:23 [INFO] GYRO_DIAG: gx=-0.0191 gy=-0.0129 gz=-0.0071 | peaks: [-2.9621, -1.8764, -2.2413] | yaw=-79.9 pitch=-12.5 roll=+95.8 | mag=0.0241
22:43:24 [INFO] GYRO_DIAG: gx=+0.0016 gy=-0.0043 gz=+0.0014 | peaks: [-2.9621, -1.8764, -2.2413] | yaw=-82.4 pitch=-15.7 roll=+100.4 | mag=0.0048
22:43:25 [INFO] GYRO_DIAG: gx=-0.0094 gy=-0.0025 gz=-0.0114 | peaks: [-2.9621, -1.8764, -2.2413] | yaw=-82.8 pitch=-16.0 roll=+104.0 | mag=0.0149
22:43:26 [INFO] Loop OK - px_off=-13px, zoom=1.0, tracking=True, fps=60, has_frame=True
22:43:26 [INFO] IMU diag: gy=+0.0018 gx=-0.0039 px_off=-13px gain=0.87 decay=1.0000 dead=0.04 mag=0.0048 resp=0.000 yaw_out=-13 imu=306213
22:43:26 [INFO] GYRO_DIAG: gx=-0.0100 gy=-0.0123 gz=-0.0089 | peaks: [-2.9621, -1.8764, -2.2413] | yaw=-83.3 pitch=-17.0 roll=+105.9 | mag=0.0182
22:43:27 [INFO] GYRO_DIAG: gx=-0.0161 gy=-0.0226 gz=-0.0022 | peaks: [-2.9621, -1.8764, -2.2413] | yaw=-87.3 pitch=-18.8 roll=+105.9 | mag=0.0279
22:43:28 [INFO] GYRO_DIAG: gx=+0.0029 gy=-0.0043 gz=+0.0063 | peaks: [-2.9621, -1.8764, -2.2413] | yaw=-91.4 pitch=-12.8 roll=+105.6 | mag=0.0082
22:43:30 [INFO] GYRO_DIAG: gx=-0.0020 gy=-0.0007 gz=-0.0077 | peaks: [-2.9621, -1.8764, -2.2413] | yaw=-93.1 pitch=-15.4 roll=+106.5 | mag=0.0080
22:43:31 [INFO] GYRO_DIAG: gx=-0.0032 gy=-0.0007 gz=-0.0041 | peaks: [-2.9621, -1.8764, -2.2413] | yaw=-95.1 pitch=-15.9 roll=+106.6 | mag=0.0052
22:43:32 [INFO] GYRO_DIAG: gx=+0.0004 gy=-0.0031 gz=+0.0069 | peaks: [-2.9621, -1.8764, -2.2413] | yaw=-95.6 pitch=-15.3 roll=+107.9 | mag=0.0076
22:43:33 [INFO] GYRO_DIAG: gx=-0.0161 gy=-0.0104 gz=-0.0163 | peaks: [-2.9621, -1.8764, -2.2413] | yaw=-97.9 pitch=-16.2 roll=+106.9 | mag=0.0251
22:43:34 [INFO] GYRO_DIAG: gx=-0.0063 gy=-0.0013 gz=-0.0028 | peaks: [-2.9621, -1.8764, -2.2413] | yaw=-98.7 pitch=-15.8 roll=+106.9 | mag=0.0070
22:43:35 [INFO] GYRO_DIAG: gx=-0.0136 gy=-0.0062 gz=+0.0051 | peaks: [-2.9621, -1.8764, -2.2413] | yaw=-101.1 pitch=-15.5 roll=+107.6 | mag=0.0158
22:43:36 [INFO] GYRO_DIAG: gx=-0.0106 gy=+0.0030 gz=+0.0057 | peaks: [-2.9621, -1.8764, -2.2413] | yaw=-103.4 pitch=-16.8 roll=+107.0 | mag=0.0124
22:43:36 [INFO] Loop OK - px_off=-13px, zoom=1.0, tracking=True, fps=60, has_frame=True
22:43:36 [INFO] IMU diag: gy=+0.0146 gx=-0.0026 px_off=-13px gain=0.87 decay=1.0000 dead=0.04 mag=0.0149 resp=0.000 yaw_out=-13 imu=311143
22:43:37 [INFO] GYRO_DIAG: gx=-0.0002 gy=-0.0092 gz=-0.0053 | peaks: [-2.9621, -1.8764, -2.2413] | yaw=-103.9 pitch=-15.4 roll=+107.5 | mag=0.0106
22:43:38 [INFO] GYRO_DIAG: gx=+0.0413 gy=+0.0128 gz=-0.0089 | peaks: [-2.9621, -1.8764, -2.2413] | yaw=-111.5 pitch=-22.1 roll=+97.2 | mag=0.0442
22:43:39 [INFO] GYRO_DIAG: gx=-0.0087 gy=+0.0311 gz=+0.0094 | peaks: [-2.9621, -1.8764, -2.2413] | yaw=-105.9 pitch=-16.0 roll=+105.2 | mag=0.0337
22:43:40 [INFO] GYRO_DIAG: gx=+0.0175 gy=-0.0178 gz=-0.0157 | peaks: [-2.9621, -1.8764, -2.2413] | yaw=-103.2 pitch=-15.0 roll=+106.3 | mag=0.0295
22:43:41 [INFO] GYRO_DIAG: gx=-0.0295 gy=-0.0141 gz=+0.0008 | peaks: [-2.9621, -1.8764, -2.2413] | yaw=-103.4 pitch=-16.2 roll=+108.3 | mag=0.0327
22:43:42 [INFO] GYRO_DIAG: gx=-0.1951 gy=-0.0654 gz=-0.0279 | peaks: [-2.9621, -1.8764, -2.2413] | yaw=-216.5 pitch=-211.3 roll=+30.7 | mag=0.2076
22:43:43 [INFO] GYRO_DIAG: gx=+0.3779 gy=-0.0642 gz=+0.0039 | peaks: [-2.9621, -1.8764, -2.2413] | yaw=-191.6 pitch=-69.3 roll=+67.6 | mag=0.3834
22:43:44 [INFO] GYRO_DIAG: gx=+0.0481 gy=+0.0336 gz=+0.0375 | peaks: [-2.9621, -1.8764, -2.2413] | yaw=-151.5 pitch=+111.5 roll=+98.7 | mag=0.0696
22:43:45 [INFO] GYRO_DIAG: gx=-0.4241 gy=+0.0678 gz=-0.0462 | peaks: [-2.9621, -1.8764, -2.2413] | yaw=-138.8 pitch=-49.8 roll=+95.6 | mag=0.4320
22:43:46 [INFO] GYRO_DIAG: gx=-0.0106 gy=-0.0092 gz=-0.0016 | peaks: [-2.9621, -1.8764, -2.2413] | yaw=-137.6 pitch=-85.7 roll=+88.3 | mag=0.0141
22:43:46 [INFO] Loop OK - px_off=-82px, zoom=1.0, tracking=True, fps=60, has_frame=True
22:43:46 [INFO] IMU diag: gy=+0.0061 gx=+0.0004 px_off=-82px gain=0.87 decay=1.0000 dead=0.04 mag=0.0069 resp=0.000 yaw_out=-82 imu=316077
22:43:47 [INFO] GYRO_DIAG: gx=-0.0020 gy=-0.0049 gz=-0.0071 | peaks: [-2.9621, -1.8764, -2.2413] | yaw=-139.3 pitch=-56.1 roll=+88.3 | mag=0.0089
22:43:48 [INFO] GYRO_DIAG: gx=-0.0100 gy=-0.0098 gz=-0.0071 | peaks: [-2.9621, -1.8764, -2.2413] | yaw=-140.0 pitch=-40.0 roll=+89.1 | mag=0.0157
22:43:49 [INFO] GYRO_DIAG: gx=-0.0179 gy=-0.0043 gz=+0.0045 | peaks: [-2.9621, -1.8764, -2.2413] | yaw=-142.3 pitch=-28.0 roll=+88.4 | mag=0.0190
22:43:50 [INFO] GYRO_DIAG: gx=-0.0216 gy=+0.0012 gz=+0.0088 | peaks: [-2.9621, -1.8764, -2.2413] | yaw=-143.5 pitch=-24.9 roll=+88.2 | mag=0.0233
22:43:51 [INFO] GYRO_DIAG: gx=-0.0026 gy=+0.0085 gz=+0.0021 | peaks: [-2.9621, -1.8764, -2.2413] | yaw=-146.1 pitch=-19.3 roll=+88.1 | mag=0.0091
22:43:52 [INFO] GYRO_DIAG: gx=+0.0035 gy=-0.0110 gz=-0.0034 | peaks: [-2.9621, -1.8764, -2.2413] | yaw=-149.0 pitch=-14.6 roll=+86.6 | mag=0.0121
22:43:53 [INFO] GYRO_DIAG: gx=-0.0014 gy=+0.0140 gz=-0.0083 | peaks: [-2.9621, -1.8764, -2.2413] | yaw=-152.1 pitch=-13.2 roll=+87.4 | mag=0.0164
22:43:54 [INFO] GYRO_DIAG: gx=+0.0377 gy=+0.0110 gz=-0.0114 | peaks: [-2.9621, -1.8764, -2.2413] | yaw=-160.5 pitch=-1.3 roll=+82.9 | mag=0.0409
22:43:55 [INFO] GYRO_DIAG: gx=-0.0032 gy=+0.0158 gz=-0.0041 | peaks: [-2.9621, -1.8764, -2.2413] | yaw=-161.8 pitch=-4.7 roll=+86.3 | mag=0.0167
22:43:56 [INFO] GYRO_DIAG: gx=+0.0927 gy=-0.2908 gz=+0.0253 | peaks: [-2.9621, -1.8764, -2.2413] | yaw=-174.9 pitch=-4.6 roll=+88.3 | mag=0.3063
22:43:56 [INFO] Loop OK - px_off=-68px, zoom=1.0, tracking=True, fps=60, has_frame=True
22:43:56 [INFO] IMU diag: gy=-0.3440 gx=+0.1996 px_off=-72px gain=0.87 decay=1.0000 dead=0.04 mag=0.3981 resp=0.386 yaw_out=-72 imu=321012
22:43:57 [INFO] GYRO_DIAG: gx=-0.2427 gy=-0.0025 gz=-0.0890 | peaks: [-2.9621, -1.8764, -2.2413] | yaw=-196.1 pitch=+128.6 roll=+106.3 | mag=0.2585
22:43:58 [INFO] GYRO_DIAG: gx=+0.0975 gy=-0.0007 gz=+0.0393 | peaks: [-2.9621, -1.8764, -2.2413] | yaw=-188.7 pitch=+26.7 roll=+97.0 | mag=0.1052
22:43:59 [INFO] GYRO_DIAG: gx=-0.0344 gy=-0.0025 gz=+0.0100 | peaks: [-2.9621, -1.8764, -2.2413] | yaw=-185.1 pitch=+27.1 roll=+102.3 | mag=0.0359
22:44:00 [INFO] GYRO_DIAG: gx=+0.0523 gy=+0.0299 gz=+0.0149 | peaks: [-2.9621, -1.8764, -2.2413] | yaw=-178.9 pitch=+14.6 roll=+103.5 | mag=0.0621
22:44:01 [INFO] GYRO_DIAG: gx=+0.0047 gy=-0.0110 gz=-0.0193 | peaks: [-2.9621, -1.8764, -2.2413] | yaw=-184.9 pitch=+31.7 roll=+98.3 | mag=0.0227
22:44:02 [INFO] GYRO_DIAG: gx=-0.2733 gy=+0.0262 gz=+0.0149 | peaks: [-2.9621, -1.8764, -2.2413] | yaw=-191.3 pitch=+15.0 roll=+103.8 | mag=0.2749
22:44:03 [INFO] GYRO_DIAG: gx=-0.0002 gy=-0.0025 gz=+0.0014 | peaks: [-2.9621, -1.8764, -2.2413] | yaw=-196.7 pitch=+10.6 roll=+105.0 | mag=0.0029
22:44:04 [INFO] GYRO_DIAG: gx=-0.0057 gy=+0.0006 gz=+0.0063 | peaks: [-2.9621, -1.8764, -2.2413] | yaw=-201.5 pitch=-0.9 roll=+107.5 | mag=0.0085
22:44:05 [INFO] GYRO_DIAG: gx=+0.0035 gy=-0.0055 gz=+0.0063 | peaks: [-2.9621, -1.8764, -2.2413] | yaw=-205.5 pitch=-2.8 roll=+108.0 | mag=0.0091
22:44:06 [INFO] Loop OK - px_off=-65px, zoom=1.0, tracking=True, fps=60, has_frame=True
22:44:06 [INFO] IMU diag: gy=+0.5051 gx=-0.0875 px_off=-55px gain=0.87 decay=1.0000 dead=0.04 mag=0.5761 resp=0.693 yaw_out=-55 imu=325946
22:44:06 [INFO] GYRO_DIAG: gx=-0.1315 gy=+0.7764 gz=+0.4529 | peaks: [-2.9621, -1.8764, -2.2413] | yaw=-154.2 pitch=-16.0 roll=+136.9 | mag=0.9084
22:44:07 [INFO] GYRO_DIAG: gx=+0.1275 gy=-0.8998 gz=-0.7194 | peaks: [-2.9621, -1.8764, -2.2413] | yaw=-115.2 pitch=-22.4 roll=+122.4 | mag=1.1591
22:44:08 [INFO] GYRO_DIAG: gx=+0.0230 gy=+0.0097 gz=+0.0088 | peaks: [-2.9621, -1.8764, -2.2413] | yaw=-290.8 pitch=-22.7 roll=+28.3 | mag=0.0265
22:44:09 [INFO] GYRO_DIAG: gx=-0.0094 gy=+0.0134 gz=+0.0075 | peaks: [-2.9621, -1.8764, -2.2413] | yaw=-290.7 pitch=-12.1 roll=+64.6 | mag=0.0180
22:44:10 [INFO] GYRO_DIAG: gx=-0.0014 gy=-0.0019 gz=+0.0051 | peaks: [-2.9621, -1.8764, -2.2413] | yaw=-290.9 pitch=-6.7 roll=+83.1 | mag=0.0056
22:44:11 [INFO] GYRO_DIAG: gx=+0.1006 gy=+0.1307 gz=+0.1004 | peaks: [-2.9621, -1.8764, -2.2413] | yaw=-222.6 pitch=+88.2 roll=+149.6 | mag=0.1931
22:44:12 [INFO] GYRO_DIAG: gx=-0.0521 gy=-0.0031 gz=-0.0108 | peaks: [-2.9621, -1.8764, -2.2413] | yaw=-224.4 pitch=+63.8 roll=+139.8 | mag=0.0533
22:44:13 [INFO] GYRO_DIAG: gx=-0.0405 gy=-0.0013 gz=-0.0089 | peaks: [-2.9621, -1.8764, -2.2413] | yaw=-228.5 pitch=+22.2 roll=+128.1 | mag=0.0415
22:44:14 [INFO] GYRO_DIAG: gx=-0.0136 gy=-0.0062 gz=-0.0065 | peaks: [-2.9621, -1.8764, -2.2413] | yaw=-229.5 pitch=+6.4 roll=+124.1 | mag=0.0163
22:44:15 [INFO] GYRO_DIAG: gx=-0.0008 gy=-0.0098 gz=-0.0059 | peaks: [-2.9621, -1.8764, -2.2413] | yaw=-234.4 pitch=-4.5 roll=+121.8 | mag=0.0115
22:44:16 [INFO] Loop OK - px_off=-79px, zoom=1.0, tracking=True, fps=60, has_frame=True
22:44:16 [INFO] IMU diag: gy=-0.0147 gx=-0.0039 px_off=-79px gain=0.87 decay=1.0000 dead=0.04 mag=0.0163 resp=0.000 yaw_out=-79 imu=330878
22:44:16 [INFO] GYRO_DIAG: gx=-0.0032 gy=+0.0055 gz=+0.0045 | peaks: [-2.9621, -1.8764, -2.2413] | yaw=-237.9 pitch=-7.3 roll=+121.0 | mag=0.0078
22:44:17 [INFO] GYRO_DIAG: gx=-0.0228 gy=+0.0012 gz=+0.0039 | peaks: [-2.9621, -1.8764, -2.2413] | yaw=-240.1 pitch=-10.1 roll=+120.1 | mag=0.0232
22:44:18 [INFO] GYRO_DIAG: gx=-0.0051 gy=+0.0323 gz=+0.0069 | peaks: [-2.9621, -1.8764, -2.2413] | yaw=-240.1 pitch=-17.6 roll=+119.5 | mag=0.0335
22:44:19 [INFO] GYRO_DIAG: gx=+0.0035 gy=-0.0000 gz=+0.0063 | peaks: [-2.9621, -1.8764, -2.2413] | yaw=-237.8 pitch=-15.6 roll=+120.1 | mag=0.0072
22:44:20 [INFO] GYRO_DIAG: gx=-0.0124 gy=+0.0030 gz=+0.0027 | peaks: [-2.9621, -1.8764, -2.2413] | yaw=-239.6 pitch=-15.0 roll=+119.1 | mag=0.0130
22:44:21 [INFO] GYRO_DIAG: gx=-0.0069 gy=-0.0104 gz=-0.0163 | peaks: [-2.9621, -1.8764, -2.2413] | yaw=-241.2 pitch=-13.3 roll=+118.2 | mag=0.0205
22:44:22 [INFO] GYRO_DIAG: gx=-0.0118 gy=-0.0269 gz=-0.0028 | peaks: [-2.9621, -1.8764, -2.2413] | yaw=-248.3 pitch=-14.8 roll=+116.2 | mag=0.0295
22:44:23 [INFO] GYRO_DIAG: gx=-0.0081 gy=-0.0116 gz=-0.0053 | peaks: [-2.9621, -1.8764, -2.2413] | yaw=-251.7 pitch=-14.4 roll=+115.8 | mag=0.0152
22:44:24 [INFO] GYRO_DIAG: gx=+0.0053 gy=-0.0037 gz=-0.0065 | peaks: [-2.9621, -1.8764, -2.2413] | yaw=-257.2 pitch=-12.8 roll=+114.9 | mag=0.0092
22:44:25 [INFO] GYRO_DIAG: gx=+0.0022 gy=+0.0055 gz=+0.0069 | peaks: [-2.9621, -1.8764, -2.2413] | yaw=-259.4 pitch=-11.8 roll=+115.9 | mag=0.0091
22:44:26 [INFO] Loop OK - px_off=-61px, zoom=1.0, tracking=True, fps=60, has_frame=True
22:44:26 [INFO] IMU diag: gy=-0.0092 gx=-0.0161 px_off=-61px gain=0.87 decay=1.0000 dead=0.04 mag=0.0193 resp=0.000 yaw_out=-61 imu=335817
22:44:26 [INFO] GYRO_DIAG: gx=-0.0136 gy=+0.0122 gz=-0.0083 | peaks: [-2.9621, -1.8764, -2.2413] | yaw=-262.6 pitch=-13.0 roll=+115.9 | mag=0.0201
22:44:27 [INFO] GYRO_DIAG: gx=-0.0106 gy=-0.0068 gz=-0.0016 | peaks: [-2.9621, -1.8764, -2.2413] | yaw=-264.7 pitch=-11.4 roll=+115.9 | mag=0.0127
22:44:28 [INFO] GYRO_DIAG: gx=-0.0051 gy=-0.0123 gz=+0.0002 | peaks: [-2.9621, -1.8764, -2.2413] | yaw=-266.8 pitch=-10.7 roll=+117.1 | mag=0.0133
22:44:29 [INFO] GYRO_DIAG: gx=-0.0112 gy=+0.0036 gz=+0.0002 | peaks: [-2.9621, -1.8764, -2.2413] | yaw=-267.2 pitch=-11.3 roll=+116.9 | mag=0.0118
22:44:30 [INFO] GYRO_DIAG: gx=-0.0094 gy=+0.0012 gz=+0.0063 | peaks: [-2.9621, -1.8764, -2.2413] | yaw=-269.1 pitch=-10.7 roll=+116.6 | mag=0.0114
22:44:31 [INFO] GYRO_DIAG: gx=-0.0087 gy=-0.0049 gz=+0.0014 | peaks: [-2.9621, -1.8764, -2.2413] | yaw=-270.7 pitch=-10.4 roll=+117.4 | mag=0.0101
22:44:32 [INFO] GYRO_DIAG: gx=-0.0075 gy=-0.0055 gz=-0.0077 | peaks: [-2.9621, -1.8764, -2.2413] | yaw=-274.9 pitch=-12.3 roll=+116.6 | mag=0.0121
22:44:33 [INFO] GYRO_DIAG: gx=+0.0047 gy=-0.0068 gz=-0.0059 | peaks: [-2.9621, -1.8764, -2.2413] | yaw=-275.8 pitch=-11.2 roll=+116.9 | mag=0.0101
22:44:34 [INFO] GYRO_DIAG: gx=-0.0045 gy=-0.0043 gz=-0.0053 | peaks: [-2.9621, -1.8764, -2.2413] | yaw=-277.8 pitch=-11.1 roll=+117.1 | mag=0.0082
22:44:35 [INFO] GYRO_DIAG: gx=+0.0029 gy=-0.0086 gz=+0.0021 | peaks: [-2.9621, -1.8764, -2.2413] | yaw=-280.5 pitch=-12.3 roll=+116.8 | mag=0.0093
22:44:36 [INFO] Loop OK - px_off=-51px, zoom=1.0, tracking=True, fps=61, has_frame=True
22:44:36 [INFO] IMU diag: gy=+0.0012 gx=+0.0022 px_off=-51px gain=0.87 decay=1.0000 dead=0.04 mag=0.0025 resp=0.000 yaw_out=-51 imu=340751
22:44:36 [INFO] GYRO_DIAG: gx=-0.0051 gy=+0.0024 gz=+0.0021 | peaks: [-2.9621, -1.8764, -2.2413] | yaw=-283.0 pitch=-11.0 roll=+116.9 | mag=0.0060
22:44:37 [INFO] GYRO_DIAG: gx=-0.0032 gy=-0.0000 gz=-0.0102 | peaks: [-2.9621, -1.8764, -2.2413] | yaw=-284.4 pitch=-11.3 roll=+117.4 | mag=0.0107
22:44:38 [INFO] GYRO_DIAG: gx=-0.0014 gy=-0.0110 gz=+0.0021 | peaks: [-2.9621, -1.8764, -2.2413] | yaw=-286.1 pitch=-12.1 roll=+117.0 | mag=0.0113
22:44:39 [INFO] GYRO_DIAG: gx=-0.0069 gy=-0.0049 gz=+0.0033 | peaks: [-2.9621, -1.8764, -2.2413] | yaw=-288.5 pitch=-11.3 roll=+116.6 | mag=0.0091
22:44:40 [INFO] GYRO_DIAG: gx=-0.0124 gy=+0.0042 gz=-0.0010 | peaks: [-2.9621, -1.8764, -2.2413] | yaw=-290.4 pitch=-11.3 roll=+117.2 | mag=0.0132
22:44:41 [INFO] GYRO_DIAG: gx=+0.0022 gy=+0.0134 gz=-0.0096 | peaks: [-2.9621, -1.8764, -2.2413] | yaw=-292.9 pitch=-12.2 roll=+117.3 | mag=0.0166
22:44:42 [INFO] GYRO_DIAG: gx=-0.0081 gy=-0.0080 gz=-0.0108 | peaks: [-2.9621, -1.8764, -2.2413] | yaw=-294.8 pitch=-11.0 roll=+117.1 | mag=0.0157
22:44:43 [INFO] GYRO_DIAG: gx=-0.0069 gy=-0.0104 gz=-0.0157 | peaks: [-2.9621, -1.8764, -2.2413] | yaw=-296.6 pitch=-11.3 roll=+117.7 | mag=0.0200
22:44:45 [INFO] GYRO_DIAG: gx=-0.0155 gy=-0.0074 gz=-0.0065 | peaks: [-2.9621, -1.8764, -2.2413] | yaw=-300.4 pitch=-12.3 roll=+117.0 | mag=0.0183
22:44:46 [INFO] GYRO_DIAG: gx=-0.0100 gy=-0.0068 gz=-0.0028 | peaks: [-2.9621, -1.8764, -2.2413] | yaw=-302.1 pitch=-11.4 roll=+116.5 | mag=0.0124
22:44:46 [INFO] Loop OK - px_off=-45px, zoom=1.0, tracking=True, fps=60, has_frame=True
22:44:46 [INFO] IMU diag: gy=+0.0006 gx=-0.0106 px_off=-45px gain=0.87 decay=1.0000 dead=0.04 mag=0.0139 resp=0.000 yaw_out=-45 imu=345684
22:44:47 [INFO] GYRO_DIAG: gx=-0.0051 gy=-0.0000 gz=+0.0002 | peaks: [-2.9621, -1.8764, -2.2413] | yaw=-305.2 pitch=-10.9 roll=+116.7 | mag=0.0051
22:44:48 [INFO] GYRO_DIAG: gx=-0.0045 gy=+0.0030 gz=+0.0033 | peaks: [-2.9621, -1.8764, -2.2413] | yaw=-307.8 pitch=-12.7 roll=+116.7 | mag=0.0063
22:44:49 [INFO] GYRO_DIAG: gx=-0.0039 gy=-0.0281 gz=-0.0126 | peaks: [-2.9621, -1.8764, -2.2413] | yaw=-269.5 pitch=-14.8 roll=+133.9 | mag=0.0311
22:44:50 [INFO] GYRO_DIAG: gx=-0.0197 gy=+0.0861 gz=+0.0399 | peaks: [-2.9621, -1.8764, -2.2413] | yaw=-281.9 pitch=-14.2 roll=+124.2 | mag=0.0969
22:44:51 [INFO] GYRO_DIAG: gx=-0.0075 gy=-0.0336 gz=-0.0279 | peaks: [-2.9621, -1.8764, -2.2413] | yaw=-23.3 pitch=-59.7 roll=+227.3 | mag=0.0443
22:44:52 [INFO] GYRO_DIAG: gx=-0.0039 gy=-0.0196 gz=-0.0077 | peaks: [-2.9621, -1.8764, -2.2413] | yaw=-31.1 pitch=-50.7 roll=+178.0 | mag=0.0214
22:44:53 [INFO] GYRO_DIAG: gx=+0.0163 gy=-0.5400 gz=-0.3675 | peaks: [-2.9621, -1.8764, -2.2413] | yaw=-40.7 pitch=-47.8 roll=+139.9 | mag=0.6534
22:44:54 [INFO] GYRO_DIAG: gx=-0.0185 gy=-0.0019 gz=+0.0509 | peaks: [-2.9621, -1.8764, -2.2413] | yaw=-320.7 pitch=-28.2 roll=-7.2 | mag=0.0542
22:44:55 [INFO] GYRO_DIAG: gx=+0.0010 gy=+0.0586 gz=+0.0491 | peaks: [-2.9621, -1.8764, -2.2413] | yaw=-324.9 pitch=-17.9 roll=+40.4 | mag=0.0764
22:44:56 [INFO] GYRO_DIAG: gx=-0.0100 gy=-0.1393 gz=-0.0639 | peaks: [-2.9621, -1.8764, -2.2413] | yaw=-268.0 pitch=-11.5 roll=+97.2 | mag=0.1536
22:44:56 [INFO] Loop OK - px_off=-138px, zoom=1.0, tracking=True, fps=60, has_frame=True
22:44:56 [INFO] IMU diag: gy=-0.1986 gx=-0.0136 px_off=-139px gain=0.87 decay=1.0000 dead=0.04 mag=0.2255 resp=0.126 yaw_out=-139 imu=350618
22:44:57 [INFO] GYRO_DIAG: gx=-0.3820 gy=-0.5113 gz=-0.4164 | peaks: [-2.9621, -1.8764, -2.2413] | yaw=-409.6 pitch=-42.6 roll=+29.8 | mag=0.7621
22:44:58 [INFO] GYRO_DIAG: gx=+0.4335 gy=-0.2462 gz=-0.0187 | peaks: [-2.9621, -1.8764, -2.2413] | yaw=-333.2 pitch=-174.5 roll=+110.8 | mag=0.4989
22:44:59 [INFO] GYRO_DIAG: gx=+0.0334 gy=+0.0146 gz=-0.0206 | peaks: [-2.9621, -1.8764, -2.2413] | yaw=-367.9 pitch=-88.2 roll=+97.3 | mag=0.0419
22:45:00 [INFO] GYRO_DIAG: gx=+0.1794 gy=+0.0085 gz=+0.0045 | peaks: [-2.9621, -1.8764, -2.2413] | yaw=-371.0 pitch=-11.9 roll=+99.2 | mag=0.1797
22:45:01 [INFO] GYRO_DIAG: gx=-0.0094 gy=-0.0196 gz=-0.0089 | peaks: [-2.9621, -1.8764, -2.2413] | yaw=-375.9 pitch=+3.4 roll=+99.7 | mag=0.0235
22:45:02 [INFO] GYRO_DIAG: gx=-0.1657 gy=-0.0013 gz=-0.0028 | peaks: [-2.9621, -1.8764, -2.2413] | yaw=-384.9 pitch=-22.8 roll=+100.2 | mag=0.1658
22:45:03 [INFO] GYRO_DIAG: gx=+1.0682 gy=+0.1753 gz=+0.1138 | peaks: [-2.9621, -1.8764, -2.2413] | yaw=-380.9 pitch=+39.6 roll=+120.1 | mag=1.0885
22:45:04 [INFO] GYRO_DIAG: gx=+0.0187 gy=-0.2267 gz=+0.0192 | peaks: [-2.9621, -1.8764, -2.2413] | yaw=-412.0 pitch=+155.9 roll=+141.5 | mag=0.2283
22:45:05 [INFO] GYRO_DIAG: gx=-0.2445 gy=+0.2742 gz=-0.1061 | peaks: [-2.9621, -1.8764, -2.2413] | yaw=-411.2 pitch=+55.8 roll=+120.9 | mag=0.3824
22:45:06 [INFO] GYRO_DIAG: gx=-0.1193 gy=-0.0245 gz=-0.0548 | peaks: [-2.9621, -1.8764, -2.2413] | yaw=-398.5 pitch=-19.7 roll=+90.5 | mag=0.1335
22:45:06 [INFO] Loop OK - px_off=-48px, zoom=1.0, tracking=True, fps=60, has_frame=True
22:45:06 [INFO] IMU diag: gy=-0.0110 gx=+0.0542 px_off=-48px gain=0.87 decay=1.0000 dead=0.04 mag=0.0570 resp=0.002 yaw_out=-48 imu=355555
22:45:07 [INFO] GYRO_DIAG: gx=+0.0407 gy=-0.0361 gz=-0.0010 | peaks: [-2.9621, -1.8764, -2.2413] | yaw=-395.9 pitch=-9.5 roll=+101.0 | mag=0.0544
22:45:08 [INFO] GYRO_DIAG: gx=+0.0151 gy=-0.0941 gz=-0.0114 | peaks: [-2.9621, -1.8764, -2.2413] | yaw=-399.2 pitch=+1.1 roll=+105.3 | mag=0.0960
22:45:09 [INFO] GYRO_DIAG: gx=+0.0004 gy=-0.0104 gz=-0.0108 | peaks: [-2.9621, -1.8764, -2.2413] | yaw=-407.7 pitch=-12.4 roll=+108.2 | mag=0.0150
22:45:10 [INFO] GYRO_DIAG: gx=-0.0228 gy=+0.0226 gz=+0.0137 | peaks: [-2.9621, -1.8764, -2.2413] | yaw=-408.8 pitch=-9.1 roll=+110.8 | mag=0.0349
22:45:11 [INFO] GYRO_DIAG: gx=-0.0130 gy=-0.0007 gz=+0.0075 | peaks: [-2.9621, -1.8764, -2.2413] | yaw=-413.1 pitch=-6.8 roll=+113.7 | mag=0.0151
22:45:12 [INFO] GYRO_DIAG: gx=-0.0130 gy=+0.0073 gz=+0.0069 | peaks: [-2.9621, -1.8764, -2.2413] | yaw=-415.4 pitch=-7.6 roll=+112.4 | mag=0.0165
22:45:13 [INFO] GYRO_DIAG: gx=-0.0020 gy=-0.0037 gz=-0.0004 | peaks: [-2.9621, -1.8764, -2.2413] | yaw=-416.9 pitch=-9.4 roll=+112.8 | mag=0.0042
22:45:14 [INFO] GYRO_DIAG: gx=+0.0059 gy=-0.0025 gz=-0.0157 | peaks: [-2.9621, -1.8764, -2.2413] | yaw=-418.4 pitch=-7.3 roll=+112.8 | mag=0.0169
22:45:15 [INFO] GYRO_DIAG: gx=-0.0149 gy=+0.0079 gz=-0.0028 | peaks: [-2.9621, -1.8764, -2.2413] | yaw=-422.5 pitch=-9.8 roll=+111.9 | mag=0.0171
22:45:16 [INFO] Loop OK - px_off=-43px, zoom=1.0, tracking=True, fps=60, has_frame=True
22:45:16 [INFO] IMU diag: gy=+0.0250 gx=+0.0194 px_off=-43px gain=0.87 decay=1.0000 dead=0.04 mag=0.0321 resp=0.000 yaw_out=-43 imu=360487
22:45:16 [INFO] GYRO_DIAG: gx=+0.0053 gy=+0.0067 gz=-0.0041 | peaks: [-2.9621, -1.8764, -2.2413] | yaw=-426.0 pitch=-7.7 roll=+111.2 | mag=0.0094
22:45:17 [INFO] GYRO_DIAG: gx=-0.0167 gy=-0.0068 gz=-0.0083 | peaks: [-2.9621, -1.8764, -2.2413] | yaw=-426.9 pitch=-9.8 roll=+111.6 | mag=0.0198
22:45:18 [INFO] GYRO_DIAG: gx=+0.0022 gy=-0.0049 gz=+0.0069 | peaks: [-2.9621, -1.8764, -2.2413] | yaw=-429.3 pitch=-8.8 roll=+111.5 | mag=0.0088
22:45:19 [INFO] GYRO_DIAG: gx=+0.0090 gy=+0.0128 gz=+0.0106 | peaks: [-2.9621, -1.8764, -2.2413] | yaw=-428.8 pitch=-6.7 roll=+114.1 | mag=0.0189
22:45:20 [INFO] GYRO_DIAG: gx=-0.0032 gy=-0.0104 gz=-0.0059 | peaks: [-2.9621, -1.8764, -2.2413] | yaw=-431.3 pitch=-9.5 roll=+112.4 | mag=0.0124
22:45:21 [INFO] GYRO_DIAG: gx=-0.0026 gy=+0.0042 gz=-0.0010 | peaks: [-2.9621, -1.8764, -2.2413] | yaw=-435.3 pitch=-8.2 roll=+111.3 | mag=0.0051
22:45:22 [INFO] GYRO_DIAG: gx=-0.0087 gy=+0.0024 gz=-0.0028 | peaks: [-2.9621, -1.8764, -2.2413] | yaw=-437.3 pitch=-8.6 roll=+111.6 | mag=0.0095
22:45:23 [INFO] GYRO_DIAG: gx=+0.1012 gy=+0.0122 gz=+0.0112 | peaks: [-2.9621, -1.8764, -2.2413] | yaw=-437.0 pitch=+5.5 roll=+111.4 | mag=0.1026
22:45:24 [INFO] GYRO_DIAG: gx=-0.0161 gy=-0.0129 gz=-0.0022 | peaks: [-2.9621, -1.8764, -2.2413] | yaw=-437.3 pitch=+2.2 roll=+114.0 | mag=0.0207
22:45:25 [INFO] GYRO_DIAG: gx=+0.1146 gy=+0.0470 gz=+0.0228 | peaks: [-2.9621, -1.8764, -2.2413] | yaw=-440.1 pitch=-2.6 roll=+114.3 | mag=0.1260
22:45:26 [INFO] Loop OK - px_off=-39px, zoom=1.0, tracking=True, fps=60, has_frame=True
22:45:26 [INFO] IMU diag: gy=-0.0465 gx=-0.0075 px_off=-39px gain=0.87 decay=1.0000 dead=0.04 mag=0.0592 resp=0.002 yaw_out=-39 imu=365420
22:45:26 [INFO] GYRO_DIAG: gx=+0.0053 gy=-0.0196 gz=-0.0077 | peaks: [-2.9621, -1.8764, -2.2413] | yaw=-438.0 pitch=-6.1 roll=+112.9 | mag=0.0217
22:45:27 [INFO] GYRO_DIAG: gx=-0.0026 gy=-0.0116 gz=+0.0008 | peaks: [-2.9621, -1.8764, -2.2413] | yaw=-441.0 pitch=-8.0 roll=+113.5 | mag=0.0120
22:45:28 [INFO] GYRO_DIAG: gx=+0.0358 gy=+0.0140 gz=+0.0167 | peaks: [-2.9621, -1.8764, -2.2413] | yaw=-436.3 pitch=-15.6 roll=+115.0 | mag=0.0420
22:45:29 [INFO] GYRO_DIAG: gx=+0.0273 gy=+0.0543 gz=+0.0308 | peaks: [-2.9621, -1.8764, -2.2413] | yaw=-445.9 pitch=+0.9 roll=+106.2 | mag=0.0681
22:45:30 [INFO] GYRO_DIAG: gx=+0.1116 gy=+0.1673 gz=+0.0161 | peaks: [-2.9621, -1.8764, -2.2413] | yaw=-396.2 pitch=+41.6 roll=+121.6 | mag=0.2018
22:45:31 [INFO] GYRO_DIAG: gx=+0.0059 gy=-0.0288 gz=-0.0041 | peaks: [-2.9621, -1.8764, -2.2413] | yaw=-404.9 pitch=+19.8 roll=+118.5 | mag=0.0296
22:45:32 [INFO] GYRO_DIAG: gx=-0.4089 gy=-0.1870 gz=-0.0871 | peaks: [-2.9621, -1.8764, -2.2413] | yaw=-438.8 pitch=-36.6 roll=+113.1 | mag=0.4580
22:45:33 [INFO] GYRO_DIAG: gx=+0.0890 gy=+0.0427 gz=+0.1090 | peaks: [-2.9621, -1.8764, -2.2413] | yaw=-500.6 pitch=-34.7 roll=+111.3 | mag=0.1470
22:45:34 [INFO] GYRO_DIAG: gx=-0.0002 gy=+0.0030 gz=-0.0108 | peaks: [-2.9621, -1.8764, -2.2413] | yaw=-500.0 pitch=-22.9 roll=+114.2 | mag=0.0112
22:45:35 [INFO] GYRO_DIAG: gx=-0.0039 gy=+0.0048 gz=+0.0045 | peaks: [-2.9621, -1.8764, -2.2413] | yaw=-497.4 pitch=-16.5 roll=+114.4 | mag=0.0077
22:45:36 [INFO] Loop OK - px_off=-28px, zoom=1.0, tracking=True, fps=60, has_frame=True
22:45:36 [INFO] IMU diag: gy=-0.0043 gx=-0.0124 px_off=-28px gain=0.87 decay=1.0000 dead=0.04 mag=0.0138 resp=0.000 yaw_out=-28 imu=370354
22:45:36 [INFO] GYRO_DIAG: gx=-0.0564 gy=+0.0287 gz=-0.0065 | peaks: [-2.9621, -1.8764, -2.2413] | yaw=-497.3 pitch=-15.1 roll=+114.2 | mag=0.0636
22:45:37 [INFO] GYRO_DIAG: gx=-0.0008 gy=+0.0067 gz=+0.0057 | peaks: [-2.9621, -1.8764, -2.2413] | yaw=-495.4 pitch=-18.7 roll=+110.9 | mag=0.0088
22:45:38 [INFO] GYRO_DIAG: gx=-0.0136 gy=+0.0018 gz=-0.0004 | peaks: [-2.9621, -1.8764, -2.2413] | yaw=-496.8 pitch=-13.7 roll=+111.7 | mag=0.0138
22:45:39 [INFO] GYRO_DIAG: gx=-0.0075 gy=-0.0092 gz=-0.0034 | peaks: [-2.9621, -1.8764, -2.2413] | yaw=-498.7 pitch=-11.8 roll=+112.2 | mag=0.0124
22:45:40 [INFO] GYRO_DIAG: gx=-0.0051 gy=-0.0123 gz=-0.0065 | peaks: [-2.9621, -1.8764, -2.2413] | yaw=-501.7 pitch=-11.1 roll=+112.1 | mag=0.0148
22:45:41 [INFO] GYRO_DIAG: gx=+0.0041 gy=-0.0043 gz=-0.0004 | peaks: [-2.9621, -1.8764, -2.2413] | yaw=-504.5 pitch=-8.7 roll=+112.4 | mag=0.0060
22:45:42 [INFO] GYRO_DIAG: gx=-0.0149 gy=+0.0012 gz=-0.0016 | peaks: [-2.9621, -1.8764, -2.2413] | yaw=-507.9 pitch=-8.8 roll=+112.3 | mag=0.0150
22:45:43 [INFO] GYRO_DIAG: gx=-0.0081 gy=+0.0018 gz=-0.0028 | peaks: [-2.9621, -1.8764, -2.2413] | yaw=-509.5 pitch=-8.9 roll=+112.3 | mag=0.0088
22:45:44 [INFO] GYRO_DIAG: gx=-0.0063 gy=-0.0007 gz=-0.0022 | peaks: [-2.9621, -1.8764, -2.2413] | yaw=-511.4 pitch=-7.8 roll=+112.5 | mag=0.0067
22:45:45 [INFO] GYRO_DIAG: gx=-0.0100 gy=-0.0086 gz=-0.0034 | peaks: [-2.9621, -1.8764, -2.2413] | yaw=-513.5 pitch=-8.2 roll=+112.8 | mag=0.0136
22:45:46 [INFO] Loop OK - px_off=-27px, zoom=1.0, tracking=True, fps=60, has_frame=True
22:45:46 [INFO] IMU diag: gy=-0.0025 gx=-0.0112 px_off=-27px gain=0.87 decay=1.0000 dead=0.04 mag=0.0124 resp=0.000 yaw_out=-27 imu=375287
22:45:46 [INFO] GYRO_DIAG: gx=-0.0002 gy=-0.0043 gz=-0.0004 | peaks: [-2.9621, -1.8764, -2.2413] | yaw=-514.8 pitch=-7.9 roll=+112.8 | mag=0.0043
22:45:47 [INFO] GYRO_DIAG: gx=-0.0087 gy=-0.0068 gz=-0.0041 | peaks: [-2.9621, -1.8764, -2.2413] | yaw=-518.3 pitch=-7.4 roll=+112.3 | mag=0.0118
22:45:48 [INFO] GYRO_DIAG: gx=-0.0063 gy=-0.0104 gz=-0.0077 | peaks: [-2.9621, -1.8764, -2.2413] | yaw=-521.0 pitch=-8.0 roll=+112.1 | mag=0.0144
22:45:49 [INFO] GYRO_DIAG: gx=-0.0057 gy=-0.0031 gz=-0.0059 | peaks: [-2.9621, -1.8764, -2.2413] | yaw=-522.5 pitch=-9.0 roll=+112.4 | mag=0.0088
22:45:50 [INFO] GYRO_DIAG: gx=-0.0051 gy=-0.0074 gz=-0.0047 | peaks: [-2.9621, -1.8764, -2.2413] | yaw=-525.2 pitch=-7.3 roll=+112.4 | mag=0.0101
22:45:51 [INFO] GYRO_DIAG: gx=-0.0032 gy=-0.0031 gz=-0.0053 | peaks: [-2.9621, -1.8764, -2.2413] | yaw=-527.8 pitch=-7.6 roll=+112.5 | mag=0.0069
22:45:52 [INFO] GYRO_DIAG: gx=-0.0087 gy=+0.0006 gz=-0.0010 | peaks: [-2.9621, -1.8764, -2.2413] | yaw=-529.6 pitch=-9.0 roll=+112.7 | mag=0.0088
22:45:53 [INFO] GYRO_DIAG: gx=-0.0032 gy=-0.0031 gz=-0.0022 | peaks: [-2.9621, -1.8764, -2.2413] | yaw=-532.0 pitch=-7.9 roll=+112.6 | mag=0.0050
22:45:54 [INFO] GYRO_DIAG: gx=-0.0094 gy=-0.0062 gz=-0.0065 | peaks: [-2.9621, -1.8764, -2.2413] | yaw=-534.1 pitch=-7.8 roll=+112.8 | mag=0.0129
22:45:55 [INFO] GYRO_DIAG: gx=-0.0063 gy=-0.0074 gz=-0.0047 | peaks: [-2.9621, -1.8764, -2.2413] | yaw=-536.9 pitch=-9.5 roll=+112.6 | mag=0.0108
22:45:56 [INFO] Loop OK - px_off=-26px, zoom=1.0, tracking=True, fps=60, has_frame=True
22:45:56 [INFO] IMU diag: gy=-0.0068 gx=-0.0032 px_off=-26px gain=0.87 decay=1.0000 dead=0.04 mag=0.0078 resp=0.000 yaw_out=-26 imu=380223
22:45:56 [INFO] GYRO_DIAG: gx=+0.0041 gy=-0.0019 gz=-0.0022 | peaks: [-2.9621, -1.8764, -2.2413] | yaw=-540.9 pitch=-8.3 roll=+111.6 | mag=0.0050
22:45:57 [INFO] GYRO_DIAG: gx=-0.0026 gy=-0.0043 gz=-0.0034 | peaks: [-2.9621, -1.8764, -2.2413] | yaw=-543.3 pitch=-7.3 roll=+112.1 | mag=0.0061
22:45:58 [INFO] GYRO_DIAG: gx=-0.0118 gy=-0.0184 gz=-0.0065 | peaks: [-2.9621, -1.8764, -2.2413] | yaw=-545.6 pitch=-9.6 roll=+112.4 | mag=0.0228
22:46:00 [INFO] GYRO_DIAG: gx=-0.0081 gy=-0.0025 gz=-0.0016 | peaks: [-2.9621, -1.8764, -2.2413] | yaw=-547.2 pitch=-8.2 roll=+112.3 | mag=0.0087
22:46:01 [INFO] GYRO_DIAG: gx=-0.0069 gy=-0.0135 gz=-0.0059 | peaks: [-2.9621, -1.8764, -2.2413] | yaw=-550.0 pitch=-7.5 roll=+112.4 | mag=0.0163
22:46:02 [INFO] GYRO_DIAG: gx=-0.0051 gy=-0.0098 gz=-0.0016 | peaks: [-2.9621, -1.8764, -2.2413] | yaw=-551.9 pitch=-9.3 roll=+112.6 | mag=0.0112
22:46:03 [INFO] GYRO_DIAG: gx=+0.0010 gy=-0.0043 gz=+0.0021 | peaks: [-2.9621, -1.8764, -2.2413] | yaw=-553.6 pitch=-7.7 roll=+112.4 | mag=0.0049
22:46:04 [INFO] GYRO_DIAG: gx=-0.0100 gy=-0.0049 gz=+0.0014 | peaks: [-2.9621, -1.8764, -2.2413] | yaw=-556.3 pitch=-7.7 roll=+112.4 | mag=0.0112
22:46:05 [INFO] GYRO_DIAG: gx=-0.0393 gy=-0.0062 gz=-0.0010 | peaks: [-2.9621, -1.8764, -2.2413] | yaw=-558.4 pitch=-9.7 roll=+112.5 | mag=0.0398
22:46:06 [INFO] GYRO_DIAG: gx=+0.1440 gy=+0.0867 gz=-0.0890 | peaks: [-2.9621, -1.8764, -2.2413] | yaw=-647.9 pitch=-65.9 roll=+117.6 | mag=0.1902
22:46:06 [INFO] Loop OK - px_off=-113px, zoom=1.0, tracking=True, fps=60, has_frame=True
22:46:06 [INFO] IMU diag: gy=+0.0122 gx=+0.0639 px_off=-112px gain=0.87 decay=1.0000 dead=0.04 mag=0.0670 resp=0.004 yaw_out=-112 imu=385157
22:46:07 [INFO] GYRO_DIAG: gx=+0.0016 gy=+0.0103 gz=+0.0137 | peaks: [-2.9621, -1.8764, -2.2413] | yaw=-629.0 pitch=-23.4 roll=+99.1 | mag=0.0172
22:46:08 [INFO] GYRO_DIAG: gx=+0.0322 gy=+0.0366 gz=+0.0088 | peaks: [-2.9621, -1.8764, -2.2413] | yaw=-623.7 pitch=-10.8 roll=+106.5 | mag=0.0495
22:46:09 [INFO] GYRO_DIAG: gx=+0.4262 gy=+0.3549 gz=-0.0633 | peaks: [-2.9621, -1.8764, -2.2413] | yaw=-556.8 pitch=+53.4 roll=+107.0 | mag=0.5582
22:46:10 [INFO] GYRO_DIAG: gx=-0.0100 gy=-0.0104 gz=+0.0021 | peaks: [-2.9621, -1.8764, -2.2413] | yaw=-558.3 pitch=+50.9 roll=+113.6 | mag=0.0146
22:46:11 [INFO] GYRO_DIAG: gx=+0.0267 gy=+0.0574 gz=+0.0515 | peaks: [-2.9621, -1.8764, -2.2413] | yaw=-563.9 pitch=+5.7 roll=+113.5 | mag=0.0816
22:46:12 [INFO] GYRO_DIAG: gx=-0.0918 gy=-0.0135 gz=-0.0010 | peaks: [-2.9621, -1.8764, -2.2413] | yaw=-569.5 pitch=-9.7 roll=+114.0 | mag=0.0928
22:46:13 [INFO] GYRO_DIAG: gx=+0.0285 gy=+0.0024 gz=-0.0224 | peaks: [-2.9621, -1.8764, -2.2413] | yaw=-572.4 pitch=-13.7 roll=+112.0 | mag=0.0363
22:46:14 [INFO] GYRO_DIAG: gx=-0.0191 gy=-0.0905 gz=-0.0279 | peaks: [-2.9621, -1.8764, -2.2413] | yaw=-576.1 pitch=-19.0 roll=+112.0 | mag=0.0966
22:46:15 [INFO] GYRO_DIAG: gx=-0.0112 gy=+0.0042 gz=+0.0094 | peaks: [-2.9621, -1.8764, -2.2413] | yaw=-579.2 pitch=-17.0 roll=+112.2 | mag=0.0152
22:46:16 [INFO] GYRO_DIAG: gx=-0.0087 gy=-0.0123 gz=-0.0016 | peaks: [-2.9621, -1.8764, -2.2413] | yaw=-583.1 pitch=-11.8 roll=+112.2 | mag=0.0151
22:46:16 [INFO] Loop OK - px_off=-43px, zoom=1.0, tracking=True, fps=60, has_frame=True
22:46:16 [INFO] IMU diag: gy=+0.0018 gx=-0.0051 px_off=-43px gain=0.87 decay=1.0000 dead=0.04 mag=0.0055 resp=0.000 yaw_out=-43 imu=390094
22:46:17 [INFO] GYRO_DIAG: gx=+0.1030 gy=-0.0233 gz=+0.0454 | peaks: [-2.9621, -1.8764, -2.2413] | yaw=-586.0 pitch=-2.1 roll=+114.4 | mag=0.1150
22:46:18 [INFO] GYRO_DIAG: gx=-0.0033 gy=-0.0124 gz=-0.0059 | peaks: [-2.9621, -1.8764, -2.2413] | yaw=-587.6 pitch=-6.1 roll=+115.0 | mag=0.0141
22:46:19 [INFO] GYRO_DIAG: gx=-0.0155 gy=-0.0063 gz=-0.0188 | peaks: [-2.9621, -1.8764, -2.2413] | yaw=-588.0 pitch=-6.6 roll=+112.4 | mag=0.0251
22:46:20 [INFO] GYRO_DIAG: gx=-0.0332 gy=+0.0518 gz=+0.0203 | peaks: [-2.9621, -1.8764, -2.2413] | yaw=-589.2 pitch=-8.2 roll=+110.3 | mag=0.0648
22:46:21 [INFO] GYRO_DIAG: gx=+0.0077 gy=-0.0026 gz=-0.0084 | peaks: [-2.9621, -1.8764, -2.2413] | yaw=-587.5 pitch=-7.6 roll=+111.6 | mag=0.0117
22:46:22 [INFO] GYRO_DIAG: gx=-0.0137 gy=-0.0050 gz=-0.0023 | peaks: [-2.9621, -1.8764, -2.2413] | yaw=-587.3 pitch=-6.9 roll=+110.1 | mag=0.0147
22:46:25 [WARNING] IMU stalled after 393168 samples, reconnecting (attempt 1)
22:46:26 [INFO] IMU reconnected successfully
22:46:26 [INFO] Loop OK - px_off=-39px, zoom=1.0, tracking=True, fps=60, has_frame=True
22:46:26 [INFO] IMU diag: gy=+0.0041 gx=-0.0063 px_off=-39px gain=0.87 decay=1.0000 dead=0.04 mag=0.0081 resp=0.000 yaw_out=-39 imu=393168
22:46:27 [INFO] GYRO_DIAG: gx=+0.5166 gy=+0.1862 gz=+0.0521 | peaks: [-2.9621, -1.8764, -2.2413] | yaw=+29.5 pitch=+105.5 roll=+116.4 | mag=0.5516
22:46:28 [INFO] GYRO_DIAG: gx=-0.0094 gy=+0.3047 gz=+0.1627 | peaks: [-2.9621, -1.8764, -2.2413] | yaw=+124.2 pitch=+211.1 roll=+150.2 | mag=0.3455
22:46:29 [INFO] GYRO_DIAG: gx=+0.0419 gy=-0.1162 gz=-0.0658 | peaks: [-2.9621, -1.8764, -2.2413] | yaw=+200.0 pitch=+131.1 roll=+162.8 | mag=0.1400
22:46:30 [INFO] GYRO_DIAG: gx=-0.0008 gy=+0.0096 gz=+0.0197 | peaks: [-2.9621, -1.8764, -2.2413] | yaw=+102.5 pitch=+87.9 roll=+116.3 | mag=0.0220
22:46:31 [INFO] GYRO_DIAG: gx=+0.0016 gy=+0.0023 gz=-0.0139 | peaks: [-2.9621, -1.8764, -2.2413] | yaw=+101.1 pitch=+45.8 roll=+111.9 | mag=0.0141
22:46:32 [INFO] GYRO_DIAG: gx=-0.0057 gy=+0.0023 gz=-0.0035 | peaks: [-2.9621, -1.8764, -2.2413] | yaw=+94.0 pitch=+22.1 roll=+108.3 | mag=0.0071
22:46:33 [INFO] GYRO_DIAG: gx=-0.0063 gy=-0.0142 gz=-0.0139 | peaks: [-2.9621, -1.8764, -2.2413] | yaw=+89.7 pitch=+8.0 roll=+106.8 | mag=0.0208
22:46:34 [INFO] GYRO_DIAG: gx=-0.4333 gy=-0.6086 gz=+0.0057 | peaks: [-2.9621, -1.8764, -2.2413] | yaw=+33.4 pitch=-118.3 roll=+85.6 | mag=0.7471
22:46:36 [INFO] GYRO_DIAG: gx=+0.2313 gy=+0.9754 gz=+0.1199 | peaks: [-2.9621, -1.8764, -2.2413] | yaw=+244.7 pitch=-99.6 roll=+136.5 | mag=1.0096
22:46:36 [INFO] Loop OK - px_off=-3px, zoom=1.0, tracking=True, fps=60, has_frame=True
22:46:36 [INFO] IMU diag: gy=-0.1596 gx=-0.8921 px_off=-4px gain=0.87 decay=1.0000 dead=0.04 mag=0.9332 resp=1.000 yaw_out=-4 imu=397931
22:46:37 [INFO] GYRO_DIAG: gx=-0.2996 gy=-0.2378 gz=-0.1764 | peaks: [-2.9621, -1.8764, -2.2413] | yaw=+162.9 pitch=-284.3 roll=+63.2 | mag=0.4212
22:46:38 [INFO] GYRO_DIAG: gx=+0.0224 gy=+0.0353 gz=+0.0246 | peaks: [-2.9621, -1.8764, -2.2413] | yaw=+35.7 pitch=-167.8 roll=+23.4 | mag=0.0485
22:46:39 [INFO] GYRO_DIAG: gx=+0.0267 gy=+0.0151 gz=-0.0359 | peaks: [-2.9621, -1.8764, -2.2413] | yaw=+50.6 pitch=-74.4 roll=+41.1 | mag=0.0472
22:46:40 [INFO] GYRO_DIAG: gx=+0.6082 gy=+0.2118 gz=-0.0224 | peaks: [-2.9621, -1.8764, -2.2413] | yaw=+61.2 pitch=-0.5 roll=+48.6 | mag=0.6444
22:46:41 [INFO] GYRO_DIAG: gx=-0.2104 gy=+1.4934 gz=+0.0759 | peaks: [-2.9621, -1.8764, -2.2413] | yaw=+312.3 pitch=+142.7 roll=+74.0 | mag=1.5101
22:46:42 [INFO] GYRO_DIAG: gx=+0.3211 gy=-0.1388 gz=+0.0771 | peaks: [-2.9621, -1.8764, -2.2413] | yaw=+218.5 pitch=+166.9 roll=+104.8 | mag=0.3582
22:46:43 [INFO] GYRO_DIAG: gx=-1.3423 gy=-0.0344 gz=-0.0762 | peaks: [-2.9621, -1.8764, -2.2413] | yaw=+161.8 pitch=-115.9 roll=+83.6 | mag=1.3449
22:46:44 [INFO] GYRO_DIAG: gx=+0.1690 gy=-0.0368 gz=-0.0597 | peaks: [-2.9621, -1.8764, -2.2413] | yaw=+145.5 pitch=-211.4 roll=+55.2 | mag=0.1830
22:46:45 [INFO] GYRO_DIAG: gx=+0.1427 gy=+0.4696 gz=+0.0924 | peaks: [-2.9621, -1.8764, -2.2413] | yaw=+222.0 pitch=+22.3 roll=+54.2 | mag=0.4994
22:46:46 [INFO] Hotkeys triggered: {'toggle_settings'}
22:46:46 [INFO] Settings panel: shown (click-through: OFF)
22:46:46 [INFO] GYRO_DIAG: gx=+0.0273 gy=+0.0487 gz=+0.0374 | peaks: [-2.9621, -1.8764, -2.2413] | yaw=+205.4 pitch=+81.9 roll=+84.4 | mag=0.0672
22:46:46 [INFO] Loop OK - px_off=182px, zoom=1.0, tracking=True, fps=60, has_frame=True
22:46:46 [INFO] IMU diag: gy=-0.0600 gx=+0.0083 px_off=181px gain=0.87 decay=1.0000 dead=0.04 mag=0.0618 resp=0.003 yaw_out=181 imu=402860
22:46:47 [INFO] GYRO_DIAG: gx=+0.0902 gy=+0.0170 gz=-0.0096 | peaks: [-2.9621, -1.8764, -2.2413] | yaw=+200.4 pitch=+55.5 roll=+86.1 | mag=0.0923
22:46:50 [WARNING] IMU stalled after 403164 samples, reconnecting (attempt 1)
22:46:51 [INFO] IMU reconnected successfully
22:46:53 [INFO] GYRO_DIAG: gx=+0.0089 gy=+0.0072 gz=-0.0041 | peaks: [-2.9621, -1.8764, -2.2413] | yaw=+0.0 pitch=-5.0 roll=+104.7 | mag=0.0122
22:46:54 [INFO] GYRO_DIAG: gx=-0.4651 gy=+1.2998 gz=-0.0243 | peaks: [-2.9621, -1.8764, -2.2413] | yaw=+233.6 pitch=-83.0 roll=+151.0 | mag=1.3807
22:46:55 [INFO] GYRO_DIAG: gx=-0.0277 gy=+0.0066 gz=+0.0106 | peaks: [-2.9621, -1.8764, -2.2413] | yaw=-23.8 pitch=-127.1 roll=+32.4 | mag=0.0304
22:46:56 [INFO] GYRO_DIAG: gx=+0.0034 gy=+0.0866 gz=-0.0017 | peaks: [-2.9621, -1.8764, -2.2413] | yaw=-8.6 pitch=-59.9 roll=+59.6 | mag=0.0867
22:46:57 [INFO] GYRO_DIAG: gx=-0.1749 gy=-0.0386 gz=-0.0157 | peaks: [-2.9621, -1.8764, -2.2413] | yaw=+61.2 pitch=-85.8 roll=+88.1 | mag=0.1798
22:46:57 [INFO] Loop OK - px_off=-93px, zoom=1.0, tracking=True, fps=60, has_frame=True
22:46:57 [INFO] IMU diag: gy=-0.1742 gx=-0.4003 px_off=-93px gain=0.87 decay=1.0000 dead=0.04 mag=0.4505 resp=0.477 yaw_out=-93 imu=405671
22:46:58 [INFO] GYRO_DIAG: gx=-0.0082 gy=-0.0276 gz=-0.0407 | peaks: [-2.9621, -1.8764, -2.2413] | yaw=+6.7 pitch=-141.6 roll=+64.9 | mag=0.0499
22:46:59 [INFO] GYRO_DIAG: gx=+0.9069 gy=+0.1397 gz=+0.1211 | peaks: [-2.9621, -1.8764, -2.2413] | yaw=+150.8 pitch=+112.5 roll=+85.9 | mag=0.9256
22:47:00 [INFO] GYRO_DIAG: gx=-0.0491 gy=+0.0066 gz=-0.0243 | peaks: [-2.9621, -1.8764, -2.2413] | yaw=+111.4 pitch=+137.0 roll=+108.5 | mag=0.0552
22:47:01 [INFO] GYRO_DIAG: gx=-0.0069 gy=-0.0099 gz=-0.0004 | peaks: [-2.9621, -1.8764, -2.2413] | yaw=+112.3 pitch=+71.5 roll=+111.1 | mag=0.0121
22:47:02 [INFO] GYRO_DIAG: gx=-0.0234 gy=-0.0221 gz=-0.0041 | peaks: [-2.9621, -1.8764, -2.2413] | yaw=+116.0 pitch=+33.0 roll=+110.2 | mag=0.0325
22:47:03 [INFO] GYRO_DIAG: gx=+0.0053 gy=-0.0118 gz=-0.0230 | peaks: [-2.9621, -1.8764, -2.2413] | yaw=+115.0 pitch=+6.5 roll=+108.4 | mag=0.0264
22:47:04 [INFO] GYRO_DIAG: gx=-1.4535 gy=-0.2488 gz=-0.0652 | peaks: [-2.9621, -1.8764, -2.2413] | yaw=+77.8 pitch=-150.4 roll=+97.6 | mag=1.4761
22:47:07 [INFO] Loop OK - px_off=61px, zoom=1.0, tracking=True, fps=60, has_frame=True
22:47:07 [INFO] IMU diag: gy=+0.0438 gx=+0.1934 px_off=61px gain=0.87 decay=1.0000 dead=0.04 mag=0.2011 resp=0.098 yaw_out=61 imu=409466
22:47:08 [WARNING] IMU stalled after 409466 samples, reconnecting (attempt 1)
22:47:09 [INFO] IMU reconnected successfully
22:47:09 [INFO] GYRO_DIAG: gx=+0.0004 gy=+0.0011 gz=-0.0004 | peaks: [-2.9621, -1.8764, -2.2413] | yaw=+0.3 pitch=-1.3 roll=+91.2 | mag=0.0012
22:47:11 [INFO] GYRO_DIAG: gx=-0.7589 gy=+0.3823 gz=+0.1004 | peaks: [-2.9621, -1.8764, -2.2413] | yaw=-85.5 pitch=-94.9 roll=+73.8 | mag=0.8557
22:47:12 [INFO] GYRO_DIAG: gx=+0.6112 gy=+0.1013 gz=-0.0279 | peaks: [-2.9621, -1.8764, -2.2413] | yaw=+90.0 pitch=+247.6 roll=+95.4 | mag=0.6202
22:47:13 [INFO] GYRO_DIAG: gx=+0.0578 gy=+0.0194 gz=+0.0655 | peaks: [-2.9621, -1.8764, -2.2413] | yaw=+84.1 pitch=+225.4 roll=+116.8 | mag=0.0895
22:47:14 [INFO] GYRO_DIAG: gx=+0.0462 gy=-0.4308 gz=-0.2607 | peaks: [-2.9621, -1.8764, -2.2413] | yaw=+403.0 pitch=+78.1 roll=+247.7 | mag=0.5056
22:47:15 [INFO] GYRO_DIAG: gx=-0.9342 gy=+0.1581 gz=+0.2592 | peaks: [-2.9621, -1.8764, -2.2413] | yaw=+43.9 pitch=-5.6 roll=+63.9 | mag=0.9823
22:47:16 [INFO] GYRO_DIAG: gx=+0.0743 gy=-0.0325 gz=-0.0114 | peaks: [-2.9621, -1.8764, -2.2413] | yaw=+49.7 pitch=-227.2 roll=+84.1 | mag=0.0819
22:47:17 [INFO] GYRO_DIAG: gx=-0.0021 gy=+0.0023 gz=-0.0108 | peaks: [-2.9621, -1.8764, -2.2413] | yaw=+43.9 pitch=-126.0 roll=+78.7 | mag=0.0112
22:47:17 [INFO] Loop OK - px_off=-163px, zoom=1.0, tracking=True, fps=60, has_frame=True
22:47:17 [INFO] IMU diag: gy=-0.0081 gx=-0.0204 px_off=-163px gain=0.87 decay=1.0000 dead=0.04 mag=0.0222 resp=0.000 yaw_out=-163 imu=413389
22:47:18 [INFO] GYRO_DIAG: gx=-0.0131 gy=-0.0154 gz=-0.0133 | peaks: [-2.9621, -1.8764, -2.2413] | yaw=+41.4 pitch=-73.2 roll=+75.5 | mag=0.0242
22:47:21 [WARNING] IMU stalled after 413659 samples, reconnecting (attempt 1)
22:47:22 [INFO] IMU reconnected successfully
22:47:23 [INFO] GYRO_DIAG: gx=-0.0143 gy=-0.0344 gz=-0.0035 | peaks: [-2.9621, -1.8764, -2.2413] | yaw=+0.6 pitch=-4.0 roll=+90.9 | mag=0.0374
22:47:25 [INFO] GYRO_DIAG: gx=-0.0228 gy=+0.0670 gz=+0.0161 | peaks: [-2.9621, -1.8764, -2.2413] | yaw=-35.5 pitch=-13.7 roll=+97.7 | mag=0.0726
22:47:26 [INFO] GYRO_DIAG: gx=-0.0308 gy=+0.0023 gz=-0.0047 | peaks: [-2.9621, -1.8764, -2.2413] | yaw=+2.5 pitch=-50.7 roll=+93.2 | mag=0.0312
22:47:27 [INFO] GYRO_DIAG: gx=-0.0063 gy=+0.0121 gz=-0.0004 | peaks: [-2.9621, -1.8764, -2.2413] | yaw=+4.4 pitch=-33.0 roll=+100.7 | mag=0.0136
22:47:28 [INFO] GYRO_DIAG: gx=-0.0277 gy=-0.0337 gz=-0.0359 | peaks: [-2.9621, -1.8764, -2.2413] | yaw=+13.0 pitch=-28.1 roll=+104.7 | mag=0.0565
22:47:28 [INFO] Loop OK - px_off=-86px, zoom=1.0, tracking=True, fps=60, has_frame=True
22:47:28 [INFO] IMU diag: gy=+0.0396 gx=-0.0625 px_off=-86px gain=0.87 decay=1.0000 dead=0.04 mag=0.0746 resp=0.006 yaw_out=-86 imu=416123
22:47:29 [INFO] GYRO_DIAG: gx=+0.1250 gy=+0.0615 gz=+0.0539 | peaks: [-2.9621, -1.8764, -2.2413] | yaw=+17.4 pitch=-7.3 roll=+110.6 | mag=0.1494
22:47:30 [INFO] GYRO_DIAG: gx=+0.0352 gy=+0.0121 gz=-0.0065 | peaks: [-2.9621, -1.8764, -2.2413] | yaw=+24.2 pitch=+22.9 roll=+116.5 | mag=0.0378
22:47:31 [INFO] GYRO_DIAG: gx=-0.0100 gy=+0.0084 gz=-0.0041 | peaks: [-2.9621, -1.8764, -2.2413] | yaw=+28.0 pitch=+14.2 roll=+117.5 | mag=0.0137
22:47:32 [INFO] GYRO_DIAG: gx=-0.0088 gy=-0.0063 gz=-0.0071 | peaks: [-2.9621, -1.8764, -2.2413] | yaw=+27.9 pitch=+3.5 roll=+118.0 | mag=0.0129
22:47:33 [INFO] GYRO_DIAG: gx=-0.4333 gy=+0.1232 gz=-0.0682 | peaks: [-2.9621, -1.8764, -2.2413] | yaw=+31.3 pitch=-30.7 roll=+117.3 | mag=0.4557
22:47:34 [INFO] GYRO_DIAG: gx=+0.0474 gy=-0.0173 gz=+0.0106 | peaks: [-2.9621, -1.8764, -2.2413] | yaw=+26.7 pitch=-39.3 roll=+100.7 | mag=0.0516
22:47:35 [INFO] GYRO_DIAG: gx=-0.0155 gy=+0.0102 gz=-0.0084 | peaks: [-2.9621, -1.8764, -2.2413] | yaw=+23.1 pitch=-23.7 roll=+106.6 | mag=0.0204
22:47:36 [INFO] GYRO_DIAG: gx=-0.0228 gy=+0.0072 gz=+0.0081 | peaks: [-2.9621, -1.8764, -2.2413] | yaw=+24.3 pitch=-17.9 roll=+109.9 | mag=0.0253
22:47:37 [INFO] GYRO_DIAG: gx=-0.0057 gy=+0.0163 gz=-0.0017 | peaks: [-2.9621, -1.8764, -2.2413] | yaw=+25.5 pitch=-9.0 roll=+111.5 | mag=0.0174
22:47:38 [INFO] GYRO_DIAG: gx=+0.0169 gy=+0.0023 gz=-0.0041 | peaks: [-2.9621, -1.8764, -2.2413] | yaw=+29.6 pitch=-11.6 roll=+112.3 | mag=0.0175
22:47:38 [INFO] Loop OK - px_off=-63px, zoom=1.0, tracking=True, fps=60, has_frame=True
22:47:38 [INFO] IMU diag: gy=-0.0209 gx=+0.0169 px_off=-63px gain=0.87 decay=1.0000 dead=0.04 mag=0.0270 resp=0.000 yaw_out=-63 imu=421054
22:47:39 [INFO] GYRO_DIAG: gx=-0.0027 gy=+0.0011 gz=-0.0065 | peaks: [-2.9621, -1.8764, -2.2413] | yaw=+26.8 pitch=-7.6 roll=+112.9 | mag=0.0071
22:47:40 [INFO] GYRO_DIAG: gx=-0.0308 gy=+0.0218 gz=-0.0041 | peaks: [-2.9621, -1.8764, -2.2413] | yaw=+28.3 pitch=-7.3 roll=+113.5 | mag=0.0380
22:47:41 [INFO] GYRO_DIAG: gx=-1.0576 gy=-0.1834 gz=-0.4238 | peaks: [-2.9621, -1.8764, -2.2413] | yaw=+35.0 pitch=-238.6 roll=+73.0 | mag=1.1540
22:47:42 [INFO] GYRO_DIAG: gx=+1.0175 gy=+0.1617 gz=-0.0560 | peaks: [-2.9621, -1.8764, -2.2413] | yaw=+28.6 pitch=-102.1 roll=+52.6 | mag=1.0318
22:47:43 [INFO] GYRO_DIAG: gx=+0.5746 gy=-0.0673 gz=-0.0346 | peaks: [-2.9621, -1.8764, -2.2413] | yaw=-0.8 pitch=+192.4 roll=+71.4 | mag=0.5796
22:47:44 [INFO] GYRO_DIAG: gx=+0.0602 gy=+0.0212 gz=-0.0017 | peaks: [-2.9621, -1.8764, -2.2413] | yaw=+4.2 pitch=+154.0 roll=+109.4 | mag=0.0639
22:47:45 [INFO] GYRO_DIAG: gx=-0.0393 gy=+0.0133 gz=+0.0142 | peaks: [-2.9621, -1.8764, -2.2413] | yaw=+0.4 pitch=+98.6 roll=+117.5 | mag=0.0439
22:47:46 [INFO] GYRO_DIAG: gx=-0.0375 gy=+0.0212 gz=-0.0004 | peaks: [-2.9621, -1.8764, -2.2413] | yaw=-1.4 pitch=+57.0 roll=+123.3 | mag=0.0431
22:47:47 [INFO] GYRO_DIAG: gx=-0.0027 gy=-0.0038 gz=+0.0008 | peaks: [-2.9621, -1.8764, -2.2413] | yaw=-2.6 pitch=+31.4 roll=+125.6 | mag=0.0047
22:47:48 [INFO] Loop OK - px_off=7px, zoom=1.0, tracking=True, fps=60, has_frame=True
22:47:48 [INFO] IMU diag: gy=-0.0020 gx=+0.0016 px_off=7px gain=0.87 decay=1.0000 dead=0.04 mag=0.0041 resp=0.000 yaw_out=7 imu=425983
22:47:48 [INFO] GYRO_DIAG: gx=+0.0004 gy=+0.0072 gz=+0.0014 | peaks: [-2.9621, -1.8764, -2.2413] | yaw=-3.5 pitch=+15.5 roll=+126.7 | mag=0.0073
22:47:49 [INFO] GYRO_DIAG: gx=-0.0124 gy=-0.0020 gz=-0.0029 | peaks: [-2.9621, -1.8764, -2.2413] | yaw=-5.2 pitch=+6.3 roll=+126.8 | mag=0.0129
22:47:50 [INFO] GYRO_DIAG: gx=-0.0076 gy=+0.0163 gz=-0.0090 | peaks: [-2.9621, -1.8764, -2.2413] | yaw=-3.3 pitch=+2.2 roll=+125.3 | mag=0.0201
22:47:51 [INFO] GYRO_DIAG: gx=-0.0045 gy=-0.0038 gz=+0.0026 | peaks: [-2.9621, -1.8764, -2.2413] | yaw=-5.2 pitch=-1.2 roll=+125.8 | mag=0.0065
22:47:52 [INFO] GYRO_DIAG: gx=+0.0016 gy=-0.0050 gz=-0.0090 | peaks: [-2.9621, -1.8764, -2.2413] | yaw=-4.7 pitch=-1.2 roll=+125.7 | mag=0.0104
22:47:53 [INFO] GYRO_DIAG: gx=+0.0114 gy=+0.0090 gz=-0.0004 | peaks: [-2.9621, -1.8764, -2.2413] | yaw=-4.0 pitch=-1.0 roll=+124.8 | mag=0.0145
22:47:54 [INFO] GYRO_DIAG: gx=-0.0033 gy=-0.0240 gz=+0.0008 | peaks: [-2.9621, -1.8764, -2.2413] | yaw=-4.8 pitch=-2.3 roll=+125.5 | mag=0.0242
22:47:55 [INFO] GYRO_DIAG: gx=-0.0100 gy=+0.0115 gz=-0.0059 | peaks: [-2.9621, -1.8764, -2.2413] | yaw=-5.1 pitch=-2.2 roll=+126.0 | mag=0.0163
22:47:56 [INFO] GYRO_DIAG: gx=-0.0094 gy=-0.0020 gz=+0.0014 | peaks: [-2.9621, -1.8764, -2.2413] | yaw=-4.9 pitch=-3.1 roll=+125.9 | mag=0.0097
22:47:57 [INFO] GYRO_DIAG: gx=-0.0033 gy=+0.0017 gz=-0.0065 | peaks: [-2.9621, -1.8764, -2.2413] | yaw=-4.9 pitch=-2.8 roll=+126.2 | mag=0.0075
22:47:58 [INFO] Loop OK - px_off=7px, zoom=1.0, tracking=True, fps=60, has_frame=True
22:47:58 [INFO] IMU diag: gy=-0.0002 gx=-0.0033 px_off=7px gain=0.87 decay=1.0000 dead=0.04 mag=0.0088 resp=0.000 yaw_out=7 imu=430917
22:47:58 [INFO] GYRO_DIAG: gx=-0.0088 gy=+0.0047 gz=-0.0084 | peaks: [-2.9621, -1.8764, -2.2413] | yaw=-5.3 pitch=-3.8 roll=+126.0 | mag=0.0130
22:47:59 [INFO] GYRO_DIAG: gx=-0.0124 gy=-0.0020 gz=-0.0017 | peaks: [-2.9621, -1.8764, -2.2413] | yaw=-6.0 pitch=-3.1 roll=+124.8 | mag=0.0127
22:48:00 [INFO] GYRO_DIAG: gx=-0.0021 gy=-0.0093 gz=-0.0035 | peaks: [-2.9621, -1.8764, -2.2413] | yaw=-6.6 pitch=-2.8 roll=+125.5 | mag=0.0102
22:48:01 [INFO] GYRO_DIAG: gx=-0.0094 gy=-0.0063 gz=-0.0047 | peaks: [-2.9621, -1.8764, -2.2413] | yaw=-7.3 pitch=-3.5 roll=+125.3 | mag=0.0122
22:48:02 [INFO] GYRO_DIAG: gx=-0.0051 gy=-0.0032 gz=-0.0035 | peaks: [-2.9621, -1.8764, -2.2413] | yaw=-5.9 pitch=-3.2 roll=+125.6 | mag=0.0070
22:48:03 [INFO] GYRO_DIAG: gx=-0.0179 gy=-0.0056 gz=-0.0023 | peaks: [-2.9621, -1.8764, -2.2413] | yaw=-7.1 pitch=-3.9 roll=+126.0 | mag=0.0189
22:48:04 [INFO] GYRO_DIAG: gx=-0.0014 gy=-0.0063 gz=-0.0029 | peaks: [-2.9621, -1.8764, -2.2413] | yaw=-7.3 pitch=-5.7 roll=+125.0 | mag=0.0070
22:48:05 [INFO] GYRO_DIAG: gx=-0.0045 gy=+0.0060 gz=-0.0041 | peaks: [-2.9621, -1.8764, -2.2413] | yaw=-6.0 pitch=-2.9 roll=+125.6 | mag=0.0085
22:48:06 [INFO] GYRO_DIAG: gx=+0.0114 gy=+0.0066 gz=+0.0038 | peaks: [-2.9621, -1.8764, -2.2413] | yaw=-6.1 pitch=-1.6 roll=+126.1 | mag=0.0137
22:48:07 [INFO] GYRO_DIAG: gx=-0.0008 gy=+0.0005 gz=-0.0084 | peaks: [-2.9621, -1.8764, -2.2413] | yaw=-5.0 pitch=-3.1 roll=+126.1 | mag=0.0084
22:48:08 [INFO] Loop OK - px_off=7px, zoom=1.0, tracking=True, fps=60, has_frame=True
22:48:08 [INFO] IMU diag: gy=+0.0127 gx=+0.0089 px_off=7px gain=0.87 decay=1.0000 dead=0.04 mag=0.0171 resp=0.000 yaw_out=7 imu=435852
22:48:08 [INFO] GYRO_DIAG: gx=+0.0071 gy=-0.0111 gz=-0.0004 | peaks: [-2.9621, -1.8764, -2.2413] | yaw=-5.1 pitch=-3.4 roll=+125.7 | mag=0.0132
22:48:09 [INFO] GYRO_DIAG: gx=-0.0008 gy=+0.0023 gz=-0.0108 | peaks: [-2.9621, -1.8764, -2.2413] | yaw=-5.8 pitch=-3.3 roll=+125.5 | mag=0.0111
22:48:10 [INFO] GYRO_DIAG: gx=-0.0039 gy=-0.0105 gz=+0.0020 | peaks: [-2.9621, -1.8764, -2.2413] | yaw=-5.0 pitch=-3.7 roll=+125.5 | mag=0.0114
22:48:11 [INFO] GYRO_DIAG: gx=+0.0230 gy=+0.0102 gz=+0.0057 | peaks: [-2.9621, -1.8764, -2.2413] | yaw=-1.4 pitch=-4.3 roll=+127.2 | mag=0.0258
22:48:12 [INFO] GYRO_DIAG: gx=-0.0680 gy=+0.0499 gz=-0.0365 | peaks: [-2.9621, -1.8764, -2.2413] | yaw=+2.6 pitch=-7.2 roll=+134.1 | mag=0.0919
22:48:13 [INFO] GYRO_DIAG: gx=+0.0028 gy=+0.0133 gz=-0.0053 | peaks: [-2.9621, -1.8764, -2.2413] | yaw=-12.8 pitch=-4.7 roll=+125.3 | mag=0.0146
22:48:14 [INFO] GYRO_DIAG: gx=-0.0320 gy=+0.0035 gz=-0.0071 | peaks: [-2.9621, -1.8764, -2.2413] | yaw=-9.3 pitch=-6.4 roll=+126.1 | mag=0.0330
22:48:15 [INFO] GYRO_DIAG: gx=+0.0047 gy=+0.0133 gz=-0.0120 | peaks: [-2.9621, -1.8764, -2.2413] | yaw=-8.4 pitch=-5.7 roll=+125.5 | mag=0.0185
22:48:16 [INFO] GYRO_DIAG: gx=-0.0033 gy=-0.0142 gz=-0.0120 | peaks: [-2.9621, -1.8764, -2.2413] | yaw=-6.1 pitch=-3.9 roll=+125.5 | mag=0.0189
22:48:17 [INFO] GYRO_DIAG: gx=+0.0047 gy=-0.0069 gz=-0.0139 | peaks: [-2.9621, -1.8764, -2.2413] | yaw=-7.6 pitch=-4.6 roll=+125.7 | mag=0.0162
22:48:18 [INFO] Loop OK - px_off=7px, zoom=1.0, tracking=True, fps=60, has_frame=True
22:48:18 [INFO] IMU diag: gy=-0.0014 gx=+0.0022 px_off=7px gain=0.87 decay=1.0000 dead=0.04 mag=0.0135 resp=0.000 yaw_out=7 imu=440785
22:48:18 [INFO] GYRO_DIAG: gx=-0.0100 gy=+0.0090 gz=-0.0071 | peaks: [-2.9621, -1.8764, -2.2413] | yaw=-6.6 pitch=-5.6 roll=+125.4 | mag=0.0152
22:48:19 [INFO] GYRO_DIAG: gx=-0.0014 gy=-0.0014 gz=-0.0059 | peaks: [-2.9621, -1.8764, -2.2413] | yaw=-7.0 pitch=-4.2 roll=+124.4 | mag=0.0063
22:48:20 [INFO] GYRO_DIAG: gx=-0.0002 gy=-0.0069 gz=-0.0059 | peaks: [-2.9621, -1.8764, -2.2413] | yaw=-7.2 pitch=-3.8 roll=+125.2 | mag=0.0091
22:48:21 [INFO] GYRO_DIAG: gx=-0.0131 gy=+0.0017 gz=-0.0065 | peaks: [-2.9621, -1.8764, -2.2413] | yaw=-5.1 pitch=-5.6 roll=+124.4 | mag=0.0147
22:48:22 [INFO] GYRO_DIAG: gx=-0.0149 gy=+0.0096 gz=+0.0014 | peaks: [-2.9621, -1.8764, -2.2413] | yaw=-4.4 pitch=-4.9 roll=+124.3 | mag=0.0178
22:48:23 [INFO] GYRO_DIAG: gx=-0.0124 gy=+0.0041 gz=-0.0010 | peaks: [-2.9621, -1.8764, -2.2413] | yaw=-3.9 pitch=-4.7 roll=+124.1 | mag=0.0132
22:48:24 [INFO] GYRO_DIAG: gx=-0.0076 gy=-0.0081 gz=-0.0096 | peaks: [-2.9621, -1.8764, -2.2413] | yaw=-3.9 pitch=-3.9 roll=+124.4 | mag=0.0147
22:48:25 [INFO] GYRO_DIAG: gx=-0.0076 gy=+0.0206 gz=-0.0029 | peaks: [-2.9621, -1.8764, -2.2413] | yaw=-4.0 pitch=-4.4 roll=+123.9 | mag=0.0221
22:48:26 [INFO] GYRO_DIAG: gx=-0.0124 gy=+0.0121 gz=-0.0084 | peaks: [-2.9621, -1.8764, -2.2413] | yaw=-4.3 pitch=-3.4 roll=+123.9 | mag=0.0192
22:48:27 [INFO] GYRO_DIAG: gx=-0.0167 gy=-0.0008 gz=-0.0059 | peaks: [-2.9621, -1.8764, -2.2413] | yaw=-4.1 pitch=-4.3 roll=+124.2 | mag=0.0178
22:48:28 [INFO] Loop OK - px_off=7px, zoom=1.0, tracking=True, fps=60, has_frame=True
22:48:28 [INFO] IMU diag: gy=-0.0044 gx=-0.0039 px_off=7px gain=0.87 decay=1.0000 dead=0.04 mag=0.0072 resp=0.000 yaw_out=7 imu=445719
22:48:28 [INFO] GYRO_DIAG: gx=-0.0082 gy=+0.0047 gz=-0.0084 | peaks: [-2.9621, -1.8764, -2.2413] | yaw=-5.0 pitch=-3.3 roll=+124.0 | mag=0.0126
22:48:29 [INFO] GYRO_DIAG: gx=-0.0076 gy=-0.0154 gz=-0.0133 | peaks: [-2.9621, -1.8764, -2.2413] | yaw=-4.4 pitch=-4.9 roll=+123.9 | mag=0.0217
22:48:30 [INFO] GYRO_DIAG: gx=-0.0063 gy=-0.0002 gz=-0.0047 | peaks: [-2.9621, -1.8764, -2.2413] | yaw=-3.3 pitch=-4.5 roll=+124.2 | mag=0.0079
22:48:31 [INFO] GYRO_DIAG: gx=-0.0018 gy=-0.0075 gz=+0.0013 | peaks: [-2.9621, -1.8764, -2.2413] | yaw=-3.0 pitch=-4.7 roll=+124.1 | mag=0.0078
22:48:32 [INFO] GYRO_DIAG: gx=+0.0062 gy=-0.0063 gz=-0.0018 | peaks: [-2.9621, -1.8764, -2.2413] | yaw=-2.5 pitch=-1.7 roll=+125.5 | mag=0.0090
22:48:33 [INFO] GYRO_DIAG: gx=+0.0092 gy=+0.0121 gz=+0.0013 | peaks: [-2.9621, -1.8764, -2.2413] | yaw=+4.6 pitch=-1.7 roll=+128.7 | mag=0.0152
22:48:34 [INFO] GYRO_DIAG: gx=+0.0098 gy=-0.0032 gz=-0.0036 | peaks: [-2.9621, -1.8764, -2.2413] | yaw=+1.4 pitch=-1.0 roll=+127.8 | mag=0.0110
22:48:35 [INFO] GYRO_DIAG: gx=+0.0037 gy=+0.0102 gz=+0.0000 | peaks: [-2.9621, -1.8764, -2.2413] | yaw=-0.2 pitch=+0.6 roll=+127.4 | mag=0.0109
22:48:36 [INFO] GYRO_DIAG: gx=-0.0073 gy=+0.0023 gz=-0.0110 | peaks: [-2.9621, -1.8764, -2.2413] | yaw=-0.3 pitch=-0.4 roll=+127.3 | mag=0.0134
22:48:37 [INFO] GYRO_DIAG: gx=-0.0116 gy=+0.0005 gz=-0.0049 | peaks: [-2.9621, -1.8764, -2.2413] | yaw=-1.3 pitch=+0.1 roll=+127.6 | mag=0.0125
22:48:38 [INFO] Loop OK - px_off=7px, zoom=1.0, tracking=True, fps=60, has_frame=True
22:48:38 [INFO] IMU diag: gy=+0.0035 gx=-0.0067 px_off=7px gain=0.87 decay=1.0000 dead=0.04 mag=0.0076 resp=0.000 yaw_out=7 imu=450652
22:48:39 [INFO] GYRO_DIAG: gx=-0.0097 gy=-0.0105 gz=-0.0067 | peaks: [-2.9621, -1.8764, -2.2413] | yaw=-1.8 pitch=+0.1 roll=+127.8 | mag=0.0158
22:48:40 [INFO] GYRO_DIAG: gx=-0.0085 gy=-0.0087 gz=-0.0079 | peaks: [-2.9621, -1.8764, -2.2413] | yaw=-2.2 pitch=-0.1 roll=+127.6 | mag=0.0145
22:48:41 [INFO] GYRO_DIAG: gx=+0.0013 gy=-0.0191 gz=+0.0025 | peaks: [-2.9621, -1.8764, -2.2413] | yaw=-2.1 pitch=+1.3 roll=+127.9 | mag=0.0193
22:48:42 [INFO] GYRO_DIAG: gx=+0.0117 gy=-0.0154 gz=-0.0018 | peaks: [-2.9621, -1.8764, -2.2413] | yaw=-4.0 pitch=+1.0 roll=+127.4 | mag=0.0194
22:48:43 [INFO] GYRO_DIAG: gx=+0.0117 gy=-0.0063 gz=-0.0018 | peaks: [-2.9621, -1.8764, -2.2413] | yaw=-3.7 pitch=+1.2 roll=+127.4 | mag=0.0134
22:48:44 [INFO] GYRO_DIAG: gx=-0.0042 gy=+0.0060 gz=+0.0031 | peaks: [-2.9621, -1.8764, -2.2413] | yaw=-5.4 pitch=+0.4 roll=+127.1 | mag=0.0079
22:48:45 [INFO] GYRO_DIAG: gx=+0.0080 gy=+0.0047 gz=+0.0031 | peaks: [-2.9621, -1.8764, -2.2413] | yaw=-4.6 pitch=+1.4 roll=+127.7 | mag=0.0098
22:48:46 [INFO] GYRO_DIAG: gx=+0.0141 gy=+0.0072 gz=-0.0049 | peaks: [-2.9621, -1.8764, -2.2413] | yaw=-4.8 pitch=+2.2 roll=+126.8 | mag=0.0166
22:48:47 [INFO] GYRO_DIAG: gx=+0.0428 gy=-0.0344 gz=-0.0146 | peaks: [-2.9621, -1.8764, -2.2413] | yaw=-4.1 pitch=+4.3 roll=+129.1 | mag=0.0568
22:48:48 [INFO] GYRO_DIAG: gx=+0.0037 gy=-0.0063 gz=-0.0055 | peaks: [-2.9621, -1.8764, -2.2413] | yaw=-7.1 pitch=+5.4 roll=+127.9 | mag=0.0091
22:48:48 [INFO] Loop OK - px_off=7px, zoom=1.0, tracking=True, fps=60, has_frame=True
22:48:48 [INFO] IMU diag: gy=-0.0050 gx=-0.0030 px_off=7px gain=0.87 decay=1.0000 dead=0.04 mag=0.0076 resp=0.000 yaw_out=7 imu=455584
22:48:49 [INFO] GYRO_DIAG: gx=-0.0189 gy=+0.0005 gz=-0.0085 | peaks: [-2.9621, -1.8764, -2.2413] | yaw=-9.9 pitch=+3.3 roll=+126.8 | mag=0.0207
22:48:50 [INFO] GYRO_DIAG: gx=+0.0379 gy=+0.0005 gz=-0.0036 | peaks: [-2.9621, -1.8764, -2.2413] | yaw=-9.6 pitch=+2.3 roll=+127.2 | mag=0.0381
22:48:51 [INFO] GYRO_DIAG: gx=-0.0012 gy=-0.0093 gz=-0.0128 | peaks: [-2.9621, -1.8764, -2.2413] | yaw=-9.7 pitch=+1.9 roll=+127.1 | mag=0.0159
22:48:52 [INFO] GYRO_DIAG: gx=+0.0001 gy=+0.0157 gz=-0.0030 | peaks: [-2.9621, -1.8764, -2.2413] | yaw=-11.4 pitch=+0.8 roll=+126.5 | mag=0.0160
22:48:53 [INFO] GYRO_DIAG: gx=+0.0037 gy=-0.0063 gz=-0.0006 | peaks: [-2.9621, -1.8764, -2.2413] | yaw=-12.9 pitch=+0.9 roll=+126.4 | mag=0.0073
22:48:54 [INFO] GYRO_DIAG: gx=+0.0111 gy=+0.0047 gz=-0.0006 | peaks: [-2.9621, -1.8764, -2.2413] | yaw=-13.2 pitch=+2.0 roll=+126.8 | mag=0.0120
22:48:55 [INFO] GYRO_DIAG: gx=-0.0073 gy=-0.0020 gz=+0.0006 | peaks: [-2.9621, -1.8764, -2.2413] | yaw=-12.7 pitch=+2.6 roll=+126.8 | mag=0.0076
22:48:56 [INFO] GYRO_DIAG: gx=+0.0086 gy=-0.0081 gz=+0.0019 | peaks: [-2.9621, -1.8764, -2.2413] | yaw=-12.2 pitch=+2.7 roll=+126.9 | mag=0.0120
22:48:57 [INFO] GYRO_DIAG: gx=-0.0079 gy=-0.0081 gz=-0.0079 | peaks: [-2.9621, -1.8764, -2.2413] | yaw=-13.6 pitch=+2.7 roll=+126.4 | mag=0.0138
22:48:58 [INFO] GYRO_DIAG: gx=+0.0013 gy=+0.0072 gz=-0.0024 | peaks: [-2.9621, -1.8764, -2.2413] | yaw=-13.2 pitch=+2.5 roll=+126.3 | mag=0.0077
22:48:58 [INFO] Loop OK - px_off=7px, zoom=1.0, tracking=True, fps=60, has_frame=True
22:48:58 [INFO] IMU diag: gy=-0.0008 gx=+0.0062 px_off=7px gain=0.87 decay=1.0000 dead=0.04 mag=0.0062 resp=0.000 yaw_out=7 imu=460519
22:48:59 [INFO] GYRO_DIAG: gx=-0.0054 gy=-0.0038 gz=-0.0073 | peaks: [-2.9621, -1.8764, -2.2413] | yaw=-13.7 pitch=+2.1 roll=+126.7 | mag=0.0099
22:49:00 [INFO] GYRO_DIAG: gx=+0.0165 gy=+0.0438 gz=-0.0067 | peaks: [-2.9621, -1.8764, -2.2413] | yaw=-14.3 pitch=+3.8 roll=+127.3 | mag=0.0473
22:49:01 [INFO] GYRO_DIAG: gx=+0.0165 gy=-0.0185 gz=+0.0037 | peaks: [-2.9621, -1.8764, -2.2413] | yaw=-16.2 pitch=+1.3 roll=+126.1 | mag=0.0251
22:49:02 [INFO] GYRO_DIAG: gx=-0.0109 gy=+0.0035 gz=+0.0067 | peaks: [-2.9621, -1.8764, -2.2413] | yaw=-14.8 pitch=+1.9 roll=+126.7 | mag=0.0133
22:49:03 [INFO] GYRO_DIAG: gx=-0.0030 gy=-0.0008 gz=+0.0013 | peaks: [-2.9621, -1.8764, -2.2413] | yaw=-15.1 pitch=+2.1 roll=+127.0 | mag=0.0033
22:49:04 [INFO] GYRO_DIAG: gx=-0.0006 gy=-0.0118 gz=-0.0055 | peaks: [-2.9621, -1.8764, -2.2413] | yaw=-16.0 pitch=+2.6 roll=+126.3 | mag=0.0130
22:49:05 [INFO] GYRO_DIAG: gx=-0.0054 gy=+0.0066 gz=+0.0013 | peaks: [-2.9621, -1.8764, -2.2413] | yaw=-14.8 pitch=+1.8 roll=+126.2 | mag=0.0086
22:49:06 [INFO] GYRO_DIAG: gx=+0.0056 gy=-0.0118 gz=+0.0067 | peaks: [-2.9621, -1.8764, -2.2413] | yaw=-16.4 pitch=+2.2 roll=+126.4 | mag=0.0146
22:49:07 [INFO] GYRO_DIAG: gx=+0.0062 gy=-0.0001 gz=-0.0067 | peaks: [-2.9621, -1.8764, -2.2413] | yaw=-17.3 pitch=+2.8 roll=+126.3 | mag=0.0091
22:49:08 [INFO] Loop OK - px_off=7px, zoom=1.0, tracking=True, fps=60, has_frame=True
22:49:08 [INFO] IMU diag: gy=+0.0090 gx=-0.0061 px_off=7px gain=0.87 decay=1.0000 dead=0.04 mag=0.0122 resp=0.000 yaw_out=7 imu=465452
22:49:08 [INFO] GYRO_DIAG: gx=-0.0024 gy=-0.0020 gz=-0.0055 | peaks: [-2.9621, -1.8764, -2.2413] | yaw=-15.8 pitch=+2.1 roll=+126.2 | mag=0.0063
22:49:09 [INFO] GYRO_DIAG: gx=+0.0141 gy=+0.0084 gz=+0.0006 | peaks: [-2.9621, -1.8764, -2.2413] | yaw=-18.2 pitch=+2.2 roll=+126.3 | mag=0.0164
22:49:10 [INFO] GYRO_DIAG: gx=+0.0214 gy=+0.0255 gz=-0.0067 | peaks: [-2.9621, -1.8764, -2.2413] | yaw=-15.7 pitch=+3.6 roll=+127.2 | mag=0.0340
22:49:11 [INFO] GYRO_DIAG: gx=-0.0012 gy=+0.0182 gz=-0.0049 | peaks: [-2.9621, -1.8764, -2.2413] | yaw=-16.5 pitch=+2.9 roll=+126.0 | mag=0.0189
22:49:12 [INFO] GYRO_DIAG: gx=-0.0183 gy=-0.0686 gz=+0.0239 | peaks: [-2.9621, -1.8764, -2.2413] | yaw=+85.9 pitch=+28.9 roll=+72.9 | mag=0.0749
22:49:13 [INFO] GYRO_DIAG: gx=+0.0141 gy=-0.0008 gz=+0.0104 | peaks: [-2.9621, -1.8764, -2.2413] | yaw=+36.3 pitch=+8.6 roll=+132.4 | mag=0.0175
22:49:14 [INFO] GYRO_DIAG: gx=-0.0097 gy=-0.0032 gz=-0.0024 | peaks: [-2.9621, -1.8764, -2.2413] | yaw=+16.3 pitch=+2.3 roll=+135.1 | mag=0.0105
22:49:15 [INFO] GYRO_DIAG: gx=-0.0140 gy=+0.0292 gz=-0.0323 | peaks: [-2.9621, -1.8764, -2.2413] | yaw=-15.7 pitch=+2.1 roll=+157.5 | mag=0.0458
22:49:16 [INFO] GYRO_DIAG: gx=-0.0067 gy=-0.0105 gz=+0.0043 | peaks: [-2.9621, -1.8764, -2.2413] | yaw=-10.2 pitch=+0.6 roll=+144.3 | mag=0.0132
22:49:17 [INFO] GYRO_DIAG: gx=-0.0134 gy=-0.0063 gz=-0.0085 | peaks: [-2.9621, -1.8764, -2.2413] | yaw=-11.8 pitch=-1.2 roll=+137.2 | mag=0.0171
22:49:18 [INFO] Loop OK - px_off=88px, zoom=1.0, tracking=True, fps=60, has_frame=True
22:49:18 [INFO] IMU diag: gy=+0.0029 gx=-0.0030 px_off=88px gain=0.87 decay=1.0000 dead=0.04 mag=0.0069 resp=0.000 yaw_out=88 imu=470388
22:49:18 [INFO] GYRO_DIAG: gx=-0.0012 gy=+0.0017 gz=+0.0037 | peaks: [-2.9621, -1.8764, -2.2413] | yaw=-12.7 pitch=-3.3 roll=+133.9 | mag=0.0042
22:49:19 [INFO] GYRO_DIAG: gx=-0.0629 gy=-0.2628 gz=-0.0226 | peaks: [-2.9621, -1.8764, -2.2413] | yaw=-19.4 pitch=-8.7 roll=+139.2 | mag=0.2712
22:49:20 [INFO] GYRO_DIAG: gx=+0.0624 gy=-0.0209 gz=-0.0250 | peaks: [-2.9621, -1.8764, -2.2413] | yaw=-55.4 pitch=+2.5 roll=+141.8 | mag=0.0704
22:49:21 [INFO] GYRO_DIAG: gx=-0.0348 gy=-0.0356 gz=+0.0202 | peaks: [-2.9621, -1.8764, -2.2413] | yaw=-60.6 pitch=+11.7 roll=+146.8 | mag=0.0537
22:49:22 [INFO] GYRO_DIAG: gx=+0.0550 gy=+0.0414 gz=+0.0122 | peaks: [-2.9621, -1.8764, -2.2413] | yaw=-62.4 pitch=+5.1 roll=+137.0 | mag=0.0699
22:49:23 [INFO] GYRO_DIAG: gx=-0.1026 gy=+0.1904 gz=+0.0067 | peaks: [-2.9621, -1.8764, -2.2413] | yaw=-10.2 pitch=+2.0 roll=+121.4 | mag=0.2164
22:49:24 [INFO] GYRO_DIAG: gx=-0.0409 gy=+0.0115 gz=+0.0184 | peaks: [-2.9621, -1.8764, -2.2413] | yaw=-38.5 pitch=-3.6 roll=+123.1 | mag=0.0462
22:49:25 [INFO] GYRO_DIAG: gx=-0.0262 gy=+0.0396 gz=+0.0013 | peaks: [-2.9621, -1.8764, -2.2413] | yaw=-31.3 pitch=-8.7 roll=+122.6 | mag=0.0475
22:49:26 [INFO] GYRO_DIAG: gx=+0.0037 gy=+0.0133 gz=-0.0006 | peaks: [-2.9621, -1.8764, -2.2413] | yaw=-31.1 pitch=-8.0 roll=+124.4 | mag=0.0138
22:49:27 [INFO] GYRO_DIAG: gx=+0.0056 gy=-0.0234 gz=-0.0171 | peaks: [-2.9621, -1.8764, -2.2413] | yaw=-26.1 pitch=-3.0 roll=+123.1 | mag=0.0295
22:49:28 [INFO] Loop OK - px_off=55px, zoom=1.0, tracking=True, fps=60, has_frame=True
22:49:28 [INFO] IMU diag: gy=+0.0047 gx=+0.0001 px_off=55px gain=0.87 decay=1.0000 dead=0.04 mag=0.0053 resp=0.000 yaw_out=55 imu=475322
22:49:28 [INFO] GYRO_DIAG: gx=-0.0061 gy=+0.0011 gz=+0.0080 | peaks: [-2.9621, -1.8764, -2.2413] | yaw=-25.9 pitch=-1.5 roll=+124.5 | mag=0.0101
22:49:29 [INFO] GYRO_DIAG: gx=+0.0001 gy=+0.0011 gz=-0.0409 | peaks: [-2.9621, -1.8764, -2.2413] | yaw=+32.9 pitch=+1.0 roll=+106.0 | mag=0.0409
22:49:30 [INFO] GYRO_DIAG: gx=-0.0513 gy=+0.0390 gz=+0.0385 | peaks: [-2.9621, -1.8764, -2.2413] | yaw=-1.8 pitch=-0.3 roll=+98.3 | mag=0.0750
22:49:31 [INFO] GYRO_DIAG: gx=+0.0153 gy=-0.0337 gz=+0.0336 | peaks: [-2.9621, -1.8764, -2.2413] | yaw=-0.1 pitch=+5.5 roll=+112.6 | mag=0.0500
22:49:32 [INFO] GYRO_DIAG: gx=-0.0158 gy=+0.0267 gz=+0.0025 | peaks: [-2.9621, -1.8764, -2.2413] | yaw=+3.1 pitch=+3.6 roll=+119.6 | mag=0.0312
22:49:33 [INFO] GYRO_DIAG: gx=+0.0269 gy=+0.0078 gz=-0.0055 | peaks: [-2.9621, -1.8764, -2.2413] | yaw=-1.1 pitch=+2.8 roll=+120.5 | mag=0.0286
22:49:34 [INFO] GYRO_DIAG: gx=+0.0135 gy=-0.0166 gz=+0.0220 | peaks: [-2.9621, -1.8764, -2.2413] | yaw=-5.5 pitch=+2.2 roll=+121.5 | mag=0.0307
22:49:35 [INFO] GYRO_DIAG: gx=-0.0629 gy=+0.0047 gz=-0.0067 | peaks: [-2.9621, -1.8764, -2.2413] | yaw=-10.4 pitch=-3.7 roll=+124.9 | mag=0.0634
22:49:36 [INFO] GYRO_DIAG: gx=+0.0233 gy=-0.0099 gz=+0.0006 | peaks: [-2.9621, -1.8764, -2.2413] | yaw=-2.9 pitch=+6.9 roll=+123.5 | mag=0.0253
22:49:37 [INFO] GYRO_DIAG: gx=-0.0073 gy=+0.0060 gz=-0.0049 | peaks: [-2.9621, -1.8764, -2.2413] | yaw=-3.4 pitch=+3.2 roll=+123.9 | mag=0.0106
22:49:38 [INFO] Loop OK - px_off=57px, zoom=1.0, tracking=True, fps=60, has_frame=True
22:49:38 [INFO] IMU diag: gy=-0.0008 gx=+0.0227 px_off=57px gain=0.87 decay=1.0000 dead=0.04 mag=0.0247 resp=0.000 yaw_out=57 imu=480255
22:49:38 [INFO] GYRO_DIAG: gx=-0.0048 gy=-0.0075 gz=+0.0031 | peaks: [-2.9621, -1.8764, -2.2413] | yaw=-1.8 pitch=+4.7 roll=+124.9 | mag=0.0094
22:49:39 [INFO] GYRO_DIAG: gx=-0.0097 gy=-0.0130 gz=+0.0006 | peaks: [-2.9621, -1.8764, -2.2413] | yaw=-3.4 pitch=+3.8 roll=+124.4 | mag=0.0162
22:49:40 [INFO] GYRO_DIAG: gx=+0.0178 gy=-0.0307 gz=-0.0299 | peaks: [-2.9621, -1.8764, -2.2413] | yaw=-7.7 pitch=+3.6 roll=+122.4 | mag=0.0464
22:49:41 [INFO] GYRO_DIAG: gx=+0.0367 gy=+0.0218 gz=+0.0013 | peaks: [-2.9621, -1.8764, -2.2413] | yaw=-9.2 pitch=+1.6 roll=+124.3 | mag=0.0427
22:49:42 [INFO] GYRO_DIAG: gx=-0.0207 gy=-0.0258 gz=+0.0067 | peaks: [-2.9621, -1.8764, -2.2413] | yaw=-11.4 pitch=+2.1 roll=+123.3 | mag=0.0338
22:49:43 [INFO] GYRO_DIAG: gx=-0.0048 gy=+0.0157 gz=-0.0030 | peaks: [-2.9621, -1.8764, -2.2413] | yaw=-9.8 pitch=+2.0 roll=+123.6 | mag=0.0167
22:49:44 [INFO] GYRO_DIAG: gx=-0.0042 gy=-0.0050 gz=+0.0061 | peaks: [-2.9621, -1.8764, -2.2413] | yaw=-8.6 pitch=+2.1 roll=+124.6 | mag=0.0090
22:49:45 [INFO] GYRO_DIAG: gx=-0.0109 gy=-0.0313 gz=+0.0025 | peaks: [-2.9621, -1.8764, -2.2413] | yaw=-9.6 pitch=+3.1 roll=+124.3 | mag=0.0332
22:49:46 [INFO] GYRO_DIAG: gx=-0.0152 gy=+0.0084 gz=+0.0013 | peaks: [-2.9621, -1.8764, -2.2413] | yaw=-9.3 pitch=+1.0 roll=+125.6 | mag=0.0174
22:49:47 [INFO] GYRO_DIAG: gx=-0.0085 gy=-0.0032 gz=-0.0140 | peaks: [-2.9621, -1.8764, -2.2413] | yaw=-10.1 pitch=+4.1 roll=+124.8 | mag=0.0167
22:49:48 [INFO] Loop OK - px_off=49px, zoom=1.0, tracking=True, fps=60, has_frame=True
22:49:48 [INFO] IMU diag: gy=-0.0154 gx=-0.0213 px_off=49px gain=0.87 decay=1.0000 dead=0.04 mag=0.0268 resp=0.000 yaw_out=49 imu=485188
22:49:48 [INFO] GYRO_DIAG: gx=+0.0135 gy=+0.0066 gz=-0.0055 | peaks: [-2.9621, -1.8764, -2.2413] | yaw=-14.0 pitch=+3.7 roll=+123.8 | mag=0.0160
22:49:49 [INFO] GYRO_DIAG: gx=-0.0134 gy=+0.0035 gz=+0.0006 | peaks: [-2.9621, -1.8764, -2.2413] | yaw=-13.9 pitch=+3.3 roll=+124.0 | mag=0.0139
22:49:50 [INFO] GYRO_DIAG: gx=-0.0225 gy=-0.0160 gz=+0.0104 | peaks: [-2.9621, -1.8764, -2.2413] | yaw=-14.7 pitch=+4.1 roll=+124.0 | mag=0.0296
22:49:51 [INFO] GYRO_DIAG: gx=+0.0135 gy=-0.0026 gz=-0.0049 | peaks: [-2.9621, -1.8764, -2.2413] | yaw=-12.7 pitch=+2.4 roll=+124.4 | mag=0.0146
22:49:52 [INFO] GYRO_DIAG: gx=-0.0109 gy=+0.0616 gz=+0.0104 | peaks: [-2.9621, -1.8764, -2.2413] | yaw=-15.2 pitch=+2.3 roll=+125.1 | mag=0.0634
22:49:54 [INFO] GYRO_DIAG: gx=+0.0056 gy=-0.0166 gz=-0.0085 | peaks: [-2.9621, -1.8764, -2.2413] | yaw=-11.6 pitch=+3.1 roll=+124.4 | mag=0.0195
22:49:55 [INFO] GYRO_DIAG: gx=-0.0061 gy=-0.0001 gz=+0.0080 | peaks: [-2.9621, -1.8764, -2.2413] | yaw=-12.9 pitch=+1.7 roll=+124.4 | mag=0.0100
22:49:56 [INFO] GYRO_DIAG: gx=+0.0141 gy=+0.0109 gz=+0.0067 | peaks: [-2.9621, -1.8764, -2.2413] | yaw=-10.0 pitch=-0.2 roll=+125.8 | mag=0.0190
22:49:57 [INFO] GYRO_DIAG: gx=+0.0111 gy=-0.0124 gz=-0.0079 | peaks: [-2.9621, -1.8764, -2.2413] | yaw=-11.3 pitch=+4.0 roll=+122.7 | mag=0.0184
22:49:58 [INFO] GYRO_DIAG: gx=-0.0012 gy=-0.0111 gz=+0.0061 | peaks: [-2.9621, -1.8764, -2.2413] | yaw=-10.7 pitch=+1.8 roll=+123.7 | mag=0.0128
22:49:58 [INFO] Loop OK - px_off=44px, zoom=1.0, tracking=True, fps=60, has_frame=True
22:49:58 [INFO] IMU diag: gy=-0.0124 gx=-0.0116 px_off=44px gain=0.87 decay=1.0000 dead=0.04 mag=0.0182 resp=0.000 yaw_out=44 imu=490121
22:49:59 [INFO] GYRO_DIAG: gx=-0.0164 gy=+0.0212 gz=+0.0135 | peaks: [-2.9621, -1.8764, -2.2413] | yaw=-11.3 pitch=+2.4 roll=+124.8 | mag=0.0300
22:50:00 [INFO] GYRO_DIAG: gx=-0.0103 gy=-0.0301 gz=-0.0012 | peaks: [-2.9621, -1.8764, -2.2413] | yaw=-11.0 pitch=+4.2 roll=+121.7 | mag=0.0318
22:50:01 [INFO] GYRO_DIAG: gx=+0.0245 gy=+0.0182 gz=-0.0006 | peaks: [-2.9621, -1.8764, -2.2413] | yaw=-11.1 pitch=+2.3 roll=+123.6 | mag=0.0305
22:50:02 [INFO] GYRO_DIAG: gx=+0.0135 gy=+0.0121 gz=-0.0079 | peaks: [-2.9621, -1.8764, -2.2413] | yaw=-11.1 pitch=+3.8 roll=+123.9 | mag=0.0198
22:50:03 [INFO] GYRO_DIAG: gx=+0.0056 gy=+0.0011 gz=-0.0195 | peaks: [-2.9621, -1.8764, -2.2413] | yaw=-13.7 pitch=+5.3 roll=+123.3 | mag=0.0203
22:50:04 [INFO] GYRO_DIAG: gx=+0.0056 gy=-0.0069 gz=-0.0006 | peaks: [-2.9621, -1.8764, -2.2413] | yaw=-14.0 pitch=+3.1 roll=+124.4 | mag=0.0088
22:50:05 [INFO] GYRO_DIAG: gx=+0.0159 gy=-0.0209 gz=-0.0140 | peaks: [-2.9621, -1.8764, -2.2413] | yaw=-15.0 pitch=+3.7 roll=+123.6 | mag=0.0298
22:50:06 [INFO] GYRO_DIAG: gx=+0.0013 gy=-0.0001 gz=+0.0086 | peaks: [-2.9621, -1.8764, -2.2413] | yaw=-18.4 pitch=+1.5 roll=+123.4 | mag=0.0087
22:50:07 [INFO] GYRO_DIAG: gx=+0.0068 gy=+0.0115 gz=-0.0030 | peaks: [-2.9621, -1.8764, -2.2413] | yaw=-18.0 pitch=+2.1 roll=+124.2 | mag=0.0137
22:50:08 [INFO] GYRO_DIAG: gx=+0.0013 gy=-0.0001 gz=-0.0073 | peaks: [-2.9621, -1.8764, -2.2413] | yaw=-18.4 pitch=+3.5 roll=+124.2 | mag=0.0074
22:50:08 [INFO] Loop OK - px_off=40px, zoom=1.0, tracking=True, fps=60, has_frame=True
22:50:08 [INFO] IMU diag: gy=-0.0197 gx=+0.0056 px_off=40px gain=0.87 decay=1.0000 dead=0.04 mag=0.0232 resp=0.000 yaw_out=40 imu=495054
22:50:09 [INFO] GYRO_DIAG: gx=+0.0776 gy=+0.0328 gz=-0.0403 | peaks: [-2.9621, -1.8764, -2.2413] | yaw=-1.3 pitch=+2.6 roll=+128.0 | mag=0.0934
22:50:10 [INFO] GYRO_DIAG: gx=+0.0172 gy=-0.0215 gz=-0.0134 | peaks: [-2.9621, -1.8764, -2.2413] | yaw=-13.9 pitch=+5.8 roll=+123.6 | mag=0.0306
22:50:11 [INFO] GYRO_DIAG: gx=-0.0061 gy=+0.0023 gz=+0.0013 | peaks: [-2.9621, -1.8764, -2.2413] | yaw=-17.5 pitch=+3.1 roll=+123.0 | mag=0.0066
22:50:12 [INFO] GYRO_DIAG: gx=-0.0128 gy=+0.0218 gz=+0.0165 | peaks: [-2.9621, -1.8764, -2.2413] | yaw=-18.8 pitch=+2.8 roll=+123.9 | mag=0.0302
22:50:13 [INFO] GYRO_DIAG: gx=-0.0152 gy=-0.0276 gz=-0.0067 | peaks: [-2.9621, -1.8764, -2.2413] | yaw=-18.9 pitch=+1.1 roll=+123.8 | mag=0.0322
22:50:14 [INFO] GYRO_DIAG: gx=+0.0013 gy=-0.0063 gz=-0.0036 | peaks: [-2.9621, -1.8764, -2.2413] | yaw=-19.7 pitch=+3.9 roll=+123.2 | mag=0.0073
22:50:15 [INFO] GYRO_DIAG: gx=-0.0085 gy=+0.0029 gz=+0.0092 | peaks: [-2.9621, -1.8764, -2.2413] | yaw=-18.8 pitch=+4.5 roll=+124.5 | mag=0.0129
22:50:16 [INFO] GYRO_DIAG: gx=-0.0134 gy=+0.0005 gz=-0.0128 | peaks: [-2.9621, -1.8764, -2.2413] | yaw=-19.8 pitch=+2.6 roll=+124.3 | mag=0.0185
22:50:17 [INFO] GYRO_DIAG: gx=-0.0036 gy=-0.0185 gz=+0.0031 | peaks: [-2.9621, -1.8764, -2.2413] | yaw=-20.9 pitch=+1.0 roll=+123.9 | mag=0.0191
22:50:18 [INFO] Loop OK - px_off=37px, zoom=1.0, tracking=True, fps=60, has_frame=True
22:50:18 [INFO] IMU diag: gy=+0.0017 gx=+0.0007 px_off=37px gain=0.87 decay=1.0000 dead=0.04 mag=0.0041 resp=0.000 yaw_out=37 imu=499988
22:50:18 [INFO] GYRO_DIAG: gx=-0.0054 gy=-0.0075 gz=+0.0049 | peaks: [-2.9621, -1.8764, -2.2413] | yaw=-21.5 pitch=+3.0 roll=+123.9 | mag=0.0105
22:50:19 [INFO] GYRO_DIAG: gx=-0.0024 gy=-0.0075 gz=+0.0019 | peaks: [-2.9621, -1.8764, -2.2413] | yaw=-23.5 pitch=+3.3 roll=+123.8 | mag=0.0081
22:50:20 [INFO] GYRO_DIAG: gx=+0.0031 gy=+0.0066 gz=-0.0012 | peaks: [-2.9621, -1.8764, -2.2413] | yaw=-22.6 pitch=+3.4 roll=+124.3 | mag=0.0074
22:50:21 [INFO] GYRO_DIAG: gx=+0.0056 gy=-0.0044 gz=-0.0024 | peaks: [-2.9621, -1.8764, -2.2413] | yaw=-23.0 pitch=+3.0 roll=+124.7 | mag=0.0075
22:50:22 [INFO] GYRO_DIAG: gx=-0.0048 gy=+0.0115 gz=+0.0031 | peaks: [-2.9621, -1.8764, -2.2413] | yaw=-23.9 pitch=+3.7 roll=+124.0 | mag=0.0128
22:50:23 [INFO] GYRO_DIAG: gx=-0.0592 gy=+0.2497 gz=+0.1448 | peaks: [-2.9621, -1.8764, -2.2413] | yaw=+58.1 pitch=-26.4 roll=+152.4 | mag=0.2947
22:50:24 [INFO] GYRO_DIAG: gx=-0.0177 gy=-0.0252 gz=+0.0367 | peaks: [-2.9621, -1.8764, -2.2413] | yaw=-25.4 pitch=+22.0 roll=+116.8 | mag=0.0479
22:50:25 [INFO] GYRO_DIAG: gx=+0.0721 gy=-0.0087 gz=-0.0360 | peaks: [-2.9621, -1.8764, -2.2413] | yaw=-21.5 pitch=+6.9 roll=+142.6 | mag=0.0811
22:50:26 [INFO] GYRO_DIAG: gx=-0.0024 gy=+0.0139 gz=+0.0086 | peaks: [-2.9621, -1.8764, -2.2413] | yaw=-10.2 pitch=-2.0 roll=+135.1 | mag=0.0165
22:50:27 [INFO] GYRO_DIAG: gx=+0.0031 gy=-0.0038 gz=-0.0067 | peaks: [-2.9621, -1.8764, -2.2413] | yaw=-17.8 pitch=+1.8 roll=+128.5 | mag=0.0083
22:50:28 [INFO] Loop OK - px_off=56px, zoom=1.0, tracking=True, fps=60, has_frame=True
22:50:28 [INFO] IMU diag: gy=-0.0038 gx=-0.0024 px_off=56px gain=0.87 decay=1.0000 dead=0.04 mag=0.0047 resp=0.000 yaw_out=56 imu=504927
22:50:28 [INFO] GYRO_DIAG: gx=+0.0111 gy=-0.0069 gz=+0.0061 | peaks: [-2.9621, -1.8764, -2.2413] | yaw=-22.0 pitch=+4.4 roll=+126.0 | mag=0.0144
22:50:29 [INFO] GYRO_DIAG: gx=-0.0042 gy=+0.0060 gz=-0.0018 | peaks: [-2.9621, -1.8764, -2.2413] | yaw=-22.8 pitch=+2.0 roll=+125.5 | mag=0.0075
22:50:30 [INFO] GYRO_DIAG: gx=-0.0042 gy=-0.0075 gz=+0.0006 | peaks: [-2.9621, -1.8764, -2.2413] | yaw=-25.8 pitch=+3.3 roll=+124.5 | mag=0.0086
22:50:31 [INFO] GYRO_DIAG: gx=-0.0079 gy=+0.0011 gz=-0.0024 | peaks: [-2.9621, -1.8764, -2.2413] | yaw=-28.2 pitch=+2.8 roll=+124.0 | mag=0.0083
22:50:32 [INFO] GYRO_DIAG: gx=-0.0048 gy=+0.0072 gz=-0.0006 | peaks: [-2.9621, -1.8764, -2.2413] | yaw=-26.0 pitch=+2.3 roll=+125.0 | mag=0.0087
22:50:33 [INFO] GYRO_DIAG: gx=-0.0012 gy=+0.0017 gz=+0.0025 | peaks: [-2.9621, -1.8764, -2.2413] | yaw=-27.0 pitch=+0.9 roll=+125.0 | mag=0.0032
22:50:34 [INFO] GYRO_DIAG: gx=-0.0061 gy=+0.0078 gz=-0.0091 | peaks: [-2.9621, -1.8764, -2.2413] | yaw=-27.8 pitch=-0.1 roll=+124.4 | mag=0.0134
22:50:35 [INFO] GYRO_DIAG: gx=+0.0031 gy=-0.0075 gz=+0.0037 | peaks: [-2.9621, -1.8764, -2.2413] | yaw=-28.6 pitch=+0.1 roll=+123.9 | mag=0.0089
22:50:36 [INFO] GYRO_DIAG: gx=-0.0030 gy=-0.0154 gz=-0.0055 | peaks: [-2.9621, -1.8764, -2.2413] | yaw=-30.3 pitch=+0.8 roll=+123.8 | mag=0.0166
22:50:37 [INFO] GYRO_DIAG: gx=+0.0031 gy=-0.0050 gz=-0.0024 | peaks: [-2.9621, -1.8764, -2.2413] | yaw=-31.4 pitch=+0.5 roll=+123.8 | mag=0.0064
22:50:38 [INFO] Loop OK - px_off=48px, zoom=1.0, tracking=True, fps=60, has_frame=True
22:50:38 [INFO] IMU diag: gy=+0.0060 gx=-0.0030 px_off=48px gain=0.87 decay=1.0000 dead=0.04 mag=0.0069 resp=0.000 yaw_out=48 imu=509865
22:50:38 [INFO] GYRO_DIAG: gx=-0.0036 gy=+0.0078 gz=-0.0110 | peaks: [-2.9621, -1.8764, -2.2413] | yaw=-30.8 pitch=+0.8 roll=+124.4 | mag=0.0139
22:50:39 [INFO] GYRO_DIAG: gx=-0.0067 gy=-0.0038 gz=+0.0074 | peaks: [-2.9621, -1.8764, -2.2413] | yaw=-32.7 pitch=+1.5 roll=+124.1 | mag=0.0106
22:50:40 [INFO] GYRO_DIAG: gx=-0.0054 gy=+0.0023 gz=-0.0097 | peaks: [-2.9621, -1.8764, -2.2413] | yaw=-33.4 pitch=+1.9 roll=+124.1 | mag=0.0114
22:50:41 [INFO] GYRO_DIAG: gx=+0.0001 gy=-0.0020 gz=-0.0006 | peaks: [-2.9621, -1.8764, -2.2413] | yaw=-32.3 pitch=+1.8 roll=+124.7 | mag=0.0021
22:50:42 [INFO] GYRO_DIAG: gx=+0.0068 gy=-0.0142 gz=+0.0025 | peaks: [-2.9621, -1.8764, -2.2413] | yaw=-33.6 pitch=+1.7 roll=+124.3 | mag=0.0159
22:50:43 [INFO] GYRO_DIAG: gx=-0.0042 gy=+0.0029 gz=-0.0055 | peaks: [-2.9621, -1.8764, -2.2413] | yaw=-34.8 pitch=+2.6 roll=+124.1 | mag=0.0075
22:50:44 [INFO] GYRO_DIAG: gx=+0.0031 gy=+0.0121 gz=+0.0000 | peaks: [-2.9621, -1.8764, -2.2413] | yaw=-34.3 pitch=+1.9 roll=+124.3 | mag=0.0125
22:50:45 [INFO] GYRO_DIAG: gx=-0.0079 gy=-0.0099 gz=+0.0067 | peaks: [-2.9621, -1.8764, -2.2413] | yaw=-34.4 pitch=+2.0 roll=+124.3 | mag=0.0144
22:50:46 [INFO] GYRO_DIAG: gx=+0.0068 gy=-0.0032 gz=-0.0030 | peaks: [-2.9621, -1.8764, -2.2413] | yaw=-35.6 pitch=+2.8 roll=+124.1 | mag=0.0081
22:50:47 [INFO] GYRO_DIAG: gx=-0.0018 gy=-0.0001 gz=-0.0116 | peaks: [-2.9621, -1.8764, -2.2413] | yaw=-34.5 pitch=+0.8 roll=+124.8 | mag=0.0117
22:50:48 [INFO] Loop OK - px_off=43px, zoom=1.0, tracking=True, fps=60, has_frame=True
22:50:48 [INFO] IMU diag: gy=+0.0145 gx=+0.0025 px_off=43px gain=0.87 decay=1.0000 dead=0.04 mag=0.0150 resp=0.000 yaw_out=43 imu=514801
22:50:48 [INFO] GYRO_DIAG: gx=+0.0037 gy=+0.0017 gz=-0.0024 | peaks: [-2.9621, -1.8764, -2.2413] | yaw=-35.0 pitch=+0.1 roll=+124.9 | mag=0.0047
22:50:49 [INFO] GYRO_DIAG: gx=-0.0592 gy=-0.0325 gz=+0.0312 | peaks: [-2.9621, -1.8764, -2.2413] | yaw=-38.2 pitch=-4.8 roll=+113.6 | mag=0.0744
22:50:50 [INFO] GYRO_DIAG: gx=+0.0330 gy=-0.0344 gz=-0.0898 | peaks: [-2.9621, -1.8764, -2.2413] | yaw=-35.2 pitch=+6.4 roll=+106.1 | mag=0.1016
22:50:51 [INFO] GYRO_DIAG: gx=+0.0086 gy=+0.0170 gz=+0.0049 | peaks: [-2.9621, -1.8764, -2.2413] | yaw=-36.8 pitch=+5.4 roll=+117.0 | mag=0.0196
22:50:52 [INFO] GYRO_DIAG: gx=+0.0074 gy=+0.0041 gz=+0.0049 | peaks: [-2.9621, -1.8764, -2.2413] | yaw=-37.4 pitch=+5.8 roll=+119.9 | mag=0.0098
22:50:53 [INFO] GYRO_DIAG: gx=+0.0086 gy=-0.0050 gz=-0.0079 | peaks: [-2.9621, -1.8764, -2.2413] | yaw=-37.3 pitch=+3.3 roll=+121.7 | mag=0.0127
22:50:54 [INFO] GYRO_DIAG: gx=+0.0153 gy=-0.0026 gz=-0.0067 | peaks: [-2.9621, -1.8764, -2.2413] | yaw=-36.4 pitch=+4.3 roll=+121.7 | mag=0.0169
22:50:55 [INFO] GYRO_DIAG: gx=-0.0287 gy=-0.0148 gz=+0.0049 | peaks: [-2.9621, -1.8764, -2.2413] | yaw=-41.2 pitch=+0.7 roll=+122.2 | mag=0.0326
22:50:56 [INFO] GYRO_DIAG: gx=-0.0097 gy=-0.0246 gz=+0.0006 | peaks: [-2.9621, -1.8764, -2.2413] | yaw=-37.5 pitch=+5.1 roll=+122.9 | mag=0.0264
22:50:57 [INFO] GYRO_DIAG: gx=-0.0116 gy=-0.0270 gz=-0.0104 | peaks: [-2.9621, -1.8764, -2.2413] | yaw=-40.1 pitch=+6.6 roll=+122.6 | mag=0.0312
22:50:58 [INFO] Loop OK - px_off=42px, zoom=1.0, tracking=True, fps=60, has_frame=True
22:50:58 [INFO] IMU diag: gy=-0.0056 gx=+0.0049 px_off=42px gain=0.87 decay=1.0000 dead=0.04 mag=0.0081 resp=0.000 yaw_out=42 imu=519730
22:50:58 [INFO] GYRO_DIAG: gx=+0.0049 gy=-0.0124 gz=-0.0049 | peaks: [-2.9621, -1.8764, -2.2413] | yaw=-39.9 pitch=+4.2 roll=+123.7 | mag=0.0142
22:50:59 [INFO] GYRO_DIAG: gx=-0.0030 gy=+0.0463 gz=-0.0030 | peaks: [-2.9621, -1.8764, -2.2413] | yaw=-36.6 pitch=+6.4 roll=+124.3 | mag=0.0465
22:51:00 [INFO] GYRO_DIAG: gx=-0.0287 gy=+0.0493 gz=+0.0477 | peaks: [-2.9621, -1.8764, -2.2413] | yaw=-28.7 pitch=-10.2 roll=+122.5 | mag=0.0744
22:51:01 [INFO] GYRO_DIAG: gx=+0.1021 gy=-0.2078 gz=+0.1784 | peaks: [-2.9621, -1.8764, -2.2413] | yaw=+20.6 pitch=+7.2 roll=+159.5 | mag=0.2923
22:51:02 [INFO] GYRO_DIAG: gx=+0.0037 gy=+0.0133 gz=+0.0294 | peaks: [-2.9621, -1.8764, -2.2413] | yaw=-56.2 pitch=+15.5 roll=+142.5 | mag=0.0324
22:51:03 [INFO] GYRO_DIAG: gx=-0.0103 gy=+0.0371 gz=-0.0110 | peaks: [-2.9621, -1.8764, -2.2413] | yaw=-46.9 pitch=+10.7 roll=+134.3 | mag=0.0401
22:51:04 [INFO] GYRO_DIAG: gx=-0.2199 gy=+0.0854 gz=+0.1277 | peaks: [-2.9621, -1.8764, -2.2413] | yaw=-51.1 pitch=-15.1 roll=+122.1 | mag=0.2682
22:51:05 [INFO] GYRO_DIAG: gx=-0.0006 gy=-0.0282 gz=-0.0036 | peaks: [-2.9621, -1.8764, -2.2413] | yaw=-41.8 pitch=-6.6 roll=+126.0 | mag=0.0285
22:51:06 [INFO] GYRO_DIAG: gx=+0.0349 gy=+0.0182 gz=-0.0036 | peaks: [-2.9621, -1.8764, -2.2413] | yaw=-39.7 pitch=+1.4 roll=+121.5 | mag=0.0395
22:51:07 [INFO] GYRO_DIAG: gx=+0.0593 gy=-0.4418 gz=-0.1362 | peaks: [-2.9621, -1.8764, -2.2413] | yaw=+18.1 pitch=+7.1 roll=+120.2 | mag=0.4661
22:51:08 [INFO] Loop OK - px_off=-47px, zoom=1.0, tracking=True, fps=60, has_frame=True
22:51:08 [INFO] IMU diag: gy=-0.1144 gx=+0.0935 px_off=-48px gain=0.87 decay=1.0000 dead=0.04 mag=0.1512 resp=0.050 yaw_out=-48 imu=524657
22:51:08 [INFO] GYRO_DIAG: gx=-0.0018 gy=+0.0237 gz=+0.0086 | peaks: [-2.9621, -1.8764, -2.2413] | yaw=-24.6 pitch=+13.6 roll=+115.5 | mag=0.0252
22:51:10 [INFO] GYRO_DIAG: gx=+0.0153 gy=-0.0124 gz=-0.0104 | peaks: [-2.9621, -1.8764, -2.2413] | yaw=-26.7 pitch=+6.1 roll=+120.7 | mag=0.0222
22:51:11 [INFO] GYRO_DIAG: gx=+0.0111 gy=+0.0176 gz=-0.0006 | peaks: [-2.9621, -1.8764, -2.2413] | yaw=-26.7 pitch=+5.3 roll=+122.4 | mag=0.0208
22:51:12 [INFO] GYRO_DIAG: gx=+0.0068 gy=-0.0026 gz=+0.0043 | peaks: [-2.9621, -1.8764, -2.2413] | yaw=-27.0 pitch=+4.9 roll=+123.6 | mag=0.0084
22:51:13 [INFO] GYRO_DIAG: gx=+0.0013 gy=-0.0008 gz=+0.0025 | peaks: [-2.9621, -1.8764, -2.2413] | yaw=-27.9 pitch=+2.7 roll=+124.3 | mag=0.0029
22:51:14 [INFO] GYRO_DIAG: gx=+0.0074 gy=-0.0032 gz=+0.0006 | peaks: [-2.9621, -1.8764, -2.2413] | yaw=-28.2 pitch=+1.5 roll=+125.1 | mag=0.0081
22:51:15 [INFO] GYRO_DIAG: gx=-0.0030 gy=+0.0005 gz=-0.0055 | peaks: [-2.9621, -1.8764, -2.2413] | yaw=-28.4 pitch=+1.6 roll=+125.2 | mag=0.0063
22:51:16 [INFO] GYRO_DIAG: gx=+0.0068 gy=+0.0072 gz=+0.0000 | peaks: [-2.9621, -1.8764, -2.2413] | yaw=-29.0 pitch=+1.0 roll=+125.0 | mag=0.0099
22:51:17 [INFO] GYRO_DIAG: gx=+0.0001 gy=-0.0075 gz=-0.0018 | peaks: [-2.9621, -1.8764, -2.2413] | yaw=-30.6 pitch=+1.3 roll=+125.0 | mag=0.0077
22:51:18 [INFO] GYRO_DIAG: gx=-0.0024 gy=-0.0050 gz=-0.0030 | peaks: [-2.9621, -1.8764, -2.2413] | yaw=-31.9 pitch=+2.6 roll=+124.7 | mag=0.0063
22:51:18 [INFO] Loop OK - px_off=-42px, zoom=1.0, tracking=True, fps=60, has_frame=True
22:51:18 [INFO] IMU diag: gy=-0.0069 gx=-0.0036 px_off=-42px gain=0.87 decay=1.0000 dead=0.04 mag=0.0111 resp=0.000 yaw_out=-42 imu=529583
22:51:19 [INFO] GYRO_DIAG: gx=-0.0922 gy=+0.1214 gz=+0.1271 | peaks: [-2.9621, -1.8764, -2.2413] | yaw=-16.8 pitch=-1.4 roll=+129.5 | mag=0.1985
22:51:20 [INFO] GYRO_DIAG: gx=-0.1685 gy=-0.0221 gz=+0.0801 | peaks: [-2.9621, -1.8764, -2.2413] | yaw=-52.8 pitch=-9.5 roll=+121.6 | mag=0.1879
22:51:21 [INFO] GYRO_DIAG: gx=-0.0164 gy=+0.0170 gz=+0.0153 | peaks: [-2.9621, -1.8764, -2.2413] | yaw=-58.7 pitch=+1.4 roll=+118.6 | mag=0.0281
22:51:22 [INFO] GYRO_DIAG: gx=-0.0250 gy=-0.0118 gz=-0.0207 | peaks: [-2.9621, -1.8764, -2.2413] | yaw=-64.8 pitch=+2.3 roll=+116.5 | mag=0.0345
22:51:23 [INFO] GYRO_DIAG: gx=+0.0324 gy=+0.0243 gz=-0.0165 | peaks: [-2.9621, -1.8764, -2.2413] | yaw=-66.6 pitch=+3.6 roll=+118.4 | mag=0.0437
22:51:24 [INFO] GYRO_DIAG: gx=+0.0001 gy=+0.0347 gz=-0.0061 | peaks: [-2.9621, -1.8764, -2.2413] | yaw=-65.4 pitch=+3.2 roll=+120.2 | mag=0.0352
22:51:25 [INFO] GYRO_DIAG: gx=-0.0018 gy=-0.0234 gz=+0.0000 | peaks: [-2.9621, -1.8764, -2.2413] | yaw=-66.4 pitch=+0.6 roll=+122.9 | mag=0.0234
22:51:26 [INFO] GYRO_DIAG: gx=-0.0054 gy=-0.0289 gz=-0.0067 | peaks: [-2.9621, -1.8764, -2.2413] | yaw=-67.0 pitch=+2.3 roll=+121.9 | mag=0.0301
22:51:27 [INFO] GYRO_DIAG: gx=+0.0092 gy=+0.0084 gz=+0.0031 | peaks: [-2.9621, -1.8764, -2.2413] | yaw=-68.8 pitch=+4.6 roll=+122.5 | mag=0.0129
22:51:28 [INFO] GYRO_DIAG: gx=+0.0019 gy=-0.0038 gz=+0.0019 | peaks: [-2.9621, -1.8764, -2.2413] | yaw=-69.1 pitch=+9.0 roll=+123.4 | mag=0.0046
22:51:28 [INFO] Loop OK - px_off=-74px, zoom=1.0, tracking=True, fps=60, has_frame=True
22:51:28 [INFO] IMU diag: gy=-0.0142 gx=-0.0201 px_off=-74px gain=0.87 decay=1.0000 dead=0.04 mag=0.0326 resp=0.000 yaw_out=-74 imu=534521
22:51:29 [INFO] GYRO_DIAG: gx=-0.0348 gy=-0.0118 gz=+0.0275 | peaks: [-2.9621, -1.8764, -2.2413] | yaw=-70.6 pitch=+4.7 roll=+124.5 | mag=0.0459
22:51:30 [INFO] GYRO_DIAG: gx=-0.0006 gy=+0.0115 gz=-0.0207 | peaks: [-2.9621, -1.8764, -2.2413] | yaw=-70.7 pitch=+3.2 roll=+124.0 | mag=0.0237
22:51:31 [INFO] GYRO_DIAG: gx=+0.0453 gy=-0.0246 gz=+0.0116 | peaks: [-2.9621, -1.8764, -2.2413] | yaw=-76.9 pitch=+5.9 roll=+123.9 | mag=0.0528
22:51:32 [INFO] GYRO_DIAG: gx=-0.0183 gy=+0.0029 gz=+0.0202 | peaks: [-2.9621, -1.8764, -2.2413] | yaw=-72.1 pitch=+3.2 roll=+125.6 | mag=0.0274
22:51:33 [INFO] GYRO_DIAG: gx=+0.0062 gy=+0.0090 gz=+0.0043 | peaks: [-2.9621, -1.8764, -2.2413] | yaw=-72.8 pitch=+6.0 roll=+124.5 | mag=0.0117
22:51:34 [INFO] GYRO_DIAG: gx=+0.0031 gy=-0.0032 gz=-0.0036 | peaks: [-2.9621, -1.8764, -2.2413] | yaw=-75.9 pitch=+6.1 roll=+123.1 | mag=0.0058
22:51:35 [INFO] GYRO_DIAG: gx=-0.0561 gy=+0.1575 gz=-0.0012 | peaks: [-2.9621, -1.8764, -2.2413] | yaw=-63.9 pitch=+5.8 roll=+123.2 | mag=0.1672
22:51:36 [INFO] GYRO_DIAG: gx=+0.0990 gy=-0.0594 gz=-0.0733 | peaks: [-2.9621, -1.8764, -2.2413] | yaw=-43.3 pitch=+9.1 roll=+134.4 | mag=0.1368
22:51:37 [INFO] GYRO_DIAG: gx=+0.1039 gy=-0.0093 gz=-0.0629 | peaks: [-2.9621, -1.8764, -2.2413] | yaw=-10.7 pitch=+35.3 roll=+143.8 | mag=0.1218
22:51:38 [INFO] Loop OK - px_off=-59px, zoom=1.0, tracking=True, fps=60, has_frame=True
22:51:38 [INFO] IMU diag: gy=-0.0771 gx=-0.0024 px_off=-59px gain=0.87 decay=1.0000 dead=0.04 mag=0.0958 resp=0.014 yaw_out=-59 imu=539449
22:51:38 [INFO] GYRO_DIAG: gx=-0.0097 gy=-0.0447 gz=-0.0391 | peaks: [-2.9621, -1.8764, -2.2413] | yaw=-61.9 pitch=+52.0 roll=+138.6 | mag=0.0602
22:51:39 [INFO] GYRO_DIAG: gx=-0.0488 gy=+0.0218 gz=-0.0501 | peaks: [-2.9621, -1.8764, -2.2413] | yaw=-41.1 pitch=+16.9 roll=+122.7 | mag=0.0733
22:51:40 [INFO] GYRO_DIAG: gx=-0.0079 gy=-0.0759 gz=+0.0177 | peaks: [-2.9621, -1.8764, -2.2413] | yaw=-46.2 pitch=+7.3 roll=+122.9 | mag=0.0783
22:51:41 [INFO] GYRO_DIAG: gx=-0.0433 gy=-0.0130 gz=+0.0281 | peaks: [-2.9621, -1.8764, -2.2413] | yaw=-48.9 pitch=-6.5 roll=+125.8 | mag=0.0533
22:51:42 [INFO] GYRO_DIAG: gx=-0.0048 gy=-0.0203 gz=-0.0079 | peaks: [-2.9621, -1.8764, -2.2413] | yaw=-48.9 pitch=-9.5 roll=+126.0 | mag=0.0223
22:51:43 [INFO] GYRO_DIAG: gx=-0.2638 gy=+0.2088 gz=-0.0049 | peaks: [-2.9621, -1.8764, -2.2413] | yaw=-39.0 pitch=-48.9 roll=+126.4 | mag=0.3365
22:51:44 [INFO] GYRO_DIAG: gx=+0.0575 gy=+0.0811 gz=+0.0006 | peaks: [-2.9621, -1.8764, -2.2413] | yaw=-45.0 pitch=+18.0 roll=+130.1 | mag=0.0994
22:51:45 [INFO] GYRO_DIAG: gx=-0.0036 gy=-0.0441 gz=-0.0110 | peaks: [-2.9621, -1.8764, -2.2413] | yaw=-42.9 pitch=+15.8 roll=+129.2 | mag=0.0456
22:51:46 [INFO] GYRO_DIAG: gx=-0.0250 gy=-0.0185 gz=-0.0207 | peaks: [-2.9621, -1.8764, -2.2413] | yaw=-49.0 pitch=+20.6 roll=+128.1 | mag=0.0374
22:51:47 [INFO] GYRO_DIAG: gx=-0.0030 gy=+0.0121 gz=-0.0049 | peaks: [-2.9621, -1.8764, -2.2413] | yaw=-55.5 pitch=+8.9 roll=+125.6 | mag=0.0134
22:51:48 [INFO] GYRO_DIAG: gx=-0.0134 gy=+0.0041 gz=-0.0152 | peaks: [-2.9621, -1.8764, -2.2413] | yaw=-55.9 pitch=+3.0 roll=+127.3 | mag=0.0207
22:51:48 [INFO] Loop OK - px_off=-45px, zoom=1.0, tracking=True, fps=60, has_frame=True
22:51:48 [INFO] IMU diag: gy=+0.0029 gx=-0.0128 px_off=-45px gain=0.87 decay=1.0000 dead=0.04 mag=0.0196 resp=0.000 yaw_out=-45 imu=544501
22:51:49 [INFO] GYRO_DIAG: gx=-0.0262 gy=+0.0060 gz=+0.0013 | peaks: [-2.9621, -1.8764, -2.2413] | yaw=-55.3 pitch=+2.6 roll=+128.2 | mag=0.0269
22:51:50 [INFO] GYRO_DIAG: gx=-0.0671 gy=-0.1987 gz=-0.0354 | peaks: [-2.9621, -1.8764, -2.2413] | yaw=-22.6 pitch=-4.6 roll=+132.6 | mag=0.2127
22:51:51 [INFO] GYRO_DIAG: gx=+0.0172 gy=+0.1257 gz=+0.0385 | peaks: [-2.9621, -1.8764, -2.2413] | yaw=-79.0 pitch=-16.5 roll=+127.7 | mag=0.1326
22:51:52 [INFO] GYRO_DIAG: gx=-0.0018 gy=+0.0127 gz=-0.0061 | peaks: [-2.9621, -1.8764, -2.2413] | yaw=-63.8 pitch=-5.7 roll=+132.2 | mag=0.0142
22:51:53 [INFO] GYRO_DIAG: gx=+0.0147 gy=+0.0200 gz=-0.0018 | peaks: [-2.9621, -1.8764, -2.2413] | yaw=-61.5 pitch=-1.3 roll=+129.6 | mag=0.0249
22:51:54 [INFO] GYRO_DIAG: gx=-0.0085 gy=+0.0133 gz=-0.0018 | peaks: [-2.9621, -1.8764, -2.2413] | yaw=-61.1 pitch=-0.4 roll=+128.4 | mag=0.0159
22:51:55 [INFO] GYRO_DIAG: gx=+0.0043 gy=+0.0029 gz=-0.0030 | peaks: [-2.9621, -1.8764, -2.2413] | yaw=-62.3 pitch=-2.0 roll=+127.3 | mag=0.0060
22:51:56 [INFO] GYRO_DIAG: gx=+0.0062 gy=-0.0063 gz=+0.0006 | peaks: [-2.9621, -1.8764, -2.2413] | yaw=-62.3 pitch=+2.7 roll=+127.6 | mag=0.0088
22:51:57 [INFO] GYRO_DIAG: gx=-0.0152 gy=+0.0127 gz=+0.0041 | peaks: [-2.9621, -1.8764, -2.2413] | yaw=-64.1 pitch=-2.0 roll=+128.8 | mag=0.0203
22:51:58 [INFO] Loop OK - px_off=-66px, zoom=1.0, tracking=True, fps=60, has_frame=True
22:51:58 [INFO] IMU diag: gy=+0.0042 gx=-0.0018 px_off=-66px gain=0.87 decay=1.0000 dead=0.04 mag=0.0048 resp=0.000 yaw_out=-66 imu=549432
22:51:58 [INFO] GYRO_DIAG: gx=-0.0018 gy=+0.0042 gz=-0.0106 | peaks: [-2.9621, -1.8764, -2.2413] | yaw=-63.7 pitch=-1.6 roll=+128.0 | mag=0.0115
22:51:59 [INFO] GYRO_DIAG: gx=-0.0085 gy=-0.0068 gz=+0.0065 | peaks: [-2.9621, -1.8764, -2.2413] | yaw=-62.3 pitch=+2.2 roll=+125.9 | mag=0.0127
22:52:00 [INFO] GYRO_DIAG: gx=-0.0054 gy=-0.0184 gz=+0.0102 | peaks: [-2.9621, -1.8764, -2.2413] | yaw=-61.4 pitch=+0.8 roll=+125.9 | mag=0.0217
22:52:01 [INFO] GYRO_DIAG: gx=-0.0024 gy=+0.0036 gz=-0.0082 | peaks: [-2.9621, -1.8764, -2.2413] | yaw=-61.6 pitch=+1.1 roll=+125.5 | mag=0.0092
22:52:02 [INFO] GYRO_DIAG: gx=-0.0256 gy=-0.0117 gz=-0.0069 | peaks: [-2.9621, -1.8764, -2.2413] | yaw=-60.8 pitch=+1.7 roll=+126.0 | mag=0.0290
22:52:03 [INFO] GYRO_DIAG: gx=-0.0018 gy=+0.0201 gz=+0.0089 | peaks: [-2.9621, -1.8764, -2.2413] | yaw=-60.8 pitch=+1.1 roll=+126.3 | mag=0.0220
22:52:04 [INFO] GYRO_DIAG: gx=+0.0092 gy=+0.0286 gz=-0.0063 | peaks: [-2.9621, -1.8764, -2.2413] | yaw=-61.6 pitch=+1.2 roll=+125.9 | mag=0.0307
22:52:05 [INFO] GYRO_DIAG: gx=+0.0007 gy=+0.0024 gz=+0.0053 | peaks: [-2.9621, -1.8764, -2.2413] | yaw=-61.7 pitch=+0.6 roll=+125.8 | mag=0.0058
22:52:06 [INFO] GYRO_DIAG: gx=-0.0030 gy=+0.0072 gz=-0.0027 | peaks: [-2.9621, -1.8764, -2.2413] | yaw=-62.4 pitch=+0.9 roll=+125.1 | mag=0.0083
22:52:07 [INFO] GYRO_DIAG: gx=-0.0006 gy=+0.0097 gz=-0.0002 | peaks: [-2.9621, -1.8764, -2.2413] | yaw=-62.8 pitch=+0.5 roll=+125.6 | mag=0.0097
22:52:08 [INFO] Loop OK - px_off=-54px, zoom=1.0, tracking=True, fps=60, has_frame=True
22:52:08 [INFO] IMU diag: gy=+0.0011 gx=-0.0061 px_off=-54px gain=0.87 decay=1.0000 dead=0.04 mag=0.0062 resp=0.000 yaw_out=-54 imu=554362
22:52:08 [INFO] GYRO_DIAG: gx=-0.0170 gy=+0.0036 gz=+0.0047 | peaks: [-2.9621, -1.8764, -2.2413] | yaw=-62.5 pitch=+1.5 roll=+125.7 | mag=0.0180
22:52:09 [INFO] GYRO_DIAG: gx=+0.0013 gy=-0.0013 gz=-0.0002 | peaks: [-2.9621, -1.8764, -2.2413] | yaw=-61.4 pitch=+1.1 roll=+125.8 | mag=0.0018
22:52:10 [INFO] GYRO_DIAG: gx=+0.0098 gy=+0.0218 gz=-0.0040 | peaks: [-2.9621, -1.8764, -2.2413] | yaw=-63.0 pitch=+1.4 roll=+125.5 | mag=0.0242
22:52:11 [INFO] GYRO_DIAG: gx=-0.0012 gy=+0.0029 gz=-0.0009 | peaks: [-2.9621, -1.8764, -2.2413] | yaw=-63.9 pitch=+2.8 roll=+125.4 | mag=0.0032
22:52:12 [INFO] GYRO_DIAG: gx=+0.0234 gy=+0.0120 gz=+0.0022 | peaks: [-2.9621, -1.8764, -2.2413] | yaw=-64.4 pitch=+2.8 roll=+125.4 | mag=0.0264
22:52:13 [INFO] GYRO_DIAG: gx=+0.0008 gy=+0.0028 gz=-0.0045 | peaks: [-2.9621, -1.8764, -2.2413] | yaw=-62.6 pitch=+2.7 roll=+126.3 | mag=0.0053
22:52:14 [INFO] GYRO_DIAG: gx=+0.0032 gy=+0.0034 gz=-0.0075 | peaks: [-2.9621, -1.8764, -2.2413] | yaw=-62.6 pitch=+3.3 roll=+126.3 | mag=0.0089
22:52:15 [INFO] GYRO_DIAG: gx=-0.0053 gy=-0.0039 gz=+0.0022 | peaks: [-2.9621, -1.8764, -2.2413] | yaw=-61.8 pitch=+2.1 roll=+126.2 | mag=0.0070
22:52:16 [INFO] GYRO_DIAG: gx=-0.0010 gy=+0.0028 gz=-0.0051 | peaks: [-2.9621, -1.8764, -2.2413] | yaw=-62.0 pitch=+2.0 roll=+126.4 | mag=0.0059
22:52:17 [INFO] GYRO_DIAG: gx=-0.0041 gy=+0.0028 gz=-0.0100 | peaks: [-2.9621, -1.8764, -2.2413] | yaw=-60.0 pitch=+2.1 roll=+127.2 | mag=0.0111
22:52:18 [INFO] Loop OK - px_off=-47px, zoom=1.0, tracking=True, fps=60, has_frame=True
22:52:18 [INFO] IMU diag: gy=+0.0065 gx=-0.0016 px_off=-47px gain=0.87 decay=1.0000 dead=0.04 mag=0.0070 resp=0.000 yaw_out=-47 imu=559292
22:52:18 [INFO] GYRO_DIAG: gx=-0.0133 gy=-0.0125 gz=+0.0028 | peaks: [-2.9621, -1.8764, -2.2413] | yaw=-59.4 pitch=+2.0 roll=+126.7 | mag=0.0184
22:52:20 [INFO] GYRO_DIAG: gx=-0.0065 gy=-0.0045 gz=+0.0261 | peaks: [-2.9621, -1.8764, -2.2413] | yaw=-64.9 pitch=-4.1 roll=+126.0 | mag=0.0272
22:52:21 [INFO] GYRO_DIAG: gx=-0.0737 gy=+0.0309 gz=-0.0057 | peaks: [-2.9621, -1.8764, -2.2413] | yaw=-65.2 pitch=-12.8 roll=+129.6 | mag=0.0801
22:52:22 [INFO] GYRO_DIAG: gx=+0.0216 gy=-0.0064 gz=-0.0039 | peaks: [-2.9621, -1.8764, -2.2413] | yaw=-52.5 pitch=+0.4 roll=+127.9 | mag=0.0228
22:52:23 [INFO] GYRO_DIAG: gx=+0.0179 gy=-0.0045 gz=-0.0008 | peaks: [-2.9621, -1.8764, -2.2413] | yaw=-55.6 pitch=+1.4 roll=+126.8 | mag=0.0185
22:52:24 [INFO] GYRO_DIAG: gx=-0.0084 gy=+0.0217 gz=-0.0118 | peaks: [-2.9621, -1.8764, -2.2413] | yaw=-53.5 pitch=-1.7 roll=+126.8 | mag=0.0261
22:52:25 [INFO] GYRO_DIAG: gx=+0.0100 gy=+0.0046 gz=+0.0065 | peaks: [-2.9621, -1.8764, -2.2413] | yaw=-52.9 pitch=+0.4 roll=+125.8 | mag=0.0128
22:52:26 [INFO] GYRO_DIAG: gx=-0.0035 gy=-0.0003 gz=-0.0033 | peaks: [-2.9621, -1.8764, -2.2413] | yaw=-50.5 pitch=+1.9 roll=+125.6 | mag=0.0048
22:52:27 [INFO] GYRO_DIAG: gx=-0.0236 gy=-0.0198 gz=+0.0004 | peaks: [-2.9621, -1.8764, -2.2413] | yaw=-52.3 pitch=+0.7 roll=+124.9 | mag=0.0308
22:52:28 [INFO] GYRO_DIAG: gx=-0.0114 gy=-0.0045 gz=+0.0065 | peaks: [-2.9621, -1.8764, -2.2413] | yaw=-52.4 pitch=+0.7 roll=+124.9 | mag=0.0139
22:52:28 [INFO] Loop OK - px_off=-42px, zoom=1.0, tracking=True, fps=60, has_frame=True
22:52:28 [INFO] IMU diag: gy=+0.0101 gx=+0.0093 px_off=-42px gain=0.87 decay=1.0000 dead=0.04 mag=0.0138 resp=0.000 yaw_out=-42 imu=564222
22:52:29 [INFO] GYRO_DIAG: gx=-0.0029 gy=-0.0113 gz=+0.0010 | peaks: [-2.9621, -1.8764, -2.2413] | yaw=-51.6 pitch=+1.5 roll=+124.9 | mag=0.0117
22:52:30 [INFO] GYRO_DIAG: gx=-0.0029 gy=-0.0064 gz=+0.0059 | peaks: [-2.9621, -1.8764, -2.2413] | yaw=-50.6 pitch=+1.4 roll=+124.9 | mag=0.0091
22:52:31 [INFO] GYRO_DIAG: gx=+0.0210 gy=-0.0021 gz=-0.0063 | peaks: [-2.9621, -1.8764, -2.2413] | yaw=-49.9 pitch=+1.6 roll=+125.4 | mag=0.0220
22:52:32 [INFO] GYRO_DIAG: gx=-0.0255 gy=+0.0181 gz=+0.0035 | peaks: [-2.9621, -1.8764, -2.2413] | yaw=-48.7 pitch=+4.0 roll=+125.4 | mag=0.0314
22:52:33 [INFO] GYRO_DIAG: gx=-0.0010 gy=+0.0364 gz=+0.0090 | peaks: [-2.9621, -1.8764, -2.2413] | yaw=-45.0 pitch=+3.3 roll=+125.7 | mag=0.0375
22:52:34 [INFO] GYRO_DIAG: gx=+0.0252 gy=+0.0437 gz=+0.0108 | peaks: [-2.9621, -1.8764, -2.2413] | yaw=+44.6 pitch=+9.7 roll=+140.4 | mag=0.0516
22:52:35 [INFO] GYRO_DIAG: gx=-0.0139 gy=-0.0937 gz=-0.0307 | peaks: [-2.9621, -1.8764, -2.2413] | yaw=-60.7 pitch=+1.5 roll=+121.2 | mag=0.0996
22:52:36 [INFO] GYRO_DIAG: gx=+0.0295 gy=+0.0181 gz=+0.0016 | peaks: [-2.9621, -1.8764, -2.2413] | yaw=-56.8 pitch=+1.2 roll=+124.4 | mag=0.0346
22:52:37 [INFO] GYRO_DIAG: gx=+0.0045 gy=+0.0193 gz=-0.0063 | peaks: [-2.9621, -1.8764, -2.2413] | yaw=-53.6 pitch=+3.7 roll=+125.1 | mag=0.0208
22:52:38 [INFO] GYRO_DIAG: gx=-0.0151 gy=+0.0083 gz=-0.0033 | peaks: [-2.9621, -1.8764, -2.2413] | yaw=-49.9 pitch=+2.6 roll=+125.7 | mag=0.0175
22:52:38 [INFO] Loop OK - px_off=-70px, zoom=1.0, tracking=True, fps=60, has_frame=True
22:52:38 [INFO] IMU diag: gy=-0.0033 gx=+0.0039 px_off=-70px gain=0.87 decay=1.0000 dead=0.04 mag=0.0060 resp=0.000 yaw_out=-70 imu=569151
22:52:39 [INFO] GYRO_DIAG: gx=-0.0041 gy=+0.0168 gz=-0.0051 | peaks: [-2.9621, -1.8764, -2.2413] | yaw=-48.3 pitch=+2.1 roll=+126.3 | mag=0.0181
22:52:40 [INFO] GYRO_DIAG: gx=+0.0020 gy=+0.0083 gz=-0.0057 | peaks: [-2.9621, -1.8764, -2.2413] | yaw=-49.3 pitch=+2.7 roll=+126.4 | mag=0.0103
22:52:41 [INFO] GYRO_DIAG: gx=-0.0041 gy=-0.0100 gz=+0.0022 | peaks: [-2.9621, -1.8764, -2.2413] | yaw=-48.6 pitch=+1.5 roll=+126.5 | mag=0.0111
22:52:42 [INFO] GYRO_DIAG: gx=+0.0234 gy=+0.0449 gz=+0.0108 | peaks: [-2.9621, -1.8764, -2.2413] | yaw=-32.7 pitch=+10.7 roll=+128.4 | mag=0.0518
22:52:43 [INFO] GYRO_DIAG: gx=+0.0118 gy=-0.0644 gz=-0.0143 | peaks: [-2.9621, -1.8764, -2.2413] | yaw=-40.4 pitch=+8.1 roll=+126.6 | mag=0.0670
22:52:44 [INFO] GYRO_DIAG: gx=-0.0475 gy=+0.2148 gz=+0.0615 | peaks: [-2.9621, -1.8764, -2.2413] | yaw=+56.7 pitch=-1.4 roll=+145.7 | mag=0.2284
22:52:45 [INFO] GYRO_DIAG: gx=+0.0576 gy=-0.4419 gz=-0.0784 | peaks: [-2.9621, -1.8764, -2.2413] | yaw=+26.5 pitch=-4.3 roll=+132.6 | mag=0.4525
22:52:46 [INFO] GYRO_DIAG: gx=+0.0112 gy=+0.1115 gz=+0.0303 | peaks: [-2.9621, -1.8764, -2.2413] | yaw=-76.6 pitch=+5.9 roll=+116.1 | mag=0.1161
22:52:47 [INFO] GYRO_DIAG: gx=+0.0075 gy=+0.0284 gz=+0.0022 | peaks: [-2.9621, -1.8764, -2.2413] | yaw=-68.4 pitch=+5.2 roll=+121.4 | mag=0.0295
22:52:48 [INFO] GYRO_DIAG: gx=+0.0045 gy=-0.0015 gz=+0.0035 | peaks: [-2.9621, -1.8764, -2.2413] | yaw=-63.6 pitch=+4.9 roll=+123.8 | mag=0.0058
22:52:48 [INFO] Loop OK - px_off=-140px, zoom=1.0, tracking=True, fps=60, has_frame=True
22:52:48 [INFO] IMU diag: gy=-0.0009 gx=-0.0084 px_off=-140px gain=0.87 decay=1.0000 dead=0.04 mag=0.0106 resp=0.000 yaw_out=-140 imu=574081
22:52:49 [INFO] GYRO_DIAG: gx=+0.0216 gy=+0.0327 gz=+0.0071 | peaks: [-2.9621, -1.8764, -2.2413] | yaw=-51.2 pitch=+8.2 roll=+127.2 | mag=0.0398
22:52:50 [INFO] GYRO_DIAG: gx=-0.0536 gy=-0.0039 gz=-0.0020 | peaks: [-2.9621, -1.8764, -2.2413] | yaw=-46.5 pitch=+6.4 roll=+125.9 | mag=0.0538
22:52:51 [INFO] GYRO_DIAG: gx=+0.0069 gy=+0.0565 gz=+0.0035 | peaks: [-2.9621, -1.8764, -2.2413] | yaw=-44.6 pitch=+4.4 roll=+126.2 | mag=0.0571
22:52:52 [INFO] GYRO_DIAG: gx=-0.0029 gy=-0.0809 gz=-0.0008 | peaks: [-2.9621, -1.8764, -2.2413] | yaw=-43.1 pitch=+6.6 roll=+127.2 | mag=0.0810
22:52:53 [INFO] GYRO_DIAG: gx=-0.1800 gy=+0.1225 gz=-0.0362 | peaks: [-2.9621, -1.8764, -2.2413] | yaw=-45.0 pitch=+2.0 roll=+127.3 | mag=0.2208
22:52:54 [INFO] GYRO_DIAG: gx=+0.0057 gy=-0.0320 gz=+0.0065 | peaks: [-2.9621, -1.8764, -2.2413] | yaw=-37.2 pitch=+3.3 roll=+129.8 | mag=0.0332
22:52:55 [INFO] GYRO_DIAG: gx=-0.0126 gy=-0.0265 gz=+0.0120 | peaks: [-2.9621, -1.8764, -2.2413] | yaw=-34.5 pitch=+2.0 roll=+128.9 | mag=0.0317
22:52:56 [INFO] GYRO_DIAG: gx=-0.0071 gy=-0.0375 gz=+0.0126 | peaks: [-2.9621, -1.8764, -2.2413] | yaw=-32.4 pitch=+0.6 roll=+127.6 | mag=0.0402
22:52:57 [INFO] GYRO_DIAG: gx=+0.0087 gy=+0.0138 gz=-0.0014 | peaks: [-2.9621, -1.8764, -2.2413] | yaw=-32.0 pitch=+1.2 roll=+127.8 | mag=0.0164
22:52:58 [INFO] GYRO_DIAG: gx=+0.0051 gy=+0.0065 gz=-0.0063 | peaks: [-2.9621, -1.8764, -2.2413] | yaw=-28.8 pitch=+1.6 roll=+127.4 | mag=0.0104
22:52:58 [INFO] Loop OK - px_off=-79px, zoom=1.0, tracking=True, fps=60, has_frame=True
22:52:58 [INFO] IMU diag: gy=+0.0107 gx=+0.0045 px_off=-79px gain=0.87 decay=1.0000 dead=0.04 mag=0.0142 resp=0.000 yaw_out=-79 imu=579014
22:52:59 [INFO] GYRO_DIAG: gx=+0.0136 gy=+0.0229 gz=-0.0033 | peaks: [-2.9621, -1.8764, -2.2413] | yaw=-26.7 pitch=+1.2 roll=+126.8 | mag=0.0269
22:53:00 [INFO] GYRO_DIAG: gx=+0.0106 gy=+0.0303 gz=+0.0071 | peaks: [-2.9621, -1.8764, -2.2413] | yaw=-23.8 pitch=+2.2 roll=+127.4 | mag=0.0329
22:53:01 [INFO] GYRO_DIAG: gx=-0.0029 gy=-0.0015 gz=-0.0057 | peaks: [-2.9621, -1.8764, -2.2413] | yaw=-25.4 pitch=+4.6 roll=+127.8 | mag=0.0066
22:53:02 [INFO] GYRO_DIAG: gx=+0.0081 gy=+0.0034 gz=-0.0026 | peaks: [-2.9621, -1.8764, -2.2413] | yaw=-23.5 pitch=+1.7 roll=+127.1 | mag=0.0092
22:53:03 [INFO] GYRO_DIAG: gx=-0.0236 gy=+0.0193 gz=+0.0004 | peaks: [-2.9621, -1.8764, -2.2413] | yaw=-30.9 pitch=+0.7 roll=+132.1 | mag=0.0305
22:53:04 [INFO] GYRO_DIAG: gx=+0.0002 gy=-0.0021 gz=-0.0136 | peaks: [-2.9621, -1.8764, -2.2413] | yaw=-26.1 pitch=+1.6 roll=+129.8 | mag=0.0138
22:53:05 [INFO] GYRO_DIAG: gx=-0.0053 gy=-0.0058 gz=+0.0041 | peaks: [-2.9621, -1.8764, -2.2413] | yaw=-26.1 pitch=-0.6 roll=+127.3 | mag=0.0088
22:53:06 [INFO] GYRO_DIAG: gx=+0.0051 gy=+0.0132 gz=-0.0008 | peaks: [-2.9621, -1.8764, -2.2413] | yaw=-26.4 pitch=+2.2 roll=+127.7 | mag=0.0141
22:53:07 [INFO] GYRO_DIAG: gx=-0.0004 gy=-0.0009 gz=+0.0047 | peaks: [-2.9621, -1.8764, -2.2413] | yaw=-24.5 pitch=+2.5 roll=+127.1 | mag=0.0048
22:53:08 [INFO] Loop OK - px_off=-61px, zoom=1.0, tracking=True, fps=60, has_frame=True
22:53:08 [INFO] IMU diag: gy=+0.0022 gx=+0.0069 px_off=-61px gain=0.87 decay=1.0000 dead=0.04 mag=0.0073 resp=0.000 yaw_out=-61 imu=583946
22:53:08 [INFO] GYRO_DIAG: gx=-0.0212 gy=+0.0229 gz=+0.0016 | peaks: [-2.9621, -1.8764, -2.2413] | yaw=-21.5 pitch=+1.7 roll=+127.2 | mag=0.0313
22:53:09 [INFO] GYRO_DIAG: gx=+0.0002 gy=+0.0040 gz=-0.0057 | peaks: [-2.9621, -1.8764, -2.2413] | yaw=-19.7 pitch=+1.7 roll=+127.1 | mag=0.0070
22:53:10 [INFO] GYRO_DIAG: gx=-0.0090 gy=-0.0088 gz=+0.0004 | peaks: [-2.9621, -1.8764, -2.2413] | yaw=+24.8 pitch=+23.8 roll=+128.4 | mag=0.0126
22:53:11 [INFO] GYRO_DIAG: gx=+0.0179 gy=+0.0132 gz=-0.0002 | peaks: [-2.9621, -1.8764, -2.2413] | yaw=-1.5 pitch=+5.6 roll=+130.0 | mag=0.0222
22:53:12 [INFO] GYRO_DIAG: gx=-0.0010 gy=+0.0003 gz=-0.0008 | peaks: [-2.9621, -1.8764, -2.2413] | yaw=-0.2 pitch=+2.1 roll=+129.8 | mag=0.0014
22:53:13 [INFO] GYRO_DIAG: gx=-0.0108 gy=-0.0119 gz=+0.0035 | peaks: [-2.9621, -1.8764, -2.2413] | yaw=-0.4 pitch=+1.4 roll=+128.0 | mag=0.0164
22:53:14 [INFO] GYRO_DIAG: gx=-0.0029 gy=+0.0107 gz=-0.0075 | peaks: [-2.9621, -1.8764, -2.2413] | yaw=-0.9 pitch=+1.1 roll=+128.0 | mag=0.0134
22:53:15 [INFO] GYRO_DIAG: gx=-0.0059 gy=+0.0089 gz=+0.0022 | peaks: [-2.9621, -1.8764, -2.2413] | yaw=+3.4 pitch=+2.6 roll=+129.0 | mag=0.0109
22:53:16 [INFO] GYRO_DIAG: gx=+0.2885 gy=+0.0535 gz=+0.0206 | peaks: [-2.9621, -1.8764, -2.2413] | yaw=+34.2 pitch=+70.7 roll=+130.1 | mag=0.2941
22:53:17 [INFO] GYRO_DIAG: gx=-0.0701 gy=+0.0034 gz=+0.0010 | peaks: [-2.9621, -1.8764, -2.2413] | yaw=+27.5 pitch=+36.1 roll=+144.5 | mag=0.0702
22:53:18 [INFO] Loop OK - px_off=-46px, zoom=1.0, tracking=True, fps=60, has_frame=True
22:53:18 [INFO] IMU diag: gy=-0.0009 gx=-0.0059 px_off=-46px gain=0.87 decay=1.0000 dead=0.04 mag=0.0066 resp=0.000 yaw_out=-46 imu=588875
22:53:18 [INFO] GYRO_DIAG: gx=-0.0334 gy=-0.0235 gz=-0.0020 | peaks: [-2.9621, -1.8764, -2.2413] | yaw=+28.3 pitch=+13.8 roll=+140.8 | mag=0.0409
22:53:19 [INFO] GYRO_DIAG: gx=-0.0090 gy=+0.0058 gz=-0.0081 | peaks: [-2.9621, -1.8764, -2.2413] | yaw=+30.3 pitch=+4.1 roll=+136.5 | mag=0.0135
22:53:20 [INFO] GYRO_DIAG: gx=+0.0008 gy=+0.0046 gz=-0.0014 | peaks: [-2.9621, -1.8764, -2.2413] | yaw=+32.9 pitch=-0.8 roll=+134.6 | mag=0.0049
22:53:21 [INFO] GYRO_DIAG: gx=-0.0047 gy=+0.0071 gz=-0.0008 | peaks: [-2.9621, -1.8764, -2.2413] | yaw=+34.9 pitch=+0.3 roll=+135.0 | mag=0.0085
22:53:22 [INFO] GYRO_DIAG: gx=-0.0053 gy=-0.0094 gz=+0.0035 | peaks: [-2.9621, -1.8764, -2.2413] | yaw=+34.4 pitch=-3.0 roll=+133.7 | mag=0.0114
22:53:23 [INFO] GYRO_DIAG: gx=+0.0051 gy=+0.0028 gz=+0.0077 | peaks: [-2.9621, -1.8764, -2.2413] | yaw=+35.3 pitch=-2.8 roll=+133.7 | mag=0.0097
22:53:24 [INFO] GYRO_DIAG: gx=+0.0039 gy=+0.0058 gz=-0.0039 | peaks: [-2.9621, -1.8764, -2.2413] | yaw=+37.7 pitch=-2.1 roll=+134.3 | mag=0.0080
22:53:25 [INFO] GYRO_DIAG: gx=-0.0279 gy=-0.0131 gz=+0.0010 | peaks: [-2.9621, -1.8764, -2.2413] | yaw=+38.5 pitch=-4.2 roll=+133.2 | mag=0.0308
22:53:26 [INFO] GYRO_DIAG: gx=+0.0368 gy=+0.0107 gz=+0.0071 | peaks: [-2.9621, -1.8764, -2.2413] | yaw=+38.8 pitch=-5.8 roll=+133.8 | mag=0.0390
22:53:27 [INFO] GYRO_DIAG: gx=+0.0039 gy=+0.0040 gz=-0.0106 | peaks: [-2.9621, -1.8764, -2.2413] | yaw=+42.9 pitch=-0.2 roll=+133.5 | mag=0.0120
22:53:28 [INFO] Loop OK - px_off=-42px, zoom=1.0, tracking=True, fps=60, has_frame=True
22:53:28 [INFO] IMU diag: gy=+0.0089 gx=+0.0320 px_off=-42px gain=0.87 decay=1.0000 dead=0.04 mag=0.0333 resp=0.000 yaw_out=-42 imu=593805
22:53:28 [INFO] GYRO_DIAG: gx=-0.0279 gy=+0.0095 gz=+0.0035 | peaks: [-2.9621, -1.8764, -2.2413] | yaw=+42.3 pitch=-3.0 roll=+132.7 | mag=0.0297
22:53:29 [INFO] GYRO_DIAG: gx=-0.0444 gy=+0.0229 gz=-0.0051 | peaks: [-2.9621, -1.8764, -2.2413] | yaw=+47.5 pitch=-6.5 roll=+133.0 | mag=0.0502
22:53:30 [INFO] GYRO_DIAG: gx=+0.0267 gy=+0.0010 gz=-0.0043 | peaks: [-2.9621, -1.8764, -2.2413] | yaw=+50.2 pitch=-7.7 roll=+132.8 | mag=0.0271
22:53:32 [INFO] GYRO_DIAG: gx=+0.0481 gy=-0.0149 gz=-0.0019 | peaks: [-2.9621, -1.8764, -2.2413] | yaw=+44.4 pitch=-3.1 roll=+132.4 | mag=0.0504
22:53:33 [INFO] GYRO_DIAG: gx=+0.0481 gy=-0.0100 gz=-0.0019 | peaks: [-2.9621, -1.8764, -2.2413] | yaw=+43.5 pitch=+3.6 roll=+133.0 | mag=0.0492
22:53:34 [INFO] GYRO_DIAG: gx=-0.0215 gy=-0.0136 gz=+0.0030 | peaks: [-2.9621, -1.8764, -2.2413] | yaw=+39.4 pitch=+6.6 roll=+132.5 | mag=0.0256
22:53:35 [INFO] GYRO_DIAG: gx=-0.0588 gy=+0.0041 gz=-0.0025 | peaks: [-2.9621, -1.8764, -2.2413] | yaw=+25.8 pitch=+0.5 roll=+131.6 | mag=0.0590
22:53:36 [INFO] GYRO_DIAG: gx=-0.0392 gy=-0.0362 gz=-0.0043 | peaks: [-2.9621, -1.8764, -2.2413] | yaw=+38.2 pitch=+1.4 roll=+133.0 | mag=0.0536
22:53:37 [INFO] GYRO_DIAG: gx=+0.1165 gy=+0.0187 gz=-0.0147 | peaks: [-2.9621, -1.8764, -2.2413] | yaw=+33.2 pitch=+10.9 roll=+133.3 | mag=0.1190
22:53:38 [INFO] GYRO_DIAG: gx=-0.0215 gy=+0.0707 gz=-0.0752 | peaks: [-2.9621, -1.8764, -2.2413] | yaw=+6.0 pitch=-14.3 roll=+155.9 | mag=0.1054
22:53:38 [INFO] Loop OK - px_off=-41px, zoom=1.0, tracking=True, fps=60, has_frame=True
22:53:38 [INFO] IMU diag: gy=+0.0487 gx=+0.0225 px_off=-41px gain=0.87 decay=1.0000 dead=0.04 mag=0.0546 resp=0.002 yaw_out=-41 imu=598735
22:53:39 [INFO] GYRO_DIAG: gx=+0.0500 gy=+0.1513 gz=-0.0489 | peaks: [-2.9621, -1.8764, -2.2413] | yaw=+21.8 pitch=-14.1 roll=+137.7 | mag=0.1667
22:53:40 [INFO] GYRO_DIAG: gx=+0.0927 gy=+0.0994 gz=-0.0092 | peaks: [-2.9621, -1.8764, -2.2413] | yaw=+42.3 pitch=+6.1 roll=+126.7 | mag=0.1362
22:53:41 [INFO] GYRO_DIAG: gx=-0.0252 gy=-0.0228 gz=-0.0025 | peaks: [-2.9621, -1.8764, -2.2413] | yaw=+28.3 pitch=+18.4 roll=+121.4 | mag=0.0341
22:53:42 [INFO] GYRO_DIAG: gx=+0.0286 gy=+0.0120 gz=-0.0110 | peaks: [-2.9621, -1.8764, -2.2413] | yaw=+28.1 pitch=+8.6 roll=+125.8 | mag=0.0329
22:53:43 [INFO] GYRO_DIAG: gx=-0.1168 gy=-0.0821 gz=-0.0068 | peaks: [-2.9621, -1.8764, -2.2413] | yaw=-25.9 pitch=-12.9 roll=+123.5 | mag=0.1429
22:53:44 [INFO] GYRO_DIAG: gx=+0.0402 gy=-0.0582 gz=-0.0001 | peaks: [-2.9621, -1.8764, -2.2413] | yaw=+3.8 pitch=+51.0 roll=+135.5 | mag=0.0707
22:53:45 [INFO] GYRO_DIAG: gx=-0.0276 gy=-0.0014 gz=-0.0043 | peaks: [-2.9621, -1.8764, -2.2413] | yaw=-7.5 pitch=+3.8 roll=+133.7 | mag=0.0280
22:53:46 [INFO] GYRO_DIAG: gx=-0.0716 gy=+0.0236 gz=+0.0219 | peaks: [-2.9621, -1.8764, -2.2413] | yaw=-7.6 pitch=+0.1 roll=+135.3 | mag=0.0785
22:53:47 [INFO] GYRO_DIAG: gx=-0.0350 gy=+0.0077 gz=+0.0030 | peaks: [-2.9621, -1.8764, -2.2413] | yaw=-12.8 pitch=+3.9 roll=+136.4 | mag=0.0359
22:53:48 [INFO] GYRO_DIAG: gx=+0.0237 gy=-0.0008 gz=+0.0012 | peaks: [-2.9621, -1.8764, -2.2413] | yaw=-4.8 pitch=+0.7 roll=+134.0 | mag=0.0237
22:53:48 [INFO] Loop OK - px_off=-50px, zoom=1.0, tracking=True, fps=60, has_frame=True
22:53:48 [INFO] IMU diag: gy=-0.0204 gx=+0.0127 px_off=-50px gain=0.87 decay=1.0000 dead=0.04 mag=0.0255 resp=0.000 yaw_out=-50 imu=603664
22:53:49 [INFO] GYRO_DIAG: gx=+0.0707 gy=-0.0204 gz=+0.0036 | peaks: [-2.9621, -1.8764, -2.2413] | yaw=-10.9 pitch=+1.2 roll=+133.1 | mag=0.0737
22:53:50 [INFO] GYRO_DIAG: gx=+0.0414 gy=-0.0112 gz=-0.0129 | peaks: [-2.9621, -1.8764, -2.2413] | yaw=-15.7 pitch=+8.2 roll=+133.0 | mag=0.0448
22:53:51 [INFO] GYRO_DIAG: gx=-0.0301 gy=-0.2390 gz=-0.0422 | peaks: [-2.9621, -1.8764, -2.2413] | yaw=+0.8 pitch=-18.4 roll=+116.3 | mag=0.2446
22:53:52 [INFO] GYRO_DIAG: gx=+0.0396 gy=-0.0350 gz=-0.0159 | peaks: [-2.9621, -1.8764, -2.2413] | yaw=-35.7 pitch=+3.1 roll=+115.8 | mag=0.0552
22:53:53 [INFO] GYRO_DIAG: gx=-0.0203 gy=-0.0069 gz=-0.0019 | peaks: [-2.9621, -1.8764, -2.2413] | yaw=-43.6 pitch=+6.1 roll=+123.4 | mag=0.0215
22:53:54 [INFO] GYRO_DIAG: gx=+0.0756 gy=-0.0185 gz=+0.0042 | peaks: [-2.9621, -1.8764, -2.2413] | yaw=-42.0 pitch=+1.7 roll=+125.2 | mag=0.0780
22:53:55 [INFO] GYRO_DIAG: gx=-0.0270 gy=-0.0112 gz=+0.0134 | peaks: [-2.9621, -1.8764, -2.2413] | yaw=-49.5 pitch=+6.7 roll=+125.4 | mag=0.0322
22:53:56 [INFO] GYRO_DIAG: gx=-0.0001 gy=+0.0145 gz=-0.0129 | peaks: [-2.9621, -1.8764, -2.2413] | yaw=-52.6 pitch=+5.6 roll=+129.7 | mag=0.0194
22:53:57 [INFO] GYRO_DIAG: gx=-0.0166 gy=-0.0210 gz=-0.0074 | peaks: [-2.9621, -1.8764, -2.2413] | yaw=-60.3 pitch=+11.8 roll=+128.5 | mag=0.0278
22:53:58 [INFO] GYRO_DIAG: gx=+0.0109 gy=-0.0161 gz=+0.0036 | peaks: [-2.9621, -1.8764, -2.2413] | yaw=-63.4 pitch=+6.1 roll=+130.1 | mag=0.0197
22:53:58 [INFO] Loop OK - px_off=-37px, zoom=1.0, tracking=True, fps=60, has_frame=True
22:53:58 [INFO] IMU diag: gy=-0.0130 gx=+0.0133 px_off=-37px gain=0.87 decay=1.0000 dead=0.04 mag=0.0194 resp=0.000 yaw_out=-37 imu=608594
22:53:59 [INFO] GYRO_DIAG: gx=-0.0215 gy=-0.0326 gz=+0.0018 | peaks: [-2.9621, -1.8764, -2.2413] | yaw=-66.2 pitch=+11.6 roll=+130.0 | mag=0.0391
22:54:00 [INFO] GYRO_DIAG: gx=-0.0081 gy=-0.0112 gz=-0.0013 | peaks: [-2.9621, -1.8764, -2.2413] | yaw=-73.9 pitch=+9.8 roll=+130.0 | mag=0.0139
22:54:01 [INFO] GYRO_DIAG: gx=+0.0219 gy=-0.0210 gz=+0.0140 | peaks: [-2.9621, -1.8764, -2.2413] | yaw=-76.8 pitch=+10.0 roll=+131.6 | mag=0.0334
22:54:02 [INFO] GYRO_DIAG: gx=+0.0041 gy=-0.0008 gz=-0.0129 | peaks: [-2.9621, -1.8764, -2.2413] | yaw=-81.3 pitch=+12.3 roll=+130.2 | mag=0.0136
22:54:03 [INFO] GYRO_DIAG: gx=+0.0029 gy=-0.0106 gz=+0.0085 | peaks: [-2.9621, -1.8764, -2.2413] | yaw=-83.6 pitch=+11.4 roll=+130.3 | mag=0.0139
22:54:04 [INFO] GYRO_DIAG: gx=+0.0023 gy=+0.0029 gz=+0.0042 | peaks: [-2.9621, -1.8764, -2.2413] | yaw=-88.6 pitch=+10.8 roll=+131.2 | mag=0.0056
22:54:05 [INFO] GYRO_DIAG: gx=+0.0121 gy=-0.0026 gz=-0.0025 | peaks: [-2.9621, -1.8764, -2.2413] | yaw=-92.8 pitch=+10.7 roll=+130.7 | mag=0.0126
22:54:06 [INFO] GYRO_DIAG: gx=+0.0115 gy=-0.0039 gz=-0.0001 | peaks: [-2.9621, -1.8764, -2.2413] | yaw=-95.7 pitch=+9.7 roll=+131.2 | mag=0.0121
22:54:07 [INFO] GYRO_DIAG: gx=+0.0127 gy=-0.0106 gz=-0.0007 | peaks: [-2.9621, -1.8764, -2.2413] | yaw=-99.8 pitch=+10.6 roll=+131.2 | mag=0.0165
22:54:08 [INFO] GYRO_DIAG: gx=-0.0020 gy=+0.0102 gz=-0.0049 | peaks: [-2.9621, -1.8764, -2.2413] | yaw=-104.1 pitch=+10.6 roll=+130.9 | mag=0.0115
22:54:08 [INFO] Loop OK - px_off=-35px, zoom=1.0, tracking=True, fps=60, has_frame=True
22:54:08 [INFO] IMU diag: gy=-0.0081 gx=+0.0066 px_off=-35px gain=0.87 decay=1.0000 dead=0.04 mag=0.0105 resp=0.000 yaw_out=-35 imu=613526
22:54:09 [INFO] GYRO_DIAG: gx=+0.0066 gy=-0.0033 gz=-0.0019 | peaks: [-2.9621, -1.8764, -2.2413] | yaw=-107.3 pitch=+11.1 roll=+130.9 | mag=0.0076
22:54:10 [INFO] GYRO_DIAG: gx=+0.0243 gy=+0.1421 gz=-0.0618 | peaks: [-2.9621, -1.8764, -2.2413] | yaw=-102.2 pitch=+10.1 roll=+129.4 | mag=0.1569
22:54:11 [INFO] GYRO_DIAG: gx=-0.0081 gy=-0.2507 gz=+0.0684 | peaks: [-2.9621, -1.8764, -2.2413] | yaw=-130.0 pitch=-9.6 roll=+154.0 | mag=0.2599
22:54:12 [INFO] GYRO_DIAG: gx=+0.0658 gy=-0.0100 gz=+0.0122 | peaks: [-2.9621, -1.8764, -2.2413] | yaw=-141.3 pitch=-7.5 roll=+146.0 | mag=0.0677
22:54:13 [INFO] GYRO_DIAG: gx=+0.0219 gy=-0.0222 gz=-0.0117 | peaks: [-2.9621, -1.8764, -2.2413] | yaw=-123.7 pitch=+11.8 roll=+138.0 | mag=0.0333
22:54:14 [INFO] GYRO_DIAG: gx=-0.0069 gy=-0.0338 gz=+0.0042 | peaks: [-2.9621, -1.8764, -2.2413] | yaw=-127.0 pitch=+13.2 roll=+133.3 | mag=0.0347
22:54:15 [INFO] GYRO_DIAG: gx=+0.0035 gy=-0.0045 gz=+0.0048 | peaks: [-2.9621, -1.8764, -2.2413] | yaw=-131.1 pitch=+11.3 roll=+132.1 | mag=0.0075
22:54:16 [INFO] GYRO_DIAG: gx=+0.0115 gy=+0.0047 gz=+0.0054 | peaks: [-2.9621, -1.8764, -2.2413] | yaw=-137.2 pitch=+9.9 roll=+131.2 | mag=0.0135
22:54:17 [INFO] GYRO_DIAG: gx=-0.0020 gy=-0.0118 gz=-0.0031 | peaks: [-2.9621, -1.8764, -2.2413] | yaw=-140.8 pitch=+9.3 roll=+130.5 | mag=0.0124
22:54:18 [INFO] Loop OK - px_off=-67px, zoom=1.0, tracking=True, fps=60, has_frame=True
22:54:18 [INFO] IMU diag: gy=-0.0002 gx=+0.0127 px_off=-67px gain=0.87 decay=1.0000 dead=0.04 mag=0.0127 resp=0.000 yaw_out=-67 imu=618462
22:54:18 [INFO] GYRO_DIAG: gx=-0.0044 gy=-0.0063 gz=+0.0018 | peaks: [-2.9621, -1.8764, -2.2413] | yaw=-143.8 pitch=+8.3 roll=+130.3 | mag=0.0079
22:54:19 [INFO] GYRO_DIAG: gx=+0.0133 gy=-0.0020 gz=+0.0048 | peaks: [-2.9621, -1.8764, -2.2413] | yaw=-147.2 pitch=+10.9 roll=+130.0 | mag=0.0143
22:54:20 [INFO] GYRO_DIAG: gx=+0.0011 gy=-0.0149 gz=+0.0012 | peaks: [-2.9621, -1.8764, -2.2413] | yaw=-150.7 pitch=+10.4 roll=+129.1 | mag=0.0149
22:54:21 [INFO] GYRO_DIAG: gx=+0.0048 gy=-0.0088 gz=+0.0018 | peaks: [-2.9621, -1.8764, -2.2413] | yaw=-153.9 pitch=+10.6 roll=+129.6 | mag=0.0101
22:54:22 [INFO] GYRO_DIAG: gx=+0.0133 gy=-0.0118 gz=-0.0019 | peaks: [-2.9621, -1.8764, -2.2413] | yaw=-157.4 pitch=+9.7 roll=+130.3 | mag=0.0179
22:54:23 [INFO] GYRO_DIAG: gx=+0.0023 gy=-0.0124 gz=-0.0019 | peaks: [-2.9621, -1.8764, -2.2413] | yaw=-161.5 pitch=+8.7 roll=+130.1 | mag=0.0128
22:54:24 [INFO] GYRO_DIAG: gx=+0.0035 gy=+0.0004 gz=-0.0123 | peaks: [-2.9621, -1.8764, -2.2413] | yaw=-167.2 pitch=+7.6 roll=+129.9 | mag=0.0128
22:54:25 [INFO] GYRO_DIAG: gx=-0.0026 gy=-0.0130 gz=+0.0036 | peaks: [-2.9621, -1.8764, -2.2413] | yaw=-172.2 pitch=+8.7 roll=+129.6 | mag=0.0138
22:54:26 [INFO] GYRO_DIAG: gx=+0.0078 gy=+0.0035 gz=+0.0018 | peaks: [-2.9621, -1.8764, -2.2413] | yaw=-173.9 pitch=+9.0 roll=+129.6 | mag=0.0087
22:54:27 [INFO] GYRO_DIAG: gx=+0.0139 gy=-0.0075 gz=-0.0056 | peaks: [-2.9621, -1.8764, -2.2413] | yaw=-176.7 pitch=+8.9 roll=+129.7 | mag=0.0168
22:54:28 [INFO] Loop OK - px_off=-55px, zoom=1.0, tracking=True, fps=60, has_frame=True
22:54:28 [INFO] IMU diag: gy=-0.0002 gx=+0.0157 px_off=-55px gain=0.87 decay=1.0000 dead=0.04 mag=0.0163 resp=0.000 yaw_out=-55 imu=623396
22:54:28 [INFO] GYRO_DIAG: gx=+0.0011 gy=+0.0041 gz=+0.0018 | peaks: [-2.9621, -1.8764, -2.2413] | yaw=-182.0 pitch=+9.8 roll=+129.8 | mag=0.0046
22:54:29 [INFO] GYRO_DIAG: gx=+0.0005 gy=+0.0077 gz=-0.0031 | peaks: [-2.9621, -1.8764, -2.2413] | yaw=-186.2 pitch=+8.6 roll=+129.3 | mag=0.0084
22:54:30 [INFO] GYRO_DIAG: gx=+0.0048 gy=-0.0344 gz=+0.0097 | peaks: [-2.9621, -1.8764, -2.2413] | yaw=-189.5 pitch=+8.6 roll=+129.4 | mag=0.0361
22:54:31 [INFO] GYRO_DIAG: gx=+0.0011 gy=-0.0149 gz=+0.0030 | peaks: [-2.9621, -1.8764, -2.2413] | yaw=-193.0 pitch=+9.7 roll=+129.9 | mag=0.0152
22:54:32 [INFO] GYRO_DIAG: gx=-0.0040 gy=-0.0041 gz=+0.0099 | peaks: [-2.9621, -1.8764, -2.2413] | yaw=-194.2 pitch=+5.7 roll=+128.8 | mag=0.0114
22:54:33 [INFO] GYRO_DIAG: gx=+0.0101 gy=+0.0069 gz=+0.0197 | peaks: [-2.9621, -1.8764, -2.2413] | yaw=-193.6 pitch=+3.4 roll=+129.3 | mag=0.0232
22:54:34 [INFO] GYRO_DIAG: gx=-0.0083 gy=-0.0114 gz=-0.0017 | peaks: [-2.9621, -1.8764, -2.2413] | yaw=-191.1 pitch=+2.9 roll=+129.9 | mag=0.0142
22:54:35 [INFO] GYRO_DIAG: gx=+0.0027 gy=-0.0157 gz=-0.0011 | peaks: [-2.9621, -1.8764, -2.2413] | yaw=-191.9 pitch=+0.9 roll=+128.8 | mag=0.0159
22:54:36 [INFO] GYRO_DIAG: gx=+0.0198 gy=+0.0020 gz=+0.0032 | peaks: [-2.9621, -1.8764, -2.2413] | yaw=-192.2 pitch=+0.4 roll=+129.0 | mag=0.0202
22:54:37 [INFO] GYRO_DIAG: gx=-0.0040 gy=-0.0114 gz=-0.0133 | peaks: [-2.9621, -1.8764, -2.2413] | yaw=-193.5 pitch=+1.5 roll=+129.2 | mag=0.0180
22:54:38 [INFO] Loop OK - px_off=-48px, zoom=1.0, tracking=True, fps=60, has_frame=True
22:54:38 [INFO] IMU diag: gy=-0.0187 gx=-0.0052 px_off=-48px gain=0.87 decay=1.0000 dead=0.04 mag=0.0197 resp=0.000 yaw_out=-48 imu=628329
22:54:38 [INFO] GYRO_DIAG: gx=-0.0095 gy=-0.0022 gz=+0.0044 | peaks: [-2.9621, -1.8764, -2.2413] | yaw=-195.6 pitch=+0.3 roll=+127.9 | mag=0.0107
22:54:39 [INFO] GYRO_DIAG: gx=-0.0058 gy=+0.0020 gz=+0.0075 | peaks: [-2.9621, -1.8764, -2.2413] | yaw=-194.7 pitch=+1.1 roll=+128.9 | mag=0.0097
22:54:40 [INFO] GYRO_DIAG: gx=-0.0180 gy=-0.0065 gz=+0.0038 | peaks: [-2.9621, -1.8764, -2.2413] | yaw=-195.1 pitch=+0.9 roll=+128.7 | mag=0.0196
22:54:41 [INFO] GYRO_DIAG: gx=-0.0016 gy=+0.0020 gz=+0.0068 | peaks: [-2.9621, -1.8764, -2.2413] | yaw=-196.3 pitch=-0.1 roll=+128.6 | mag=0.0073
22:54:42 [INFO] GYRO_DIAG: gx=+0.0009 gy=-0.0102 gz=+0.0117 | peaks: [-2.9621, -1.8764, -2.2413] | yaw=-197.7 pitch=+0.9 roll=+129.2 | mag=0.0156
22:54:43 [INFO] GYRO_DIAG: gx=-0.0174 gy=+0.0130 gz=+0.0001 | peaks: [-2.9621, -1.8764, -2.2413] | yaw=-200.2 pitch=+1.8 roll=+129.9 | mag=0.0218
22:54:44 [INFO] GYRO_DIAG: gx=-0.0125 gy=+0.0082 gz=-0.0035 | peaks: [-2.9621, -1.8764, -2.2413] | yaw=-199.5 pitch=-0.7 roll=+129.0 | mag=0.0154
22:54:46 [INFO] GYRO_DIAG: gx=-0.0046 gy=-0.0144 gz=-0.0060 | peaks: [-2.9621, -1.8764, -2.2413] | yaw=-200.3 pitch=+1.2 roll=+128.6 | mag=0.0163
22:54:47 [INFO] GYRO_DIAG: gx=+0.0039 gy=-0.0199 gz=+0.0044 | peaks: [-2.9621, -1.8764, -2.2413] | yaw=-200.9 pitch=+0.4 roll=+128.5 | mag=0.0208
22:54:48 [INFO] GYRO_DIAG: gx=+0.0070 gy=+0.0161 gz=-0.0029 | peaks: [-2.9621, -1.8764, -2.2413] | yaw=-199.6 pitch=+1.1 roll=+128.9 | mag=0.0178
22:54:48 [INFO] Loop OK - px_off=-43px, zoom=1.0, tracking=True, fps=60, has_frame=True
22:54:48 [INFO] IMU diag: gy=-0.0041 gx=-0.0046 px_off=-43px gain=0.87 decay=1.0000 dead=0.04 mag=0.0097 resp=0.000 yaw_out=-43 imu=633262
22:54:49 [INFO] GYRO_DIAG: gx=+0.0064 gy=+0.0100 gz=+0.0068 | peaks: [-2.9621, -1.8764, -2.2413] | yaw=-196.5 pitch=+1.8 roll=+129.7 | mag=0.0137
22:54:50 [INFO] GYRO_DIAG: gx=+0.0009 gy=-0.0065 gz=+0.0001 | peaks: [-2.9621, -1.8764, -2.2413] | yaw=-196.0 pitch=+0.7 roll=+129.4 | mag=0.0066
22:54:51 [INFO] GYRO_DIAG: gx=-0.0016 gy=+0.0051 gz=+0.0050 | peaks: [-2.9621, -1.8764, -2.2413] | yaw=-195.9 pitch=+0.2 roll=+129.1 | mag=0.0073
22:54:52 [INFO] GYRO_DIAG: gx=+0.0015 gy=-0.0144 gz=-0.0017 | peaks: [-2.9621, -1.8764, -2.2413] | yaw=-197.1 pitch=+0.7 roll=+129.0 | mag=0.0146
22:54:53 [INFO] GYRO_DIAG: gx=-0.0119 gy=+0.0088 gz=-0.0060 | peaks: [-2.9621, -1.8764, -2.2413] | yaw=-196.8 pitch=-0.2 roll=+128.9 | mag=0.0160
22:54:54 [INFO] GYRO_DIAG: gx=+0.0027 gy=-0.0034 gz=-0.0017 | peaks: [-2.9621, -1.8764, -2.2413] | yaw=-196.2 pitch=-0.2 roll=+128.5 | mag=0.0047
22:54:55 [INFO] GYRO_DIAG: gx=+0.0003 gy=-0.0083 gz=+0.0001 | peaks: [-2.9621, -1.8764, -2.2413] | yaw=-196.8 pitch=-0.3 roll=+128.9 | mag=0.0083
22:54:56 [INFO] GYRO_DIAG: gx=+0.0003 gy=-0.0077 gz=+0.0032 | peaks: [-2.9621, -1.8764, -2.2413] | yaw=-197.4 pitch=+0.0 roll=+128.4 | mag=0.0084
22:54:57 [INFO] GYRO_DIAG: gx=-0.0034 gy=+0.0002 gz=-0.0023 | peaks: [-2.9621, -1.8764, -2.2413] | yaw=-197.2 pitch=-0.5 roll=+129.0 | mag=0.0041
22:54:58 [INFO] GYRO_DIAG: gx=-0.0058 gy=-0.0083 gz=+0.0026 | peaks: [-2.9621, -1.8764, -2.2413] | yaw=-197.0 pitch=+0.6 roll=+129.7 | mag=0.0105
22:54:58 [INFO] Loop OK - px_off=-39px, zoom=1.0, tracking=True, fps=60, has_frame=True
22:54:58 [INFO] IMU diag: gy=+0.0479 gx=+0.0003 px_off=-39px gain=0.87 decay=1.0000 dead=0.04 mag=0.0486 resp=0.001 yaw_out=-39 imu=638196
22:54:59 [INFO] GYRO_DIAG: gx=-0.0064 gy=+0.0082 gz=-0.0054 | peaks: [-2.9621, -1.8764, -2.2413] | yaw=-183.8 pitch=+0.5 roll=+136.2 | mag=0.0117
22:55:00 [INFO] GYRO_DIAG: gx=+0.0003 gy=-0.0102 gz=-0.0164 | peaks: [-2.9621, -1.8764, -2.2413] | yaw=-184.0 pitch=-5.0 roll=+132.3 | mag=0.0193
22:55:01 [INFO] GYRO_DIAG: gx=-0.1530 gy=+0.2983 gz=+0.0899 | peaks: [-2.9621, -1.8764, -2.2413] | yaw=-100.1 pitch=-31.7 roll=+146.8 | mag=0.3471
22:55:02 [INFO] GYRO_DIAG: gx=-0.0248 gy=-0.0609 gz=+0.0007 | peaks: [-2.9621, -1.8764, -2.2413] | yaw=-118.5 pitch=-39.2 roll=+138.3 | mag=0.0657
22:55:03 [INFO] GYRO_DIAG: gx=+0.0094 gy=-0.0328 gz=-0.0084 | peaks: [-2.9621, -1.8764, -2.2413] | yaw=-136.4 pitch=-26.2 roll=+134.3 | mag=0.0351
22:55:04 [INFO] GYRO_DIAG: gx=+0.1915 gy=-0.4775 gz=+0.0533 | peaks: [-2.9621, -1.8764, -2.2413] | yaw=-229.1 pitch=+8.7 roll=+135.2 | mag=0.5172
22:55:05 [INFO] GYRO_DIAG: gx=-0.0620 gy=+0.0057 gz=+0.0227 | peaks: [-2.9621, -1.8764, -2.2413] | yaw=-251.4 pitch=+15.1 roll=+145.9 | mag=0.0663
22:55:06 [INFO] GYRO_DIAG: gx=+0.0198 gy=+0.0137 gz=-0.0042 | peaks: [-2.9621, -1.8764, -2.2413] | yaw=-245.1 pitch=+3.1 roll=+138.3 | mag=0.0244
22:55:07 [INFO] GYRO_DIAG: gx=-0.0070 gy=+0.0185 gz=-0.0035 | peaks: [-2.9621, -1.8764, -2.2413] | yaw=-240.5 pitch=+0.7 roll=+132.8 | mag=0.0202
22:55:08 [INFO] GYRO_DIAG: gx=+0.0247 gy=+0.0265 gz=-0.0011 | peaks: [-2.9621, -1.8764, -2.2413] | yaw=-224.4 pitch=+3.1 roll=+129.7 | mag=0.0362
22:55:08 [INFO] Loop OK - px_off=-108px, zoom=1.0, tracking=True, fps=60, has_frame=True
22:55:08 [INFO] IMU diag: gy=-0.0102 gx=-0.0046 px_off=-108px gain=0.87 decay=1.0000 dead=0.04 mag=0.0130 resp=0.000 yaw_out=-108 imu=643129
22:55:09 [INFO] GYRO_DIAG: gx=+0.0608 gy=-0.3046 gz=-0.0426 | peaks: [-2.9621, -1.8764, -2.2413] | yaw=-230.3 pitch=+2.4 roll=+123.5 | mag=0.3135
22:55:10 [INFO] GYRO_DIAG: gx=+0.0718 gy=+0.0558 gz=+0.0276 | peaks: [-2.9621, -1.8764, -2.2413] | yaw=-245.7 pitch=+56.1 roll=+142.6 | mag=0.0950
22:55:11 [INFO] GYRO_DIAG: gx=-0.0156 gy=+0.0014 gz=+0.0026 | peaks: [-2.9621, -1.8764, -2.2413] | yaw=-244.3 pitch=+36.9 roll=+140.5 | mag=0.0159
22:55:12 [INFO] GYRO_DIAG: gx=-0.0132 gy=-0.0059 gz=-0.0029 | peaks: [-2.9621, -1.8764, -2.2413] | yaw=-248.9 pitch=+18.0 roll=+137.1 | mag=0.0147
22:55:13 [INFO] GYRO_DIAG: gx=-0.0040 gy=-0.0059 gz=+0.0026 | peaks: [-2.9621, -1.8764, -2.2413] | yaw=-250.0 pitch=+10.0 roll=+136.0 | mag=0.0076
22:55:14 [INFO] GYRO_DIAG: gx=+0.0217 gy=+0.0173 gz=-0.0048 | peaks: [-2.9621, -1.8764, -2.2413] | yaw=-249.1 pitch=+4.9 roll=+136.1 | mag=0.0281
22:55:15 [INFO] GYRO_DIAG: gx=-0.0639 gy=+0.2879 gz=-0.0542 | peaks: [-2.9621, -1.8764, -2.2413] | yaw=-234.0 pitch=+0.6 roll=+131.4 | mag=0.2999
22:55:16 [INFO] GYRO_DIAG: gx=+0.0553 gy=-0.1042 gz=-0.0176 | peaks: [-2.9621, -1.8764, -2.2413] | yaw=-157.6 pitch=-63.6 roll=+88.0 | mag=0.1193
22:55:17 [INFO] GYRO_DIAG: gx=+0.0858 gy=-0.4292 gz=-0.0677 | peaks: [-2.9621, -1.8764, -2.2413] | yaw=-223.4 pitch=-27.0 roll=+101.1 | mag=0.4429
22:55:18 [INFO] GYRO_DIAG: gx=+0.0113 gy=+0.0350 gz=+0.0203 | peaks: [-2.9621, -1.8764, -2.2413] | yaw=-233.3 pitch=-19.7 roll=+117.3 | mag=0.0420
22:55:18 [INFO] Loop OK - px_off=-109px, zoom=1.0, tracking=True, fps=60, has_frame=True
22:55:18 [INFO] IMU diag: gy=+0.0888 gx=+0.0039 px_off=-109px gain=0.87 decay=1.0000 dead=0.04 mag=0.0939 resp=0.014 yaw_out=-109 imu=648061
22:55:19 [INFO] GYRO_DIAG: gx=-0.0162 gy=-0.0206 gz=+0.0203 | peaks: [-2.9621, -1.8764, -2.2413] | yaw=-221.0 pitch=-3.2 roll=+122.9 | mag=0.0331
22:55:20 [INFO] GYRO_DIAG: gx=-0.0034 gy=+0.0198 gz=-0.0005 | peaks: [-2.9621, -1.8764, -2.2413] | yaw=-220.9 pitch=-4.3 roll=+126.5 | mag=0.0201
22:55:21 [INFO] GYRO_DIAG: gx=+0.1011 gy=+0.0839 gz=-0.0677 | peaks: [-2.9621, -1.8764, -2.2413] | yaw=-197.8 pitch=-7.9 roll=+106.9 | mag=0.1478
22:55:22 [INFO] GYRO_DIAG: gx=+0.0473 gy=-0.0108 gz=-0.0237 | peaks: [-2.9621, -1.8764, -2.2413] | yaw=-225.5 pitch=+10.2 roll=+104.4 | mag=0.0540
22:55:23 [INFO] GYRO_DIAG: gx=-0.0235 gy=+0.0027 gz=+0.0020 | peaks: [-2.9621, -1.8764, -2.2413] | yaw=-224.2 pitch=+7.1 roll=+121.2 | mag=0.0238
22:55:24 [INFO] GYRO_DIAG: gx=+0.0027 gy=-0.0114 gz=-0.0127 | peaks: [-2.9621, -1.8764, -2.2413] | yaw=-226.1 pitch=+5.3 roll=+123.7 | mag=0.0173
22:55:25 [INFO] GYRO_DIAG: gx=-0.0107 gy=-0.0175 gz=+0.0130 | peaks: [-2.9621, -1.8764, -2.2413] | yaw=-224.4 pitch=+2.3 roll=+125.3 | mag=0.0243
22:55:26 [INFO] GYRO_DIAG: gx=-0.0242 gy=-0.0114 gz=+0.0197 | peaks: [-2.9621, -1.8764, -2.2413] | yaw=-225.1 pitch=+3.8 roll=+127.0 | mag=0.0332
22:55:27 [INFO] GYRO_DIAG: gx=-0.0113 gy=-0.0389 gz=+0.0166 | peaks: [-2.9621, -1.8764, -2.2413] | yaw=-226.8 pitch=-0.9 roll=+127.5 | mag=0.0438
22:55:28 [INFO] Loop OK - px_off=-72px, zoom=1.0, tracking=True, fps=60, has_frame=True
22:55:28 [INFO] IMU diag: gy=-0.0126 gx=-0.0040 px_off=-72px gain=0.87 decay=1.0000 dead=0.04 mag=0.0155 resp=0.000 yaw_out=-72 imu=652998
22:55:28 [INFO] GYRO_DIAG: gx=-0.0034 gy=-0.0102 gz=+0.0062 | peaks: [-2.9621, -1.8764, -2.2413] | yaw=-226.3 pitch=+0.9 roll=+128.6 | mag=0.0124
22:55:29 [INFO] GYRO_DIAG: gx=-0.0162 gy=+0.0173 gz=+0.0026 | peaks: [-2.9621, -1.8764, -2.2413] | yaw=-228.4 pitch=+1.5 roll=+128.0 | mag=0.0239
22:55:30 [INFO] GYRO_DIAG: gx=-0.1604 gy=+0.3625 gz=+0.0643 | peaks: [-2.9621, -1.8764, -2.2413] | yaw=-159.8 pitch=-13.4 roll=+134.7 | mag=0.4015
22:55:31 [INFO] GYRO_DIAG: gx=-0.0822 gy=-0.0609 gz=+0.0093 | peaks: [-2.9621, -1.8764, -2.2413] | yaw=-235.0 pitch=-18.1 roll=+123.5 | mag=0.1027
22:55:32 [INFO] GYRO_DIAG: gx=+0.0070 gy=-0.0077 gz=+0.0075 | peaks: [-2.9621, -1.8764, -2.2413] | yaw=-208.0 pitch=-4.5 roll=+127.3 | mag=0.0128
22:55:33 [INFO] GYRO_DIAG: gx=-0.0028 gy=-0.0224 gz=+0.0050 | peaks: [-2.9621, -1.8764, -2.2413] | yaw=-220.3 pitch=-13.2 roll=+139.0 | mag=0.0231
22:55:34 [INFO] GYRO_DIAG: gx=+0.0143 gy=+0.0020 gz=+0.0032 | peaks: [-2.9621, -1.8764, -2.2413] | yaw=-221.5 pitch=-5.8 roll=+133.1 | mag=0.0148
22:55:35 [INFO] GYRO_DIAG: gx=+0.0139 gy=+0.0071 gz=-0.0060 | peaks: [-2.9621, -1.8764, -2.2413] | yaw=-217.9 pitch=+0.1 roll=+129.0 | mag=0.0167
22:55:36 [INFO] GYRO_DIAG: gx=+0.0029 gy=-0.0014 gz=-0.0017 | peaks: [-2.9621, -1.8764, -2.2413] | yaw=-219.2 pitch=+2.4 roll=+126.8 | mag=0.0037
22:55:37 [INFO] GYRO_DIAG: gx=+0.0145 gy=+0.0151 gz=-0.0042 | peaks: [-2.9621, -1.8764, -2.2413] | yaw=-220.1 pitch=+5.7 roll=+125.5 | mag=0.0213
22:55:38 [INFO] Loop OK - px_off=-33px, zoom=1.0, tracking=True, fps=60, has_frame=True
22:55:38 [INFO] IMU diag: gy=+0.3608 gx=-0.0472 px_off=-29px gain=0.87 decay=1.0000 dead=0.04 mag=0.3839 resp=0.362 yaw_out=-29 imu=657932
22:55:38 [INFO] GYRO_DIAG: gx=+0.0163 gy=+0.2875 gz=+0.0826 | peaks: [-2.9621, -1.8764, -2.2413] | yaw=-130.1 pitch=-5.4 roll=+159.3 | mag=0.2996
22:55:39 [INFO] GYRO_DIAG: gx=-0.0289 gy=-0.2708 gz=-0.1605 | peaks: [-2.9621, -1.8764, -2.2413] | yaw=-163.2 pitch=+12.3 roll=+94.1 | mag=0.3162
22:55:40 [INFO] GYRO_DIAG: gx=-0.0423 gy=-0.1786 gz=+0.0789 | peaks: [-2.9621, -1.8764, -2.2413] | yaw=-247.7 pitch=+12.2 roll=+101.2 | mag=0.1998
22:55:41 [INFO] GYRO_DIAG: gx=-0.0081 gy=-0.0271 gz=+0.0380 | peaks: [-2.9621, -1.8764, -2.2413] | yaw=-298.2 pitch=-9.1 roll=+139.7 | mag=0.0474
22:55:42 [INFO] GYRO_DIAG: gx=+0.0011 gy=+0.0199 gz=+0.0068 | peaks: [-2.9621, -1.8764, -2.2413] | yaw=-284.8 pitch=-3.1 roll=+133.9 | mag=0.0211
22:55:43 [INFO] GYRO_DIAG: gx=+0.0139 gy=-0.0967 gz=+0.0374 | peaks: [-2.9621, -1.8764, -2.2413] | yaw=-206.7 pitch=-0.4 roll=+99.3 | mag=0.1046
22:55:44 [INFO] GYRO_DIAG: gx=-0.0356 gy=+0.0089 gz=+0.0013 | peaks: [-2.9621, -1.8764, -2.2413] | yaw=-198.6 pitch=+6.1 roll=+134.6 | mag=0.0367
22:55:45 [INFO] GYRO_DIAG: gx=-0.0710 gy=+0.0902 gz=+0.0820 | peaks: [-2.9621, -1.8764, -2.2413] | yaw=-196.7 pitch=+21.7 roll=+128.0 | mag=0.1411
22:55:46 [INFO] GYRO_DIAG: gx=+0.1697 gy=+0.1873 gz=-0.0976 | peaks: [-2.9621, -1.8764, -2.2413] | yaw=-315.4 pitch=-112.8 roll=+354.4 | mag=0.2709
22:55:47 [INFO] GYRO_DIAG: gx=+0.0231 gy=-0.4242 gz=-0.1514 | peaks: [-2.9621, -1.8764, -2.2413] | yaw=-170.4 pitch=-22.9 roll=+230.9 | mag=0.4510
22:55:48 [INFO] Loop OK - px_off=-207px, zoom=1.0, tracking=True, fps=60, has_frame=True
22:55:48 [INFO] IMU diag: gy=-0.2879 gx=-0.0832 px_off=-208px gain=0.87 decay=1.0000 dead=0.04 mag=0.5171 resp=0.593 yaw_out=-208 imu=662865
22:55:48 [INFO] GYRO_DIAG: gx=-0.0185 gy=-0.2238 gz=-0.2418 | peaks: [-2.9621, -1.8764, -2.2413] | yaw=-373.5 pitch=-45.3 roll=+26.3 | mag=0.3300
22:55:49 [INFO] GYRO_DIAG: gx=-0.0997 gy=-0.0601 gz=-0.0494 | peaks: [-2.9621, -1.8764, -2.2413] | yaw=-313.2 pitch=-22.3 roll=+77.4 | mag=0.1265
22:55:50 [INFO] GYRO_DIAG: gx=-0.1688 gy=-0.0723 gz=-0.0555 | peaks: [-2.9621, -1.8764, -2.2413] | yaw=-312.5 pitch=-28.9 roll=+90.4 | mag=0.1918
22:55:51 [INFO] GYRO_DIAG: gx=+0.0664 gy=+0.0291 gz=+0.0343 | peaks: [-2.9621, -1.8764, -2.2413] | yaw=-325.4 pitch=-19.6 roll=+97.0 | mag=0.0802
22:55:52 [INFO] GYRO_DIAG: gx=+0.0108 gy=+0.0169 gz=-0.0103 | peaks: [-2.9621, -1.8764, -2.2413] | yaw=-308.4 pitch=-4.0 roll=+103.7 | mag=0.0225
22:55:53 [INFO] GYRO_DIAG: gx=+0.0689 gy=+0.0786 gz=+0.0178 | peaks: [-2.9621, -1.8764, -2.2413] | yaw=-194.0 pitch=+1.7 roll=+130.3 | mag=0.1060
22:55:54 [INFO] GYRO_DIAG: gx=-0.0912 gy=-0.0069 gz=-0.0182 | peaks: [-2.9621, -1.8764, -2.2413] | yaw=-199.8 pitch=-14.1 roll=+116.1 | mag=0.0932
22:55:55 [INFO] GYRO_DIAG: gx=+0.0188 gy=-0.0008 gz=-0.0048 | peaks: [-2.9621, -1.8764, -2.2413] | yaw=-202.0 pitch=-11.5 roll=+114.4 | mag=0.0194
22:55:56 [INFO] GYRO_DIAG: gx=+0.0066 gy=+0.0010 gz=-0.0048 | peaks: [-2.9621, -1.8764, -2.2413] | yaw=-197.9 pitch=-8.8 roll=+111.7 | mag=0.0082
22:55:57 [INFO] GYRO_DIAG: gx=+0.0108 gy=+0.0028 gz=+0.0032 | peaks: [-2.9621, -1.8764, -2.2413] | yaw=-199.0 pitch=-8.1 roll=+110.0 | mag=0.0116
22:55:58 [INFO] Loop OK - px_off=-33px, zoom=1.0, tracking=True, fps=60, has_frame=True
22:55:58 [INFO] IMU diag: gy=+0.0676 gx=+0.0805 px_off=-33px gain=0.87 decay=1.0000 dead=0.04 mag=0.1052 resp=0.019 yaw_out=-33 imu=667799
22:55:58 [INFO] GYRO_DIAG: gx=+0.0273 gy=-0.0161 gz=-0.0420 | peaks: [-2.9621, -1.8764, -2.2413] | yaw=-212.2 pitch=+18.7 roll=+102.4 | mag=0.0527
22:55:59 [INFO] GYRO_DIAG: gx=-0.1119 gy=-0.1047 gz=+0.2347 | peaks: [-2.9621, -1.8764, -2.2413] | yaw=-422.6 pitch=-35.5 roll=+278.5 | mag=0.2803
22:56:00 [INFO] GYRO_DIAG: gx=+0.2393 gy=+0.4530 gz=-0.3218 | peaks: [-2.9621, -1.8764, -2.2413] | yaw=-426.7 pitch=-26.0 roll=+214.1 | mag=0.6050
22:56:02 [INFO] GYRO_DIAG: gx=+0.2118 gy=-0.6850 gz=+0.3049 | peaks: [-2.9621, -1.8764, -2.2413] | yaw=-202.2 pitch=+102.2 roll=-67.9 | mag=0.7792
22:56:03 [INFO] GYRO_DIAG: gx=-0.0350 gy=+0.1232 gz=+0.1553 | peaks: [-2.9621, -1.8764, -2.2413] | yaw=-204.0 pitch=+39.9 roll=+74.4 | mag=0.2013
22:56:04 [INFO] GYRO_DIAG: gx=+0.2314 gy=-0.4779 gz=-0.2418 | peaks: [-2.9621, -1.8764, -2.2413] | yaw=-160.4 pitch=+105.0 roll=+58.0 | mag=0.5834
22:56:05 [INFO] GYRO_DIAG: gx=+0.0365 gy=+0.0456 gz=+0.0276 | peaks: [-2.9621, -1.8764, -2.2413] | yaw=-276.8 pitch=+111.7 roll=+32.4 | mag=0.0646
22:56:06 [INFO] GYRO_DIAG: gx=+0.0786 gy=-0.0503 gz=-0.0054 | peaks: [-2.9621, -1.8764, -2.2413] | yaw=-258.1 pitch=+68.4 roll=+78.3 | mag=0.0935
22:56:07 [INFO] GYRO_DIAG: gx=+0.0017 gy=-0.0552 gz=-0.0206 | peaks: [-2.9621, -1.8764, -2.2413] | yaw=-264.7 pitch=+51.7 roll=+97.9 | mag=0.0590
22:56:08 [INFO] GYRO_DIAG: gx=+0.0096 gy=+0.0267 gz=-0.0133 | peaks: [-2.9621, -1.8764, -2.2413] | yaw=-279.5 pitch=+26.6 roll=+112.3 | mag=0.0313
22:56:08 [INFO] Loop OK - px_off=62px, zoom=1.0, tracking=True, fps=60, has_frame=True
22:56:08 [INFO] IMU diag: gy=-0.0185 gx=-0.0258 px_off=62px gain=0.87 decay=1.0000 dead=0.04 mag=0.0318 resp=0.000 yaw_out=62 imu=672732
22:56:09 [INFO] GYRO_DIAG: gx=+0.0090 gy=+0.0047 gz=-0.0035 | peaks: [-2.9621, -1.8764, -2.2413] | yaw=-283.0 pitch=+16.3 roll=+119.3 | mag=0.0107
22:56:10 [INFO] GYRO_DIAG: gx=+0.0053 gy=+0.0096 gz=-0.0121 | peaks: [-2.9621, -1.8764, -2.2413] | yaw=-281.6 pitch=+10.8 roll=+121.8 | mag=0.0163
22:56:11 [INFO] GYRO_DIAG: gx=+0.0023 gy=-0.0045 gz=+0.0050 | peaks: [-2.9621, -1.8764, -2.2413] | yaw=-284.7 pitch=+7.7 roll=+123.0 | mag=0.0071
22:56:12 [INFO] GYRO_DIAG: gx=+0.0066 gy=-0.0155 gz=+0.0075 | peaks: [-2.9621, -1.8764, -2.2413] | yaw=-286.5 pitch=+7.6 roll=+123.8 | mag=0.0184
22:56:13 [INFO] GYRO_DIAG: gx=-0.0142 gy=+0.0041 gz=-0.0029 | peaks: [-2.9621, -1.8764, -2.2413] | yaw=-289.0 pitch=+8.6 roll=+124.0 | mag=0.0151
22:56:14 [INFO] GYRO_DIAG: gx=+0.0163 gy=-0.0051 gz=-0.0023 | peaks: [-2.9621, -1.8764, -2.2413] | yaw=-290.2 pitch=+7.2 roll=+124.4 | mag=0.0173
22:56:15 [INFO] GYRO_DIAG: gx=+0.0066 gy=-0.0033 gz=-0.0029 | peaks: [-2.9621, -1.8764, -2.2413] | yaw=-291.2 pitch=+7.8 roll=+124.5 | mag=0.0079
22:56:16 [INFO] GYRO_DIAG: gx=+0.0108 gy=-0.0027 gz=-0.0103 | peaks: [-2.9621, -1.8764, -2.2413] | yaw=-293.7 pitch=+8.8 roll=+124.5 | mag=0.0152
22:56:17 [INFO] GYRO_DIAG: gx=+0.0067 gy=-0.0054 gz=-0.0042 | peaks: [-2.9621, -1.8764, -2.2413] | yaw=-294.8 pitch=+6.9 roll=+124.6 | mag=0.0096
22:56:18 [INFO] GYRO_DIAG: gx=+0.0122 gy=-0.0018 gz=+0.0068 | peaks: [-2.9621, -1.8764, -2.2413] | yaw=-294.1 pitch=+5.4 roll=+125.6 | mag=0.0141
22:56:18 [INFO] Loop OK - px_off=52px, zoom=1.0, tracking=True, fps=60, has_frame=True
22:56:18 [INFO] IMU diag: gy=+0.0062 gx=+0.0128 px_off=52px gain=0.87 decay=1.0000 dead=0.04 mag=0.0144 resp=0.000 yaw_out=52 imu=677665
22:56:19 [INFO] GYRO_DIAG: gx=-0.0037 gy=+0.0031 gz=-0.0012 | peaks: [-2.9621, -1.8764, -2.2413] | yaw=-294.3 pitch=+4.9 roll=+126.6 | mag=0.0050
22:56:20 [INFO] GYRO_DIAG: gx=+0.0006 gy=+0.0104 gz=-0.0055 | peaks: [-2.9621, -1.8764, -2.2413] | yaw=-292.5 pitch=+3.5 roll=+128.1 | mag=0.0118
22:56:21 [INFO] GYRO_DIAG: gx=+0.0024 gy=-0.0097 gz=+0.0086 | peaks: [-2.9621, -1.8764, -2.2413] | yaw=-293.9 pitch=+4.0 roll=+127.0 | mag=0.0132
22:56:22 [INFO] GYRO_DIAG: gx=-0.0134 gy=-0.0006 gz=+0.0074 | peaks: [-2.9621, -1.8764, -2.2413] | yaw=-294.7 pitch=+5.0 roll=+126.8 | mag=0.0153
22:56:23 [INFO] GYRO_DIAG: gx=+0.0000 gy=-0.0091 gz=+0.0074 | peaks: [-2.9621, -1.8764, -2.2413] | yaw=-293.4 pitch=+3.4 roll=+127.2 | mag=0.0117
22:56:24 [INFO] GYRO_DIAG: gx=-0.0049 gy=+0.0031 gz=-0.0055 | peaks: [-2.9621, -1.8764, -2.2413] | yaw=-292.4 pitch=+3.8 roll=+127.3 | mag=0.0080
22:56:25 [INFO] GYRO_DIAG: gx=+0.0098 gy=+0.0013 gz=-0.0018 | peaks: [-2.9621, -1.8764, -2.2413] | yaw=-294.0 pitch=+4.3 roll=+127.7 | mag=0.0100
22:56:26 [INFO] GYRO_DIAG: gx=+0.0024 gy=+0.0117 gz=+0.0043 | peaks: [-2.9621, -1.8764, -2.2413] | yaw=-292.8 pitch=+3.2 roll=+127.3 | mag=0.0127
22:56:27 [INFO] GYRO_DIAG: gx=+0.0055 gy=+0.0019 gz=-0.0006 | peaks: [-2.9621, -1.8764, -2.2413] | yaw=-292.1 pitch=+3.4 roll=+127.2 | mag=0.0058
22:56:28 [INFO] GYRO_DIAG: gx=+0.0070 gy=-0.0090 gz=-0.0014 | peaks: [-2.9621, -1.8764, -2.2413] | yaw=-293.1 pitch=+3.5 roll=+127.5 | mag=0.0115
22:56:28 [INFO] Loop OK - px_off=46px, zoom=1.0, tracking=True, fps=60, has_frame=True
22:56:28 [INFO] IMU diag: gy=+0.0045 gx=-0.0052 px_off=46px gain=0.87 decay=1.0000 dead=0.04 mag=0.0070 resp=0.000 yaw_out=46 imu=682599
22:56:29 [INFO] GYRO_DIAG: gx=-0.0027 gy=-0.0010 gz=+0.0022 | peaks: [-2.9621, -1.8764, -2.2413] | yaw=-293.2 pitch=+2.8 roll=+127.7 | mag=0.0037
22:56:30 [INFO] GYRO_DIAG: gx=-0.0027 gy=+0.0014 gz=-0.0045 | peaks: [-2.9621, -1.8764, -2.2413] | yaw=-294.3 pitch=+2.8 roll=+127.6 | mag=0.0054
22:56:31 [INFO] GYRO_DIAG: gx=+0.0125 gy=-0.0016 gz=-0.0020 | peaks: [-2.9621, -1.8764, -2.2413] | yaw=-294.4 pitch=+4.4 roll=+127.8 | mag=0.0128
22:56:32 [INFO] GYRO_DIAG: gx=+0.0932 gy=-0.0707 gz=+0.0065 | peaks: [-2.9621, -1.8764, -2.2413] | yaw=-298.2 pitch=+8.9 roll=+128.0 | mag=0.1171
22:56:33 [INFO] GYRO_DIAG: gx=-0.1102 gy=-0.0859 gz=+0.2686 | peaks: [-2.9621, -1.8764, -2.2413] | yaw=-322.0 pitch=+12.0 roll=+161.9 | mag=0.3028
22:56:34 [INFO] GYRO_DIAG: gx=+0.0602 gy=+0.0784 gz=-0.0350 | peaks: [-2.9621, -1.8764, -2.2413] | yaw=-305.0 pitch=+34.7 roll=+218.8 | mag=0.1048
22:56:35 [INFO] GYRO_DIAG: gx=-0.0137 gy=+0.0307 gz=-0.0301 | peaks: [-2.9621, -1.8764, -2.2413] | yaw=-297.4 pitch=+29.9 roll=+171.7 | mag=0.0452
22:56:36 [INFO] GYRO_DIAG: gx=-0.0076 gy=+0.0039 gz=+0.0028 | peaks: [-2.9621, -1.8764, -2.2413] | yaw=-298.8 pitch=+12.6 roll=+155.2 | mag=0.0090
22:56:37 [INFO] GYRO_DIAG: gx=-0.0095 gy=+0.0008 gz=-0.0045 | peaks: [-2.9621, -1.8764, -2.2413] | yaw=-298.1 pitch=+5.0 roll=+146.1 | mag=0.0105
22:56:38 [INFO] GYRO_DIAG: gx=+0.0119 gy=-0.1727 gz=-0.0240 | peaks: [-2.9621, -1.8764, -2.2413] | yaw=-300.2 pitch=-32.6 roll=+60.8 | mag=0.1748
22:56:38 [INFO] Loop OK - px_off=35px, zoom=1.0, tracking=True, fps=60, has_frame=True
22:56:38 [INFO] IMU diag: gy=-0.1171 gx=+0.0309 px_off=35px gain=0.87 decay=1.0000 dead=0.04 mag=0.1257 resp=0.031 yaw_out=35 imu=687533
22:56:39 [INFO] GYRO_DIAG: gx=-0.0015 gy=-0.0120 gz=+0.0016 | peaks: [-2.9621, -1.8764, -2.2413] | yaw=-300.7 pitch=-22.3 roll=+86.3 | mag=0.0122
22:56:40 [INFO] GYRO_DIAG: gx=+0.0241 gy=+0.0222 gz=-0.0900 | peaks: [-2.9621, -1.8764, -2.2413] | yaw=-301.5 pitch=-6.6 roll=+100.3 | mag=0.0958
22:56:41 [INFO] GYRO_DIAG: gx=+0.0559 gy=-0.0108 gz=+0.0322 | peaks: [-2.9621, -1.8764, -2.2413] | yaw=-291.6 pitch=-20.3 roll=+95.7 | mag=0.0654
22:56:42 [INFO] GYRO_DIAG: gx=+0.0113 gy=+0.1260 gz=+0.0352 | peaks: [-2.9621, -1.8764, -2.2413] | yaw=-290.3 pitch=-12.3 roll=+118.5 | mag=0.1313
22:56:43 [INFO] GYRO_DIAG: gx=+0.0376 gy=-0.0047 gz=-0.0100 | peaks: [-2.9621, -1.8764, -2.2413] | yaw=-287.9 pitch=+8.0 roll=+122.8 | mag=0.0392
22:56:44 [INFO] GYRO_DIAG: gx=-0.0058 gy=-0.0133 gz=+0.0022 | peaks: [-2.9621, -1.8764, -2.2413] | yaw=-293.2 pitch=+5.5 roll=+124.7 | mag=0.0146
22:56:45 [INFO] GYRO_DIAG: gx=+0.0089 gy=+0.0381 gz=+0.0004 | peaks: [-2.9621, -1.8764, -2.2413] | yaw=-297.1 pitch=+4.5 roll=+126.0 | mag=0.0391
22:56:46 [INFO] GYRO_DIAG: gx=-0.0128 gy=+0.0034 gz=-0.0019 | peaks: [-2.9621, -1.8764, -2.2413] | yaw=-282.1 pitch=+7.6 roll=+124.6 | mag=0.0134
22:56:47 [INFO] GYRO_DIAG: gx=+0.0062 gy=-0.0027 gz=+0.0054 | peaks: [-2.9621, -1.8764, -2.2413] | yaw=-289.0 pitch=+2.8 roll=+128.2 | mag=0.0086
22:56:48 [INFO] Loop OK - px_off=36px, zoom=1.0, tracking=True, fps=61, has_frame=True
22:56:48 [INFO] IMU diag: gy=+0.0187 gx=+0.0068 px_off=36px gain=0.87 decay=1.0000 dead=0.04 mag=0.0210 resp=0.000 yaw_out=36 imu=692472
22:56:48 [INFO] GYRO_DIAG: gx=+0.0037 gy=+0.0053 gz=+0.0030 | peaks: [-2.9621, -1.8764, -2.2413] | yaw=-286.4 pitch=+3.0 roll=+128.6 | mag=0.0071
22:56:49 [INFO] GYRO_DIAG: gx=-0.0042 gy=-0.0057 gz=-0.0068 | peaks: [-2.9621, -1.8764, -2.2413] | yaw=-284.2 pitch=+2.4 roll=+128.9 | mag=0.0098
22:56:50 [INFO] GYRO_DIAG: gx=-0.0085 gy=-0.0057 gz=+0.0042 | peaks: [-2.9621, -1.8764, -2.2413] | yaw=-284.9 pitch=+1.7 roll=+128.3 | mag=0.0111
22:56:51 [INFO] GYRO_DIAG: gx=-0.0016 gy=+0.0019 gz=+0.0046 | peaks: [-2.9621, -1.8764, -2.2413] | yaw=-283.7 pitch=+2.6 roll=+128.3 | mag=0.0052
22:56:52 [INFO] GYRO_DIAG: gx=-0.0108 gy=+0.0141 gz=-0.0058 | peaks: [-2.9621, -1.8764, -2.2413] | yaw=-283.4 pitch=+3.0 roll=+128.3 | mag=0.0187
22:56:53 [INFO] GYRO_DIAG: gx=-0.0077 gy=+0.0153 gz=-0.0028 | peaks: [-2.9621, -1.8764, -2.2413] | yaw=-282.8 pitch=+2.7 roll=+128.5 | mag=0.0174
22:56:54 [INFO] GYRO_DIAG: gx=+0.0021 gy=+0.0055 gz=+0.0027 | peaks: [-2.9621, -1.8764, -2.2413] | yaw=-279.7 pitch=+2.1 roll=+129.0 | mag=0.0065
22:56:55 [INFO] GYRO_DIAG: gx=-0.0132 gy=-0.0085 gz=-0.0107 | peaks: [-2.9621, -1.8764, -2.2413] | yaw=-277.0 pitch=+3.1 roll=+129.0 | mag=0.0190
22:56:56 [INFO] GYRO_DIAG: gx=+0.0082 gy=-0.0067 gz=-0.0009 | peaks: [-2.9621, -1.8764, -2.2413] | yaw=-277.5 pitch=+3.7 roll=+128.6 | mag=0.0106
22:56:57 [INFO] GYRO_DIAG: gx=-0.0566 gy=+0.4649 gz=+0.0272 | peaks: [-2.9621, -1.8764, -2.2413] | yaw=-141.8 pitch=-46.1 roll=+147.5 | mag=0.4691
22:56:58 [INFO] Loop OK - px_off=152px, zoom=1.0, tracking=True, fps=60, has_frame=True
22:56:58 [INFO] IMU diag: gy=-0.6908 gx=+0.3368 px_off=131px gain=0.87 decay=1.0000 dead=0.04 mag=0.7721 resp=0.947 yaw_out=131 imu=697410
22:56:58 [INFO] GYRO_DIAG: gx=+0.2635 gy=-0.7134 gz=+0.0046 | peaks: [-2.9621, -1.8764, -2.2413] | yaw=-199.8 pitch=-1.6 roll=+92.7 | mag=0.7606
22:56:59 [INFO] GYRO_DIAG: gx=+0.0228 gy=+0.0074 gz=+0.0400 | peaks: [-2.9621, -1.8764, -2.2413] | yaw=-248.7 pitch=+34.7 roll=+142.8 | mag=0.0467
22:57:00 [INFO] GYRO_DIAG: gx=+0.0045 gy=+0.0000 gz=-0.0034 | peaks: [-2.9621, -1.8764, -2.2413] | yaw=-246.5 pitch=+22.0 roll=+136.7 | mag=0.0056
22:57:01 [INFO] GYRO_DIAG: gx=+0.0082 gy=+0.0037 gz=+0.0205 | peaks: [-2.9621, -1.8764, -2.2413] | yaw=-243.3 pitch=+13.5 roll=+133.6 | mag=0.0223
22:57:02 [INFO] GYRO_DIAG: gx=+0.0015 gy=+0.0062 gz=+0.0186 | peaks: [-2.9621, -1.8764, -2.2413] | yaw=-241.2 pitch=+9.0 roll=+132.4 | mag=0.0197
22:57:03 [INFO] GYRO_DIAG: gx=-0.0043 gy=-0.0037 gz=-0.0069 | peaks: [-2.9621, -1.8764, -2.2413] | yaw=-242.7 pitch=+5.0 roll=+130.4 | mag=0.0089
22:57:04 [INFO] GYRO_DIAG: gx=+0.0018 gy=-0.0110 gz=+0.0011 | peaks: [-2.9621, -1.8764, -2.2413] | yaw=-244.9 pitch=+4.9 roll=+128.9 | mag=0.0112
22:57:05 [INFO] GYRO_DIAG: gx=+0.0146 gy=-0.0159 gz=+0.0084 | peaks: [-2.9621, -1.8764, -2.2413] | yaw=-246.6 pitch=+4.0 roll=+130.0 | mag=0.0232
22:57:06 [INFO] GYRO_DIAG: gx=-0.0068 gy=-0.0019 gz=+0.0053 | peaks: [-2.9621, -1.8764, -2.2413] | yaw=-248.2 pitch=+3.2 roll=+129.8 | mag=0.0088
22:57:07 [INFO] GYRO_DIAG: gx=+0.0684 gy=-0.0373 gz=-0.0209 | peaks: [-2.9621, -1.8764, -2.2413] | yaw=-281.6 pitch=-16.2 roll=+120.4 | mag=0.0806
22:57:08 [INFO] Loop OK - px_off=-85px, zoom=1.0, tracking=True, fps=60, has_frame=True
22:57:08 [INFO] IMU diag: gy=+0.0268 gx=-0.0001 px_off=-85px gain=0.87 decay=1.0000 dead=0.04 mag=0.0313 resp=0.000 yaw_out=-85 imu=702340
22:57:08 [INFO] GYRO_DIAG: gx=+0.0299 gy=-0.0227 gz=-0.0209 | peaks: [-2.9621, -1.8764, -2.2413] | yaw=-258.1 pitch=-6.0 roll=+137.7 | mag=0.0429
22:57:09 [INFO] GYRO_DIAG: gx=+0.0427 gy=-0.2059 gz=-0.0368 | peaks: [-2.9621, -1.8764, -2.2413] | yaw=-275.3 pitch=-5.9 roll=+132.6 | mag=0.2135
22:57:10 [INFO] GYRO_DIAG: gx=+0.0152 gy=-0.1137 gz=-0.0539 | peaks: [-2.9621, -1.8764, -2.2413] | yaw=-293.3 pitch=-28.0 roll=+147.2 | mag=0.1267
22:57:11 [INFO] GYRO_DIAG: gx=+0.0720 gy=-0.0239 gz=-0.0582 | peaks: [-2.9621, -1.8764, -2.2413] | yaw=-297.2 pitch=-0.4 roll=+130.5 | mag=0.0956
22:57:12 [INFO] GYRO_DIAG: gx=-0.0172 gy=+0.0280 gz=-0.0203 | peaks: [-2.9621, -1.8764, -2.2413] | yaw=-281.0 pitch=+9.6 roll=+120.4 | mag=0.0387
22:57:13 [INFO] GYRO_DIAG: gx=+0.0152 gy=+0.0274 gz=-0.0203 | peaks: [-2.9621, -1.8764, -2.2413] | yaw=-277.4 pitch=+10.3 roll=+117.5 | mag=0.0374
22:57:14 [INFO] GYRO_DIAG: gx=-0.0306 gy=-0.0001 gz=+0.0047 | peaks: [-2.9621, -1.8764, -2.2413] | yaw=-277.0 pitch=+6.1 roll=+123.0 | mag=0.0310
22:57:15 [INFO] GYRO_DIAG: gx=-0.0043 gy=-0.0031 gz=+0.0114 | peaks: [-2.9621, -1.8764, -2.2413] | yaw=-278.2 pitch=+3.5 roll=+125.7 | mag=0.0126
22:57:17 [INFO] GYRO_DIAG: gx=+0.0091 gy=+0.0183 gz=-0.0148 | peaks: [-2.9621, -1.8764, -2.2413] | yaw=-279.3 pitch=+3.8 roll=+126.6 | mag=0.0252
22:57:18 [INFO] GYRO_DIAG: gx=+0.0024 gy=+0.0024 gz=+0.0004 | peaks: [-2.9621, -1.8764, -2.2413] | yaw=-280.6 pitch=+3.2 roll=+127.4 | mag=0.0034
22:57:18 [INFO] Loop OK - px_off=-66px, zoom=1.0, tracking=True, fps=60, has_frame=True
22:57:18 [INFO] IMU diag: gy=-0.0086 gx=+0.0073 px_off=-66px gain=0.87 decay=1.0000 dead=0.04 mag=0.0144 resp=0.000 yaw_out=-66 imu=707267
22:57:19 [INFO] GYRO_DIAG: gx=+0.0048 gy=-0.0135 gz=+0.0029 | peaks: [-2.9621, -1.8764, -2.2413] | yaw=-281.8 pitch=+3.3 roll=+128.6 | mag=0.0146
22:57:20 [INFO] GYRO_DIAG: gx=+0.0036 gy=-0.0062 gz=-0.0002 | peaks: [-2.9621, -1.8764, -2.2413] | yaw=-283.0 pitch=+2.1 roll=+129.0 | mag=0.0071
22:57:21 [INFO] GYRO_DIAG: gx=+0.0018 gy=-0.0013 gz=+0.0035 | peaks: [-2.9621, -1.8764, -2.2413] | yaw=-285.0 pitch=+2.5 roll=+128.8 | mag=0.0041
22:57:22 [INFO] GYRO_DIAG: gx=+0.0097 gy=+0.0085 gz=-0.0063 | peaks: [-2.9621, -1.8764, -2.2413] | yaw=-285.9 pitch=+3.4 roll=+129.4 | mag=0.0144
22:57:23 [INFO] GYRO_DIAG: gx=+0.0140 gy=+0.0048 gz=-0.0075 | peaks: [-2.9621, -1.8764, -2.2413] | yaw=-291.3 pitch=+3.5 roll=+129.0 | mag=0.0166
22:57:24 [INFO] GYRO_DIAG: gx=-0.0025 gy=+0.0042 gz=-0.0026 | peaks: [-2.9621, -1.8764, -2.2413] | yaw=-294.8 pitch=+2.0 roll=+129.1 | mag=0.0056
22:57:25 [INFO] GYRO_DIAG: gx=+0.0006 gy=-0.0178 gz=-0.0002 | peaks: [-2.9621, -1.8764, -2.2413] | yaw=-295.0 pitch=+1.1 roll=+129.4 | mag=0.0178
22:57:26 [INFO] GYRO_DIAG: gx=-0.0013 gy=-0.0001 gz=-0.0124 | peaks: [-2.9621, -1.8764, -2.2413] | yaw=-298.7 pitch=+1.1 roll=+128.9 | mag=0.0125
22:57:27 [INFO] GYRO_DIAG: gx=-0.0098 gy=-0.0141 gz=-0.0044 | peaks: [-2.9621, -1.8764, -2.2413] | yaw=-298.3 pitch=+1.9 roll=+129.1 | mag=0.0178
22:57:28 [INFO] GYRO_DIAG: gx=+0.0030 gy=-0.0092 gz=+0.0059 | peaks: [-2.9621, -1.8764, -2.2413] | yaw=-298.1 pitch=+1.7 roll=+128.9 | mag=0.0114
22:57:28 [INFO] Loop OK - px_off=-55px, zoom=1.0, tracking=True, fps=60, has_frame=True
22:57:28 [INFO] IMU diag: gy=-0.0013 gx=+0.0134 px_off=-55px gain=0.87 decay=1.0000 dead=0.04 mag=0.0140 resp=0.000 yaw_out=-55 imu=712193
22:57:29 [INFO] GYRO_DIAG: gx=+0.0049 gy=-0.0129 gz=+0.0059 | peaks: [-2.9621, -1.8764, -2.2413] | yaw=-297.8 pitch=+2.9 roll=+129.1 | mag=0.0150
22:57:30 [INFO] GYRO_DIAG: gx=-0.0177 gy=+0.0115 gz=-0.0075 | peaks: [-2.9621, -1.8764, -2.2413] | yaw=-295.8 pitch=+2.7 roll=+129.1 | mag=0.0224
22:57:31 [INFO] GYRO_DIAG: gx=+0.0042 gy=+0.0097 gz=-0.0063 | peaks: [-2.9621, -1.8764, -2.2413] | yaw=-295.6 pitch=+2.3 roll=+129.0 | mag=0.0123
22:57:32 [INFO] GYRO_DIAG: gx=+0.0134 gy=+0.0109 gz=-0.0002 | peaks: [-2.9621, -1.8764, -2.2413] | yaw=-297.9 pitch=+3.0 roll=+128.7 | mag=0.0173
22:57:33 [INFO] GYRO_DIAG: gx=+0.0073 gy=+0.0005 gz=+0.0047 | peaks: [-2.9621, -1.8764, -2.2413] | yaw=-296.3 pitch=+2.3 roll=+128.6 | mag=0.0087
22:57:34 [INFO] GYRO_DIAG: gx=+0.0091 gy=+0.0182 gz=-0.0105 | peaks: [-2.9621, -1.8764, -2.2413] | yaw=-295.6 pitch=+2.4 roll=+128.5 | mag=0.0230
22:57:35 [INFO] GYRO_DIAG: gx=-0.0006 gy=-0.0044 gz=+0.0017 | peaks: [-2.9621, -1.8764, -2.2413] | yaw=-295.8 pitch=+3.2 roll=+128.7 | mag=0.0047
22:57:36 [INFO] GYRO_DIAG: gx=+0.0085 gy=-0.0044 gz=-0.0008 | peaks: [-2.9621, -1.8764, -2.2413] | yaw=-294.1 pitch=+3.2 roll=+128.6 | mag=0.0096
22:57:37 [INFO] GYRO_DIAG: gx=+0.0061 gy=+0.0011 gz=+0.0005 | peaks: [-2.9621, -1.8764, -2.2413] | yaw=-298.3 pitch=+3.5 roll=+128.0 | mag=0.0062
22:57:38 [INFO] GYRO_DIAG: gx=+0.0012 gy=-0.0074 gz=+0.0084 | peaks: [-2.9621, -1.8764, -2.2413] | yaw=-297.1 pitch=+4.7 roll=+128.5 | mag=0.0113
22:57:38 [INFO] Loop OK - px_off=-47px, zoom=1.0, tracking=True, fps=60, has_frame=True
22:57:38 [INFO] IMU diag: gy=-0.0166 gx=-0.0013 px_off=-47px gain=0.87 decay=1.0000 dead=0.04 mag=0.0169 resp=0.000 yaw_out=-47 imu=717120
22:57:39 [INFO] GYRO_DIAG: gx=-0.0104 gy=+0.0030 gz=+0.0023 | peaks: [-2.9621, -1.8764, -2.2413] | yaw=-295.9 pitch=+3.3 roll=+128.5 | mag=0.0111
22:57:40 [INFO] GYRO_DIAG: gx=-0.0153 gy=-0.0001 gz=+0.0035 | peaks: [-2.9621, -1.8764, -2.2413] | yaw=-294.6 pitch=+4.1 roll=+128.9 | mag=0.0157
22:57:41 [INFO] GYRO_DIAG: gx=-0.0190 gy=+0.0060 gz=-0.0044 | peaks: [-2.9621, -1.8764, -2.2413] | yaw=-290.0 pitch=+5.1 roll=+129.7 | mag=0.0204
22:57:42 [INFO] GYRO_DIAG: gx=+0.0012 gy=-0.0080 gz=+0.0017 | peaks: [-2.9621, -1.8764, -2.2413] | yaw=-287.9 pitch=+2.4 roll=+128.8 | mag=0.0083
22:57:43 [INFO] GYRO_DIAG: gx=-0.0342 gy=-0.0092 gz=+0.0072 | peaks: [-2.9621, -1.8764, -2.2413] | yaw=-274.4 pitch=+4.0 roll=+129.4 | mag=0.0362
22:57:44 [INFO] GYRO_DIAG: gx=+0.0055 gy=-0.0233 gz=+0.0053 | peaks: [-2.9621, -1.8764, -2.2413] | yaw=-280.0 pitch=+4.4 roll=+128.6 | mag=0.0245
22:57:45 [INFO] GYRO_DIAG: gx=+0.0091 gy=+0.0158 gz=-0.0075 | peaks: [-2.9621, -1.8764, -2.2413] | yaw=-278.2 pitch=+6.1 roll=+128.0 | mag=0.0197
22:57:46 [INFO] GYRO_DIAG: gx=+0.0097 gy=+0.0213 gz=-0.0008 | peaks: [-2.9621, -1.8764, -2.2413] | yaw=-278.7 pitch=+4.9 roll=+128.3 | mag=0.0234
22:57:47 [INFO] GYRO_DIAG: gx=-0.0086 gy=-0.0190 gz=-0.0032 | peaks: [-2.9621, -1.8764, -2.2413] | yaw=-276.9 pitch=+4.7 roll=+129.4 | mag=0.0211
22:57:48 [INFO] GYRO_DIAG: gx=-0.0068 gy=-0.0074 gz=-0.0069 | peaks: [-2.9621, -1.8764, -2.2413] | yaw=-277.1 pitch=+5.1 roll=+129.1 | mag=0.0122
22:57:48 [INFO] Loop OK - px_off=-43px, zoom=1.0, tracking=True, fps=60, has_frame=True
22:57:48 [INFO] IMU diag: gy=-0.0282 gx=-0.0104 px_off=-43px gain=0.87 decay=1.0000 dead=0.04 mag=0.0354 resp=0.000 yaw_out=-43 imu=722048
22:57:49 [INFO] GYRO_DIAG: gx=+0.0055 gy=+0.0225 gz=-0.0038 | peaks: [-2.9621, -1.8764, -2.2413] | yaw=-277.7 pitch=+4.1 roll=+129.4 | mag=0.0235
22:57:50 [INFO] GYRO_DIAG: gx=-0.0092 gy=-0.0086 gz=+0.0114 | peaks: [-2.9621, -1.8764, -2.2413] | yaw=-275.4 pitch=+3.0 roll=+129.2 | mag=0.0170
22:57:51 [INFO] GYRO_DIAG: gx=-0.0123 gy=-0.0062 gz=+0.0005 | peaks: [-2.9621, -1.8764, -2.2413] | yaw=-273.6 pitch=+2.9 roll=+129.1 | mag=0.0137
22:57:52 [INFO] GYRO_DIAG: gx=-0.0006 gy=-0.0166 gz=+0.0023 | peaks: [-2.9621, -1.8764, -2.2413] | yaw=-271.6 pitch=+2.6 roll=+128.9 | mag=0.0167
22:57:53 [INFO] GYRO_DIAG: gx=+0.0018 gy=-0.0062 gz=-0.0057 | peaks: [-2.9621, -1.8764, -2.2413] | yaw=-271.5 pitch=+3.4 roll=+128.7 | mag=0.0086
22:57:54 [INFO] GYRO_DIAG: gx=-0.0013 gy=+0.0066 gz=-0.0105 | peaks: [-2.9621, -1.8764, -2.2413] | yaw=-270.2 pitch=+3.0 roll=+129.1 | mag=0.0125
22:57:55 [INFO] GYRO_DIAG: gx=+0.0012 gy=+0.0115 gz=+0.0005 | peaks: [-2.9621, -1.8764, -2.2413] | yaw=-269.4 pitch=+4.8 roll=+128.8 | mag=0.0116
22:57:56 [INFO] GYRO_DIAG: gx=-0.0190 gy=+0.2522 gz=+0.0151 | peaks: [-2.9621, -1.8764, -2.2413] | yaw=-257.8 pitch=+4.1 roll=+130.5 | mag=0.2534
22:57:57 [INFO] GYRO_DIAG: gx=-0.0336 gy=+0.0970 gz=+0.0432 | peaks: [-2.9621, -1.8764, -2.2413] | yaw=-299.8 pitch=-36.4 roll=+145.8 | mag=0.1114
22:57:58 [INFO] Loop OK - px_off=-130px, zoom=1.0, tracking=True, fps=60, has_frame=True
22:57:58 [INFO] IMU diag: gy=-0.1290 gx=+0.0458 px_off=-129px gain=0.87 decay=1.0000 dead=0.04 mag=0.1938 resp=0.090 yaw_out=-129 imu=726981
22:57:58 [INFO] GYRO_DIAG: gx=+0.0378 gy=-0.0685 gz=+0.1043 | peaks: [-2.9621, -1.8764, -2.2413] | yaw=-301.5 pitch=-6.3 roll=+180.1 | mag=0.1304
22:57:59 [INFO] GYRO_DIAG: gx=+0.0189 gy=+0.0567 gz=-0.0637 | peaks: [-2.9621, -1.8764, -2.2413] | yaw=-290.4 pitch=+2.8 roll=+145.3 | mag=0.0874
22:58:00 [INFO] GYRO_DIAG: gx=+0.0085 gy=-0.0068 gz=-0.0038 | peaks: [-2.9621, -1.8764, -2.2413] | yaw=-294.8 pitch=+2.6 roll=+136.6 | mag=0.0116
22:58:01 [INFO] GYRO_DIAG: gx=+0.0097 gy=-0.0068 gz=-0.0038 | peaks: [-2.9621, -1.8764, -2.2413] | yaw=-297.1 pitch=+5.0 roll=+131.2 | mag=0.0125
22:58:02 [INFO] GYRO_DIAG: gx=+0.0036 gy=-0.0050 gz=+0.0005 | peaks: [-2.9621, -1.8764, -2.2413] | yaw=-299.8 pitch=+5.7 roll=+128.1 | mag=0.0062
22:58:03 [INFO] GYRO_DIAG: gx=-0.0031 gy=+0.0048 gz=-0.0038 | peaks: [-2.9621, -1.8764, -2.2413] | yaw=-300.6 pitch=+3.6 roll=+127.7 | mag=0.0069
22:58:04 [INFO] GYRO_DIAG: gx=+0.0006 gy=-0.0031 gz=+0.0029 | peaks: [-2.9621, -1.8764, -2.2413] | yaw=-299.2 pitch=+3.5 roll=+127.3 | mag=0.0043
22:58:05 [INFO] GYRO_DIAG: gx=-0.0025 gy=+0.0030 gz=-0.0124 | peaks: [-2.9621, -1.8764, -2.2413] | yaw=-299.1 pitch=+3.2 roll=+126.9 | mag=0.0130
22:58:06 [INFO] GYRO_DIAG: gx=-0.0049 gy=+0.0048 gz=-0.0136 | peaks: [-2.9621, -1.8764, -2.2413] | yaw=-298.9 pitch=+1.8 roll=+126.5 | mag=0.0152
22:58:07 [INFO] GYRO_DIAG: gx=-0.1069 gy=+0.3225 gz=-0.0148 | peaks: [-2.9621, -1.8764, -2.2413] | yaw=-219.3 pitch=+3.3 roll=+86.1 | mag=0.3400
22:58:08 [INFO] Loop OK - px_off=34px, zoom=1.0, tracking=True, fps=60, has_frame=True
22:58:08 [INFO] IMU diag: gy=+0.0763 gx=+0.2113 px_off=34px gain=0.87 decay=1.0000 dead=0.04 mag=0.2254 resp=0.126 yaw_out=34 imu=731912
22:58:08 [INFO] GYRO_DIAG: gx=+0.0873 gy=+0.0048 gz=+0.0005 | peaks: [-2.9621, -1.8764, -2.2413] | yaw=-166.8 pitch=+59.5 roll=+73.5 | mag=0.0875
22:58:09 [INFO] GYRO_DIAG: gx=+0.0299 gy=-0.0593 gz=-0.0057 | peaks: [-2.9621, -1.8764, -2.2413] | yaw=-155.7 pitch=+31.8 roll=+106.7 | mag=0.0667
22:58:10 [INFO] GYRO_DIAG: gx=+0.0409 gy=+0.1361 gz=+0.0157 | peaks: [-2.9621, -1.8764, -2.2413] | yaw=-172.9 pitch=-3.0 roll=+117.6 | mag=0.1430
22:58:11 [INFO] GYRO_DIAG: gx=+0.0782 gy=-0.0447 gz=-0.0081 | peaks: [-2.9621, -1.8764, -2.2413] | yaw=-148.2 pitch=+85.5 roll=+99.0 | mag=0.0904
22:58:12 [INFO] GYRO_DIAG: gx=+0.0244 gy=+0.0225 gz=-0.0014 | peaks: [-2.9621, -1.8764, -2.2413] | yaw=-131.2 pitch=+80.1 roll=+110.3 | mag=0.0332
22:58:13 [INFO] GYRO_DIAG: gx=-0.0654 gy=+0.1080 gz=-0.0240 | peaks: [-2.9621, -1.8764, -2.2413] | yaw=-132.5 pitch=+56.8 roll=+119.9 | mag=0.1286
22:58:14 [INFO] GYRO_DIAG: gx=+0.0201 gy=+0.1453 gz=+0.0023 | peaks: [-2.9621, -1.8764, -2.2413] | yaw=-138.7 pitch=+30.0 roll=+133.8 | mag=0.1467
22:58:15 [INFO] GYRO_DIAG: gx=-0.0129 gy=+0.0262 gz=+0.0023 | peaks: [-2.9621, -1.8764, -2.2413] | yaw=-119.1 pitch=+23.0 roll=+140.9 | mag=0.0293
22:58:16 [INFO] GYRO_DIAG: gx=-0.0000 gy=-0.0502 gz=-0.0020 | peaks: [-2.9621, -1.8764, -2.2413] | yaw=-129.9 pitch=+15.8 roll=+144.3 | mag=0.0502
22:58:17 [INFO] GYRO_DIAG: gx=-0.0037 gy=+0.0360 gz=-0.0069 | peaks: [-2.9621, -1.8764, -2.2413] | yaw=-136.1 pitch=+10.7 roll=+147.2 | mag=0.0368
22:58:18 [INFO] Loop OK - px_off=50px, zoom=1.0, tracking=True, fps=60, has_frame=True
22:58:18 [INFO] IMU diag: gy=+0.0195 gx=-0.0061 px_off=50px gain=0.87 decay=1.0000 dead=0.04 mag=0.0205 resp=0.000 yaw_out=50 imu=736842
22:58:18 [INFO] GYRO_DIAG: gx=+0.0036 gy=+0.0073 gz=-0.0002 | peaks: [-2.9621, -1.8764, -2.2413] | yaw=-132.2 pitch=+5.6 roll=+147.9 | mag=0.0081
22:58:19 [INFO] GYRO_DIAG: gx=+0.0018 gy=+0.0060 gz=-0.0038 | peaks: [-2.9621, -1.8764, -2.2413] | yaw=-130.4 pitch=+4.9 roll=+147.4 | mag=0.0074
22:58:20 [INFO] GYRO_DIAG: gx=+0.0024 gy=-0.0215 gz=+0.0011 | peaks: [-2.9621, -1.8764, -2.2413] | yaw=-129.0 pitch=+4.0 roll=+147.5 | mag=0.0216
22:58:21 [INFO] GYRO_DIAG: gx=-0.0006 gy=+0.0207 gz=-0.0038 | peaks: [-2.9621, -1.8764, -2.2413] | yaw=-126.9 pitch=+3.0 roll=+147.8 | mag=0.0210
22:58:22 [INFO] GYRO_DIAG: gx=+0.0067 gy=-0.0001 gz=-0.0008 | peaks: [-2.9621, -1.8764, -2.2413] | yaw=-125.4 pitch=+3.5 roll=+147.4 | mag=0.0067
22:58:23 [INFO] GYRO_DIAG: gx=-0.0031 gy=-0.0019 gz=+0.0023 | peaks: [-2.9621, -1.8764, -2.2413] | yaw=-124.1 pitch=+3.1 roll=+147.8 | mag=0.0043
22:58:24 [INFO] GYRO_DIAG: gx=-0.0006 gy=+0.0042 gz=-0.0014 | peaks: [-2.9621, -1.8764, -2.2413] | yaw=-122.4 pitch=+2.8 roll=+147.9 | mag=0.0045
22:58:25 [INFO] GYRO_DIAG: gx=-0.0037 gy=-0.0007 gz=+0.0005 | peaks: [-2.9621, -1.8764, -2.2413] | yaw=-121.8 pitch=+2.2 roll=+148.0 | mag=0.0038
22:58:26 [INFO] GYRO_DIAG: gx=+0.0024 gy=+0.0018 gz=-0.0032 | peaks: [-2.9621, -1.8764, -2.2413] | yaw=-120.7 pitch=+1.6 roll=+148.0 | mag=0.0044
22:58:28 [INFO] GYRO_DIAG: gx=+0.0012 gy=+0.0127 gz=-0.0026 | peaks: [-2.9621, -1.8764, -2.2413] | yaw=-119.5 pitch=+2.8 roll=+147.7 | mag=0.0131
22:58:28 [INFO] Loop OK - px_off=44px, zoom=1.0, tracking=True, fps=60, has_frame=True
22:58:28 [INFO] IMU diag: gy=+0.0054 gx=+0.0018 px_off=44px gain=0.87 decay=1.0000 dead=0.04 mag=0.0067 resp=0.000 yaw_out=44 imu=741781
22:58:29 [INFO] GYRO_DIAG: gx=-0.0000 gy=-0.0031 gz=+0.0035 | peaks: [-2.9621, -1.8764, -2.2413] | yaw=-117.8 pitch=+2.9 roll=+147.8 | mag=0.0047
22:58:30 [INFO] GYRO_DIAG: gx=-0.0000 gy=+0.0018 gz=+0.0041 | peaks: [-2.9621, -1.8764, -2.2413] | yaw=-115.7 pitch=+1.8 roll=+148.0 | mag=0.0045
22:58:31 [INFO] GYRO_DIAG: gx=+0.0018 gy=-0.0080 gz=-0.0050 | peaks: [-2.9621, -1.8764, -2.2413] | yaw=-114.3 pitch=+2.7 roll=+147.9 | mag=0.0096
22:58:32 [INFO] GYRO_DIAG: gx=-0.0013 gy=-0.0019 gz=-0.0002 | peaks: [-2.9621, -1.8764, -2.2413] | yaw=-112.6 pitch=+3.0 roll=+147.7 | mag=0.0023
22:58:33 [INFO] GYRO_DIAG: gx=-0.0025 gy=+0.0054 gz=+0.0005 | peaks: [-2.9621, -1.8764, -2.2413] | yaw=-111.0 pitch=+2.1 roll=+147.8 | mag=0.0060
22:58:34 [INFO] GYRO_DIAG: gx=-0.0013 gy=+0.0042 gz=-0.0014 | peaks: [-2.9621, -1.8764, -2.2413] | yaw=-109.5 pitch=+2.5 roll=+147.6 | mag=0.0046
22:58:35 [INFO] GYRO_DIAG: gx=+0.0018 gy=-0.0056 gz=-0.0008 | peaks: [-2.9621, -1.8764, -2.2413] | yaw=-108.1 pitch=+3.0 roll=+147.5 | mag=0.0059
22:58:36 [INFO] GYRO_DIAG: gx=+0.0006 gy=+0.0085 gz=+0.0041 | peaks: [-2.9621, -1.8764, -2.2413] | yaw=-106.0 pitch=+2.3 roll=+147.6 | mag=0.0094
22:58:37 [INFO] GYRO_DIAG: gx=-0.2328 gy=-0.1760 gz=+0.1000 | peaks: [-2.9621, -1.8764, -2.2413] | yaw=-113.7 pitch=-21.4 roll=+153.5 | mag=0.3085
22:58:38 [INFO] GYRO_DIAG: gx=+0.0042 gy=+0.0799 gz=-0.0606 | peaks: [-2.9621, -1.8764, -2.2413] | yaw=-54.5 pitch=-104.0 roll=+117.3 | mag=0.1004
22:58:38 [INFO] Loop OK - px_off=153px, zoom=1.0, tracking=True, fps=60, has_frame=True
22:58:38 [INFO] IMU diag: gy=-0.1644 gx=-0.3220 px_off=152px gain=0.87 decay=1.0000 dead=0.04 mag=0.3566 resp=0.317 yaw_out=152 imu=746711
22:58:39 [INFO] GYRO_DIAG: gx=-0.2554 gy=+0.0378 gz=+0.0872 | peaks: [-2.9621, -1.8764, -2.2413] | yaw=-74.3 pitch=-144.1 roll=+155.1 | mag=0.2725
22:58:40 [INFO] GYRO_DIAG: gx=+0.0940 gy=+0.1532 gz=+0.0738 | peaks: [-2.9621, -1.8764, -2.2413] | yaw=-80.9 pitch=-69.9 roll=+149.0 | mag=0.1943
22:58:41 [INFO] GYRO_DIAG: gx=-0.0129 gy=+0.0897 gz=+0.0090 | peaks: [-2.9621, -1.8764, -2.2413] | yaw=-64.2 pitch=-33.2 roll=+143.4 | mag=0.0911
22:58:42 [INFO] GYRO_DIAG: gx=+0.0055 gy=-0.0245 gz=+0.0200 | peaks: [-2.9621, -1.8764, -2.2413] | yaw=-51.5 pitch=-19.9 roll=+137.1 | mag=0.0321
22:58:43 [INFO] GYRO_DIAG: gx=-0.0092 gy=+0.0286 gz=+0.0102 | peaks: [-2.9621, -1.8764, -2.2413] | yaw=-49.3 pitch=-21.9 roll=+135.1 | mag=0.0318
22:58:44 [INFO] GYRO_DIAG: gx=+0.1661 gy=-0.3697 gz=-0.1663 | peaks: [-2.9621, -1.8764, -2.2413] | yaw=-51.9 pitch=-17.1 roll=+131.7 | mag=0.4381
22:58:45 [INFO] GYRO_DIAG: gx=-0.1527 gy=+0.0274 gz=+0.0432 | peaks: [-2.9621, -1.8764, -2.2413] | yaw=-80.3 pitch=-11.5 roll=+134.3 | mag=0.1611
22:58:46 [INFO] GYRO_DIAG: gx=+0.0775 gy=-0.1058 gz=-0.0747 | peaks: [-2.9621, -1.8764, -2.2413] | yaw=-86.7 pitch=+5.1 roll=+109.8 | mag=0.1509
22:58:47 [INFO] GYRO_DIAG: gx=-0.0746 gy=+0.0201 gz=-0.0722 | peaks: [-2.9621, -1.8764, -2.2413] | yaw=-112.3 pitch=+1.7 roll=+134.2 | mag=0.1057
22:58:48 [INFO] GYRO_DIAG: gx=-0.0287 gy=-0.0410 gz=-0.0002 | peaks: [-2.9621, -1.8764, -2.2413] | yaw=-134.6 pitch=-4.0 roll=+129.0 | mag=0.0501
22:58:48 [INFO] Loop OK - px_off=27px, zoom=1.0, tracking=True, fps=60, has_frame=True
22:58:48 [INFO] IMU diag: gy=+0.0060 gx=+0.0042 px_off=27px gain=0.87 decay=1.0000 dead=0.04 mag=0.0112 resp=0.000 yaw_out=27 imu=751640
22:58:49 [INFO] GYRO_DIAG: gx=+0.0104 gy=+0.0158 gz=-0.0057 | peaks: [-2.9621, -1.8764, -2.2413] | yaw=-130.6 pitch=-3.9 roll=+128.8 | mag=0.0197
22:58:50 [INFO] GYRO_DIAG: gx=-0.0159 gy=+0.0066 gz=-0.0289 | peaks: [-2.9621, -1.8764, -2.2413] | yaw=-128.2 pitch=-2.6 roll=+131.3 | mag=0.0336
22:58:51 [INFO] GYRO_DIAG: gx=+0.0073 gy=-0.0031 gz=+0.0114 | peaks: [-2.9621, -1.8764, -2.2413] | yaw=-125.8 pitch=-2.8 roll=+127.3 | mag=0.0139
22:58:52 [INFO] GYRO_DIAG: gx=-0.0086 gy=+0.0182 gz=+0.0029 | peaks: [-2.9621, -1.8764, -2.2413] | yaw=-123.0 pitch=-1.2 roll=+126.6 | mag=0.0204
22:58:53 [INFO] GYRO_DIAG: gx=+0.0134 gy=-0.0099 gz=+0.0078 | peaks: [-2.9621, -1.8764, -2.2413] | yaw=-122.4 pitch=-1.7 roll=+126.7 | mag=0.0184
22:58:54 [INFO] GYRO_DIAG: gx=+0.0256 gy=-0.0019 gz=+0.0066 | peaks: [-2.9621, -1.8764, -2.2413] | yaw=-119.3 pitch=-0.4 roll=+125.9 | mag=0.0265
22:58:55 [INFO] GYRO_DIAG: gx=-0.0159 gy=+0.0097 gz=-0.0044 | peaks: [-2.9621, -1.8764, -2.2413] | yaw=-116.8 pitch=-0.4 roll=+126.2 | mag=0.0192
22:58:56 [INFO] GYRO_DIAG: gx=-0.0190 gy=+0.0158 gz=-0.0093 | peaks: [-2.9621, -1.8764, -2.2413] | yaw=-116.4 pitch=+2.1 roll=+125.3 | mag=0.0264
22:58:57 [INFO] GYRO_DIAG: gx=+0.0097 gy=+0.0048 gz=-0.0093 | peaks: [-2.9621, -1.8764, -2.2413] | yaw=-117.6 pitch=+1.2 roll=+124.8 | mag=0.0143
22:58:58 [INFO] GYRO_DIAG: gx=-0.0019 gy=-0.0019 gz=+0.0047 | peaks: [-2.9621, -1.8764, -2.2413] | yaw=-115.4 pitch=-0.8 roll=+125.9 | mag=0.0054
22:58:58 [INFO] Loop OK - px_off=26px, zoom=1.0, tracking=True, fps=60, has_frame=True
22:58:58 [INFO] IMU diag: gy=+0.0280 gx=+0.0055 px_off=26px gain=0.87 decay=1.0000 dead=0.04 mag=0.0298 resp=0.000 yaw_out=26 imu=756570
22:58:59 [INFO] GYRO_DIAG: gx=-0.0031 gy=+0.0103 gz=-0.0087 | peaks: [-2.9621, -1.8764, -2.2413] | yaw=-111.3 pitch=+1.3 roll=+125.3 | mag=0.0138
22:59:00 [INFO] GYRO_DIAG: gx=+0.0195 gy=-0.0050 gz=+0.0047 | peaks: [-2.9621, -1.8764, -2.2413] | yaw=-111.3 pitch=+1.4 roll=+125.6 | mag=0.0207
22:59:01 [INFO] GYRO_DIAG: gx=+0.0134 gy=-0.0092 gz=+0.0041 | peaks: [-2.9621, -1.8764, -2.2413] | yaw=-110.8 pitch=+2.5 roll=+126.4 | mag=0.0168
22:59:02 [INFO] GYRO_DIAG: gx=-0.0006 gy=-0.0105 gz=-0.0014 | peaks: [-2.9621, -1.8764, -2.2413] | yaw=-108.8 pitch=+2.1 roll=+125.8 | mag=0.0106
22:59:03 [INFO] GYRO_DIAG: gx=-0.0129 gy=+0.0042 gz=+0.0041 | peaks: [-2.9621, -1.8764, -2.2413] | yaw=-108.8 pitch=+2.1 roll=+126.2 | mag=0.0141
22:59:04 [INFO] GYRO_DIAG: gx=-0.0002 gy=+0.0086 gz=+0.0027 | peaks: [-2.9621, -1.8764, -2.2413] | yaw=-106.0 pitch=+2.6 roll=+126.8 | mag=0.0090
22:59:05 [INFO] GYRO_DIAG: gx=-0.0032 gy=-0.0104 gz=-0.0022 | peaks: [-2.9621, -1.8764, -2.2413] | yaw=-104.6 pitch=+2.1 roll=+125.6 | mag=0.0111
22:59:06 [INFO] GYRO_DIAG: gx=+0.0004 gy=+0.0049 gz=-0.0004 | peaks: [-2.9621, -1.8764, -2.2413] | yaw=-104.2 pitch=+1.5 roll=+126.5 | mag=0.0049
22:59:07 [INFO] GYRO_DIAG: gx=-0.0032 gy=-0.0024 gz=+0.0064 | peaks: [-2.9621, -1.8764, -2.2413] | yaw=-102.5 pitch=+1.8 roll=+126.1 | mag=0.0075
22:59:08 [INFO] GYRO_DIAG: gx=-0.0069 gy=-0.0177 gz=+0.0088 | peaks: [-2.9621, -1.8764, -2.2413] | yaw=-101.7 pitch=+1.4 roll=+126.0 | mag=0.0209
22:59:08 [INFO] Loop OK - px_off=25px, zoom=1.0, tracking=True, fps=61, has_frame=True
22:59:08 [INFO] IMU diag: gy=-0.0116 gx=+0.0029 px_off=25px gain=0.87 decay=1.0000 dead=0.04 mag=0.0126 resp=0.000 yaw_out=25 imu=761521
22:59:09 [INFO] GYRO_DIAG: gx=-0.0069 gy=+0.0129 gz=+0.0033 | peaks: [-2.9621, -1.8764, -2.2413] | yaw=-101.8 pitch=+1.3 roll=+126.7 | mag=0.0150
22:59:10 [INFO] GYRO_DIAG: gx=-0.0002 gy=+0.0110 gz=-0.0071 | peaks: [-2.9621, -1.8764, -2.2413] | yaw=-100.2 pitch=+1.7 roll=+126.0 | mag=0.0131
22:59:11 [INFO] GYRO_DIAG: gx=+0.0053 gy=+0.0012 gz=+0.0015 | peaks: [-2.9621, -1.8764, -2.2413] | yaw=-99.1 pitch=+1.3 roll=+125.7 | mag=0.0057
22:59:12 [INFO] GYRO_DIAG: gx=+0.0029 gy=+0.0092 gz=-0.0053 | peaks: [-2.9621, -1.8764, -2.2413] | yaw=-99.8 pitch=+1.7 roll=+126.9 | mag=0.0110
22:59:13 [INFO] GYRO_DIAG: gx=+0.0029 gy=+0.0067 gz=-0.0034 | peaks: [-2.9621, -1.8764, -2.2413] | yaw=-98.6 pitch=+1.8 roll=+125.8 | mag=0.0081
22:59:14 [INFO] GYRO_DIAG: gx=+0.0016 gy=+0.0012 gz=+0.0100 | peaks: [-2.9621, -1.8764, -2.2413] | yaw=-97.7 pitch=+1.4 roll=+126.1 | mag=0.0102
22:59:15 [INFO] GYRO_DIAG: gx=+0.0200 gy=+0.0116 gz=-0.0071 | peaks: [-2.9621, -1.8764, -2.2413] | yaw=-96.8 pitch=+2.1 roll=+125.7 | mag=0.0242
22:59:16 [INFO] GYRO_DIAG: gx=+0.0163 gy=+0.0025 gz=-0.0004 | peaks: [-2.9621, -1.8764, -2.2413] | yaw=-96.3 pitch=+1.8 roll=+124.5 | mag=0.0165
22:59:17 [INFO] GYRO_DIAG: gx=+0.0010 gy=+0.0122 gz=-0.0028 | peaks: [-2.9621, -1.8764, -2.2413] | yaw=-95.3 pitch=+1.2 roll=+125.6 | mag=0.0126
22:59:18 [INFO] Loop OK - px_off=24px, zoom=1.0, tracking=True, fps=60, has_frame=True
22:59:18 [INFO] IMU diag: gy=+0.0159 gx=-0.0032 px_off=24px gain=0.87 decay=1.0000 dead=0.04 mag=0.0164 resp=0.000 yaw_out=24 imu=766454
22:59:18 [INFO] GYRO_DIAG: gx=+0.0053 gy=+0.0000 gz=+0.0057 | peaks: [-2.9621, -1.8764, -2.2413] | yaw=-94.0 pitch=+2.7 roll=+125.9 | mag=0.0078
22:59:19 [INFO] GYRO_DIAG: gx=+0.0010 gy=-0.0110 gz=+0.0027 | peaks: [-2.9621, -1.8764, -2.2413] | yaw=-93.1 pitch=+1.8 roll=+125.8 | mag=0.0113
22:59:20 [INFO] GYRO_DIAG: gx=-0.0014 gy=+0.0000 gz=-0.0028 | peaks: [-2.9621, -1.8764, -2.2413] | yaw=-93.2 pitch=+1.3 roll=+126.7 | mag=0.0031
22:59:21 [INFO] GYRO_DIAG: gx=-0.0051 gy=-0.0042 gz=+0.0039 | peaks: [-2.9621, -1.8764, -2.2413] | yaw=-91.8 pitch=+3.1 roll=+126.0 | mag=0.0077
22:59:22 [INFO] GYRO_DIAG: gx=+0.0096 gy=-0.0110 gz=+0.0119 | peaks: [-2.9621, -1.8764, -2.2413] | yaw=-91.9 pitch=-0.1 roll=+125.7 | mag=0.0188
22:59:23 [INFO] GYRO_DIAG: gx=-0.0332 gy=-0.0024 gz=+0.0100 | peaks: [-2.9621, -1.8764, -2.2413] | yaw=-90.4 pitch=+0.1 roll=+126.7 | mag=0.0347
22:59:24 [INFO] GYRO_DIAG: gx=-0.0277 gy=+0.0098 gz=+0.0002 | peaks: [-2.9621, -1.8764, -2.2413] | yaw=-89.2 pitch=+1.3 roll=+126.1 | mag=0.0294
22:59:25 [INFO] GYRO_DIAG: gx=-0.0326 gy=-0.0036 gz=+0.0174 | peaks: [-2.9621, -1.8764, -2.2413] | yaw=-89.0 pitch=+0.6 roll=+125.9 | mag=0.0371
22:59:26 [INFO] GYRO_DIAG: gx=-0.0002 gy=+0.0208 gz=-0.0175 | peaks: [-2.9621, -1.8764, -2.2413] | yaw=-88.2 pitch=+1.9 roll=+126.8 | mag=0.0272
22:59:27 [INFO] GYRO_DIAG: gx=+0.0023 gy=+0.0129 gz=-0.0065 | peaks: [-2.9621, -1.8764, -2.2413] | yaw=-89.5 pitch=+1.2 roll=+127.0 | mag=0.0146
22:59:28 [INFO] Loop OK - px_off=23px, zoom=1.0, tracking=True, fps=60, has_frame=True
22:59:28 [INFO] IMU diag: gy=+0.0086 gx=-0.0155 px_off=23px gain=0.87 decay=1.0000 dead=0.04 mag=0.0177 resp=0.000 yaw_out=23 imu=771383
22:59:28 [INFO] GYRO_DIAG: gx=+0.0108 gy=-0.0104 gz=+0.0045 | peaks: [-2.9621, -1.8764, -2.2413] | yaw=-88.5 pitch=+1.3 roll=+127.5 | mag=0.0156
22:59:29 [INFO] GYRO_DIAG: gx=-0.0161 gy=-0.0012 gz=+0.0039 | peaks: [-2.9621, -1.8764, -2.2413] | yaw=-87.1 pitch=+1.6 roll=+126.2 | mag=0.0166
22:59:30 [INFO] GYRO_DIAG: gx=-0.0210 gy=-0.0055 gz=-0.0022 | peaks: [-2.9621, -1.8764, -2.2413] | yaw=-85.8 pitch=+1.8 roll=+125.7 | mag=0.0218
22:59:31 [INFO] GYRO_DIAG: gx=-0.0039 gy=-0.0018 gz=-0.0101 | peaks: [-2.9621, -1.8764, -2.2413] | yaw=-86.0 pitch=+2.3 roll=+126.8 | mag=0.0110
22:59:32 [INFO] GYRO_DIAG: gx=+0.0023 gy=+0.0092 gz=-0.0040 | peaks: [-2.9621, -1.8764, -2.2413] | yaw=-85.6 pitch=+2.6 roll=+126.2 | mag=0.0103
22:59:33 [INFO] GYRO_DIAG: gx=+0.0059 gy=-0.0250 gz=+0.0002 | peaks: [-2.9621, -1.8764, -2.2413] | yaw=-86.2 pitch=+1.8 roll=+125.3 | mag=0.0257
22:59:34 [INFO] GYRO_DIAG: gx=-0.0026 gy=+0.0098 gz=-0.0077 | peaks: [-2.9621, -1.8764, -2.2413] | yaw=-87.2 pitch=+2.1 roll=+126.2 | mag=0.0127
22:59:35 [INFO] GYRO_DIAG: gx=+0.0108 gy=+0.0080 gz=-0.0242 | peaks: [-2.9621, -1.8764, -2.2413] | yaw=-85.1 pitch=+1.9 roll=+126.3 | mag=0.0277
22:59:36 [INFO] GYRO_DIAG: gx=+0.0236 gy=-0.0055 gz=-0.0010 | peaks: [-2.9621, -1.8764, -2.2413] | yaw=-85.5 pitch=+0.7 roll=+127.4 | mag=0.0243
22:59:37 [INFO] GYRO_DIAG: gx=+0.0407 gy=-0.0262 gz=+0.0009 | peaks: [-2.9621, -1.8764, -2.2413] | yaw=-89.5 pitch=+7.7 roll=+124.8 | mag=0.0485
22:59:38 [INFO] Loop OK - px_off=21px, zoom=1.0, tracking=True, fps=60, has_frame=True
22:59:38 [INFO] IMU diag: gy=+0.1925 gx=+0.0304 px_off=22px gain=0.87 decay=1.0000 dead=0.04 mag=0.2094 resp=0.107 yaw_out=22 imu=776330
22:59:38 [INFO] GYRO_DIAG: gx=-0.0998 gy=+0.0544 gz=+0.0033 | peaks: [-2.9621, -1.8764, -2.2413] | yaw=-88.5 pitch=+0.1 roll=+124.3 | mag=0.1137
22:59:40 [INFO] GYRO_DIAG: gx=-0.0014 gy=+0.0691 gz=+0.0186 | peaks: [-2.9621, -1.8764, -2.2413] | yaw=-95.6 pitch=+38.9 roll=+123.2 | mag=0.0715
22:59:41 [INFO] GYRO_DIAG: gx=-0.0124 gy=-0.0030 gz=-0.0022 | peaks: [-2.9621, -1.8764, -2.2413] | yaw=-79.1 pitch=+10.7 roll=+127.7 | mag=0.0130
22:59:42 [INFO] GYRO_DIAG: gx=+0.0041 gy=+0.0037 gz=-0.0010 | peaks: [-2.9621, -1.8764, -2.2413] | yaw=-79.6 pitch=+10.3 roll=+127.8 | mag=0.0056
22:59:43 [INFO] GYRO_DIAG: gx=+0.0096 gy=-0.0128 gz=-0.0095 | peaks: [-2.9621, -1.8764, -2.2413] | yaw=-80.8 pitch=+6.4 roll=+128.5 | mag=0.0186
22:59:44 [INFO] GYRO_DIAG: gx=-0.0026 gy=+0.0043 gz=-0.0016 | peaks: [-2.9621, -1.8764, -2.2413] | yaw=-80.2 pitch=+4.0 roll=+128.8 | mag=0.0053
22:59:45 [INFO] GYRO_DIAG: gx=-0.0063 gy=+0.0080 gz=-0.0010 | peaks: [-2.9621, -1.8764, -2.2413] | yaw=-81.3 pitch=+3.6 roll=+129.7 | mag=0.0102
22:59:46 [INFO] GYRO_DIAG: gx=-0.0106 gy=+0.0104 gz=-0.0107 | peaks: [-2.9621, -1.8764, -2.2413] | yaw=-78.3 pitch=+3.3 roll=+130.0 | mag=0.0183
22:59:47 [INFO] GYRO_DIAG: gx=+0.0029 gy=-0.0091 gz=+0.0009 | peaks: [-2.9621, -1.8764, -2.2413] | yaw=-79.0 pitch=+3.2 roll=+129.3 | mag=0.0096
22:59:48 [INFO] GYRO_DIAG: gx=-0.0045 gy=+0.0012 gz=-0.0095 | peaks: [-2.9621, -1.8764, -2.2413] | yaw=-79.0 pitch=+3.6 roll=+130.2 | mag=0.0106
22:59:48 [INFO] Loop OK - px_off=24px, zoom=1.0, tracking=True, fps=60, has_frame=True
22:59:48 [INFO] IMU diag: gy=+0.0153 gx=-0.0075 px_off=24px gain=0.87 decay=1.0000 dead=0.04 mag=0.0195 resp=0.000 yaw_out=24 imu=781260
22:59:49 [INFO] GYRO_DIAG: gx=+0.0004 gy=-0.0055 gz=-0.0053 | peaks: [-2.9621, -1.8764, -2.2413] | yaw=-77.0 pitch=+2.6 roll=+129.6 | mag=0.0076
22:59:50 [INFO] GYRO_DIAG: gx=+0.0047 gy=+0.0287 gz=-0.0120 | peaks: [-2.9621, -1.8764, -2.2413] | yaw=-77.5 pitch=+2.0 roll=+130.4 | mag=0.0315
22:59:51 [INFO] GYRO_DIAG: gx=-0.0032 gy=+0.0025 gz=+0.0045 | peaks: [-2.9621, -1.8764, -2.2413] | yaw=-75.2 pitch=+1.8 roll=+129.7 | mag=0.0061
22:59:52 [INFO] GYRO_DIAG: gx=-0.0087 gy=-0.0042 gz=+0.0039 | peaks: [-2.9621, -1.8764, -2.2413] | yaw=-73.7 pitch=+1.6 roll=+129.2 | mag=0.0105
22:59:53 [INFO] GYRO_DIAG: gx=-0.0087 gy=-0.0109 gz=+0.0130 | peaks: [-2.9621, -1.8764, -2.2413] | yaw=-74.4 pitch=+2.3 roll=+130.0 | mag=0.0190
22:59:54 [INFO] GYRO_DIAG: gx=-0.0087 gy=+0.0111 gz=+0.0087 | peaks: [-2.9621, -1.8764, -2.2413] | yaw=-73.3 pitch=+2.8 roll=+131.1 | mag=0.0166
22:59:55 [INFO] GYRO_DIAG: gx=-0.0123 gy=-0.0200 gz=+0.0112 | peaks: [-2.9621, -1.8764, -2.2413] | yaw=-75.1 pitch=+3.0 roll=+130.8 | mag=0.0260
22:59:56 [INFO] GYRO_DIAG: gx=-0.0105 gy=-0.0078 gz=+0.0014 | peaks: [-2.9621, -1.8764, -2.2413] | yaw=-77.7 pitch=+2.1 roll=+131.6 | mag=0.0131
22:59:57 [INFO] GYRO_DIAG: gx=-0.0001 gy=+0.0008 gz=+0.0057 | peaks: [-2.9621, -1.8764, -2.2413] | yaw=-76.8 pitch=+2.2 roll=+131.5 | mag=0.0057
22:59:58 [INFO] GYRO_DIAG: gx=-0.0068 gy=-0.0060 gz=-0.0029 | peaks: [-2.9621, -1.8764, -2.2413] | yaw=-79.4 pitch=+2.7 roll=+131.8 | mag=0.0095
22:59:58 [INFO] Loop OK - px_off=23px, zoom=1.0, tracking=True, fps=60, has_frame=True
22:59:58 [INFO] IMU diag: gy=-0.0029 gx=+0.0072 px_off=23px gain=0.87 decay=1.0000 dead=0.04 mag=0.0079 resp=0.000 yaw_out=23 imu=786190
22:59:59 [INFO] GYRO_DIAG: gx=-0.0038 gy=+0.0209 gz=-0.0053 | peaks: [-2.9621, -1.8764, -2.2413] | yaw=-79.7 pitch=+2.8 roll=+131.5 | mag=0.0219
23:00:00 [INFO] GYRO_DIAG: gx=+0.0055 gy=+0.0088 gz=-0.0108 | peaks: [-2.9621, -1.8764, -2.2413] | yaw=-79.0 pitch=+2.8 roll=+131.1 | mag=0.0149
23:00:01 [INFO] GYRO_DIAG: gx=+0.0006 gy=+0.0094 gz=-0.0016 | peaks: [-2.9621, -1.8764, -2.2413] | yaw=-79.6 pitch=+1.6 roll=+132.3 | mag=0.0095
23:00:02 [INFO] GYRO_DIAG: gx=-0.0116 gy=+0.0069 gz=-0.0040 | peaks: [-2.9621, -1.8764, -2.2413] | yaw=-78.7 pitch=+1.0 roll=+131.3 | mag=0.0141
23:00:03 [INFO] GYRO_DIAG: gx=+0.0030 gy=+0.0094 gz=-0.0065 | peaks: [-2.9621, -1.8764, -2.2413] | yaw=-77.3 pitch=+0.9 roll=+130.9 | mag=0.0118
23:00:04 [INFO] GYRO_DIAG: gx=+0.0006 gy=-0.0028 gz=+0.0015 | peaks: [-2.9621, -1.8764, -2.2413] | yaw=-78.5 pitch=+1.5 roll=+131.5 | mag=0.0032
23:00:05 [INFO] GYRO_DIAG: gx=-0.0061 gy=+0.0027 gz=+0.0045 | peaks: [-2.9621, -1.8764, -2.2413] | yaw=-76.7 pitch=+1.4 roll=+131.3 | mag=0.0081
23:00:06 [INFO] GYRO_DIAG: gx=-0.0073 gy=+0.0094 gz=-0.0034 | peaks: [-2.9621, -1.8764, -2.2413] | yaw=-76.9 pitch=+1.2 roll=+130.8 | mag=0.0124
23:00:07 [INFO] GYRO_DIAG: gx=+0.0043 gy=+0.0118 gz=-0.0059 | peaks: [-2.9621, -1.8764, -2.2413] | yaw=-76.3 pitch=+2.6 roll=+132.2 | mag=0.0139
23:00:08 [INFO] GYRO_DIAG: gx=+0.0055 gy=+0.0088 gz=+0.0063 | peaks: [-2.9621, -1.8764, -2.2413] | yaw=-74.6 pitch=+1.7 roll=+130.9 | mag=0.0121
23:00:08 [INFO] Loop OK - px_off=22px, zoom=1.0, tracking=True, fps=61, has_frame=True
23:00:08 [INFO] IMU diag: gy=-0.0041 gx=-0.0006 px_off=22px gain=0.87 decay=1.0000 dead=0.04 mag=0.0077 resp=0.000 yaw_out=22 imu=791120
23:00:09 [INFO] GYRO_DIAG: gx=+0.0091 gy=-0.0034 gz=+0.0009 | peaks: [-2.9621, -1.8764, -2.2413] | yaw=-75.1 pitch=+1.2 roll=+130.9 | mag=0.0098
23:00:10 [INFO] GYRO_DIAG: gx=+0.0036 gy=+0.0198 gz=-0.0010 | peaks: [-2.9621, -1.8764, -2.2413] | yaw=-74.1 pitch=+1.5 roll=+131.2 | mag=0.0201
23:00:11 [INFO] GYRO_DIAG: gx=+0.0085 gy=+0.0008 gz=-0.0095 | peaks: [-2.9621, -1.8764, -2.2413] | yaw=-71.5 pitch=+2.4 roll=+130.8 | mag=0.0128
23:00:12 [INFO] GYRO_DIAG: gx=+0.0043 gy=-0.0034 gz=+0.0033 | peaks: [-2.9621, -1.8764, -2.2413] | yaw=-73.2 pitch=+2.0 roll=+130.9 | mag=0.0064
23:00:13 [INFO] GYRO_DIAG: gx=-0.0049 gy=+0.0161 gz=+0.0051 | peaks: [-2.9621, -1.8764, -2.2413] | yaw=-71.6 pitch=+1.7 roll=+130.8 | mag=0.0176
23:00:14 [INFO] GYRO_DIAG: gx=-0.0098 gy=-0.0126 gz=-0.0022 | peaks: [-2.9621, -1.8764, -2.2413] | yaw=-71.0 pitch=+0.9 roll=+130.6 | mag=0.0161
23:00:15 [INFO] GYRO_DIAG: gx=+0.0043 gy=+0.0008 gz=+0.0063 | peaks: [-2.9621, -1.8764, -2.2413] | yaw=-71.8 pitch=+2.2 roll=+131.8 | mag=0.0077
23:00:16 [INFO] GYRO_DIAG: gx=-0.0049 gy=+0.0057 gz=-0.0010 | peaks: [-2.9621, -1.8764, -2.2413] | yaw=-69.6 pitch=+2.0 roll=+131.1 | mag=0.0076
23:00:17 [INFO] GYRO_DIAG: gx=-0.0043 gy=+0.0014 gz=-0.0022 | peaks: [-2.9621, -1.8764, -2.2413] | yaw=-70.1 pitch=+1.4 roll=+131.0 | mag=0.0050
23:00:18 [INFO] GYRO_DIAG: gx=+0.0030 gy=+0.0063 gz=+0.0057 | peaks: [-2.9621, -1.8764, -2.2413] | yaw=-68.9 pitch=+2.3 roll=+131.0 | mag=0.0091
23:00:18 [INFO] Loop OK - px_off=22px, zoom=1.0, tracking=True, fps=60, has_frame=True
23:00:18 [INFO] IMU diag: gy=+0.0057 gx=+0.0006 px_off=22px gain=0.87 decay=1.0000 dead=0.04 mag=0.0058 resp=0.000 yaw_out=22 imu=796050
23:00:19 [INFO] GYRO_DIAG: gx=+0.0159 gy=-0.0010 gz=-0.0004 | peaks: [-2.9621, -1.8764, -2.2413] | yaw=-67.1 pitch=+2.2 roll=+130.9 | mag=0.0159
23:00:20 [INFO] GYRO_DIAG: gx=-0.0049 gy=-0.0016 gz=+0.0027 | peaks: [-2.9621, -1.8764, -2.2413] | yaw=-67.6 pitch=+2.0 roll=+131.6 | mag=0.0058
23:00:21 [INFO] GYRO_DIAG: gx=+0.0061 gy=+0.0149 gz=+0.0002 | peaks: [-2.9621, -1.8764, -2.2413] | yaw=-65.2 pitch=+2.1 roll=+130.8 | mag=0.0161
23:00:22 [INFO] GYRO_DIAG: gx=+0.0030 gy=-0.0022 gz=+0.0063 | peaks: [-2.9621, -1.8764, -2.2413] | yaw=-65.5 pitch=+1.8 roll=+130.5 | mag=0.0074
23:00:23 [INFO] GYRO_DIAG: gx=-0.0006 gy=-0.0224 gz=-0.0053 | peaks: [-2.9621, -1.8764, -2.2413] | yaw=-67.0 pitch=+2.4 roll=+131.3 | mag=0.0230
23:00:24 [INFO] GYRO_DIAG: gx=-0.0574 gy=-0.1800 gz=+0.0815 | peaks: [-2.9621, -1.8764, -2.2413] | yaw=+2.7 pitch=-43.1 roll=+127.1 | mag=0.2058
23:00:25 [INFO] GYRO_DIAG: gx=+0.0629 gy=+0.0344 gz=-0.0046 | peaks: [-2.9621, -1.8764, -2.2413] | yaw=-29.0 pitch=-12.7 roll=+125.6 | mag=0.0719
23:00:26 [INFO] GYRO_DIAG: gx=+0.0134 gy=-0.0169 gz=+0.0192 | peaks: [-2.9621, -1.8764, -2.2413] | yaw=-29.3 pitch=-5.8 roll=+125.9 | mag=0.0289
23:00:27 [INFO] GYRO_DIAG: gx=-0.0086 gy=-0.0199 gz=+0.0088 | peaks: [-2.9621, -1.8764, -2.2413] | yaw=-30.0 pitch=-6.3 roll=+125.7 | mag=0.0234
23:00:28 [INFO] Loop OK - px_off=54px, zoom=1.0, tracking=True, fps=61, has_frame=True
23:00:28 [INFO] IMU diag: gy=+0.0161 gx=+0.0024 px_off=54px gain=0.87 decay=1.0000 dead=0.04 mag=0.0192 resp=0.000 yaw_out=54 imu=800986
23:00:28 [INFO] GYRO_DIAG: gx=-0.0025 gy=+0.0069 gz=-0.0089 | peaks: [-2.9621, -1.8764, -2.2413] | yaw=-31.5 pitch=-0.6 roll=+126.8 | mag=0.0116
23:00:29 [INFO] GYRO_DIAG: gx=-0.0019 gy=-0.0010 gz=-0.0059 | peaks: [-2.9621, -1.8764, -2.2413] | yaw=-32.3 pitch=-0.7 roll=+126.6 | mag=0.0062
23:00:30 [INFO] GYRO_DIAG: gx=+0.0036 gy=+0.0130 gz=-0.0156 | peaks: [-2.9621, -1.8764, -2.2413] | yaw=-33.3 pitch=+0.4 roll=+127.1 | mag=0.0207
23:00:31 [INFO] GYRO_DIAG: gx=-0.0012 gy=+0.0124 gz=-0.0169 | peaks: [-2.9621, -1.8764, -2.2413] | yaw=-31.9 pitch=+1.2 roll=+127.4 | mag=0.0210
23:00:32 [INFO] GYRO_DIAG: gx=-0.0208 gy=-0.0028 gz=-0.0138 | peaks: [-2.9621, -1.8764, -2.2413] | yaw=-33.5 pitch=+1.3 roll=+128.0 | mag=0.0251
23:00:33 [INFO] GYRO_DIAG: gx=-0.0196 gy=+0.0222 gz=-0.0230 | peaks: [-2.9621, -1.8764, -2.2413] | yaw=-33.3 pitch=+1.3 roll=+128.5 | mag=0.0375
23:00:34 [INFO] GYRO_DIAG: gx=-0.0159 gy=+0.0210 gz=-0.0095 | peaks: [-2.9621, -1.8764, -2.2413] | yaw=-33.6 pitch=-0.1 roll=+127.5 | mag=0.0280
23:00:35 [INFO] GYRO_DIAG: gx=-0.0409 gy=+0.0173 gz=-0.0114 | peaks: [-2.9621, -1.8764, -2.2413] | yaw=-32.1 pitch=-0.6 roll=+126.7 | mag=0.0459
23:00:36 [INFO] GYRO_DIAG: gx=-0.0238 gy=-0.0053 gz=+0.0094 | peaks: [-2.9621, -1.8764, -2.2413] | yaw=-33.6 pitch=-0.5 roll=+128.1 | mag=0.0262
23:00:37 [INFO] GYRO_DIAG: gx=+0.0262 gy=-0.0218 gz=+0.0051 | peaks: [-2.9621, -1.8764, -2.2413] | yaw=-34.4 pitch=-1.3 roll=+127.6 | mag=0.0345
23:00:38 [INFO] Loop OK - px_off=47px, zoom=1.0, tracking=True, fps=60, has_frame=True
23:00:38 [INFO] IMU diag: gy=+0.0185 gx=-0.0006 px_off=47px gain=0.87 decay=1.0000 dead=0.04 mag=0.0215 resp=0.000 yaw_out=47 imu=805920
23:00:38 [INFO] GYRO_DIAG: gx=+0.0036 gy=-0.0175 gz=+0.0155 | peaks: [-2.9621, -1.8764, -2.2413] | yaw=-33.9 pitch=-1.1 roll=+127.4 | mag=0.0237
23:00:39 [INFO] GYRO_DIAG: gx=-0.0287 gy=-0.0034 gz=+0.0210 | peaks: [-2.9621, -1.8764, -2.2413] | yaw=-33.1 pitch=-0.6 roll=+128.0 | mag=0.0358
23:00:40 [INFO] GYRO_DIAG: gx=-0.0251 gy=-0.0267 gz=+0.0216 | peaks: [-2.9621, -1.8764, -2.2413] | yaw=-33.5 pitch=-0.8 roll=+127.1 | mag=0.0425
23:00:41 [INFO] GYRO_DIAG: gx=-0.0306 gy=-0.0016 gz=+0.0161 | peaks: [-2.9621, -1.8764, -2.2413] | yaw=-32.5 pitch=-2.2 roll=+128.0 | mag=0.0346
23:00:42 [INFO] GYRO_DIAG: gx=-0.1650 gy=+0.0411 gz=+0.1737 | peaks: [-2.9621, -1.8764, -2.2413] | yaw=-37.6 pitch=-228.4 roll=+111.6 | mag=0.2431
23:00:43 [INFO] GYRO_DIAG: gx=+0.1680 gy=-0.1079 gz=-0.0248 | peaks: [-2.9621, -1.8764, -2.2413] | yaw=-82.4 pitch=-135.5 roll=+125.1 | mag=0.2012
23:00:44 [INFO] GYRO_DIAG: gx=-0.0892 gy=+0.0760 gz=-0.0425 | peaks: [-2.9621, -1.8764, -2.2413] | yaw=-97.7 pitch=-89.6 roll=+163.1 | mag=0.1246
23:00:45 [INFO] GYRO_DIAG: gx=+0.9597 gy=-0.1843 gz=+0.0186 | peaks: [-2.9621, -1.8764, -2.2413] | yaw=-94.0 pitch=+68.4 roll=+84.5 | mag=0.9774
23:00:46 [INFO] GYRO_DIAG: gx=+0.0244 gy=-0.1537 gz=+0.0137 | peaks: [-2.9621, -1.8764, -2.2413] | yaw=-84.5 pitch=+137.0 roll=+103.4 | mag=0.1562
23:00:47 [INFO] GYRO_DIAG: gx=-0.0098 gy=+0.0277 gz=-0.0059 | peaks: [-2.9621, -1.8764, -2.2413] | yaw=-84.9 pitch=+83.0 roll=+110.7 | mag=0.0300
23:00:48 [INFO] Loop OK - px_off=-11px, zoom=1.0, tracking=True, fps=60, has_frame=True
23:00:48 [INFO] IMU diag: gy=+0.0167 gx=-0.0116 px_off=-11px gain=0.87 decay=1.0000 dead=0.04 mag=0.0276 resp=0.000 yaw_out=-11 imu=810853
23:00:48 [INFO] GYRO_DIAG: gx=+0.0043 gy=+0.0259 gz=+0.0131 | peaks: [-2.9621, -1.8764, -2.2413] | yaw=-77.2 pitch=+46.8 roll=+115.4 | mag=0.0293
23:00:49 [INFO] GYRO_DIAG: gx=-0.0128 gy=+0.0240 gz=+0.0045 | peaks: [-2.9621, -1.8764, -2.2413] | yaw=-72.7 pitch=+27.0 roll=+117.8 | mag=0.0276
23:00:50 [INFO] GYRO_DIAG: gx=+0.0043 gy=-0.0114 gz=-0.0101 | peaks: [-2.9621, -1.8764, -2.2413] | yaw=-68.4 pitch=+13.8 roll=+118.6 | mag=0.0158
23:00:51 [INFO] GYRO_DIAG: gx=-0.0104 gy=+0.0106 gz=+0.0045 | peaks: [-2.9621, -1.8764, -2.2413] | yaw=-70.0 pitch=+7.1 roll=+119.9 | mag=0.0155
23:00:53 [INFO] GYRO_DIAG: gx=-0.0000 gy=+0.0130 gz=+0.0045 | peaks: [-2.9621, -1.8764, -2.2413] | yaw=-66.3 pitch=+3.0 roll=+120.3 | mag=0.0138
23:00:54 [INFO] GYRO_DIAG: gx=-0.0049 gy=-0.0059 gz=-0.0126 | peaks: [-2.9621, -1.8764, -2.2413] | yaw=-65.8 pitch=+0.1 roll=+119.9 | mag=0.0147
23:00:55 [INFO] GYRO_DIAG: gx=+0.0049 gy=+0.0057 gz=+0.0039 | peaks: [-2.9621, -1.8764, -2.2413] | yaw=-65.9 pitch=-1.8 roll=+120.3 | mag=0.0085
23:00:56 [INFO] GYRO_DIAG: gx=-0.0000 gy=-0.0016 gz=-0.0028 | peaks: [-2.9621, -1.8764, -2.2413] | yaw=-63.9 pitch=-2.5 roll=+119.9 | mag=0.0032
23:00:57 [INFO] GYRO_DIAG: gx=-1.6787 gy=-0.1012 gz=-0.2264 | peaks: [-2.9621, -1.8764, -2.2413] | yaw=-63.3 pitch=-168.8 roll=+105.7 | mag=1.6969
23:00:58 [INFO] GYRO_DIAG: gx=-2.7043 gy=+0.2146 gz=+0.1499 | peaks: [-2.9621, -1.8764, -2.2413] | yaw=-52.7 pitch=-586.5 roll=+86.9 | mag=2.7170
23:00:58 [INFO] Loop OK - px_off=-611px, zoom=1.0, tracking=True, fps=60, has_frame=True
23:00:58 [INFO] IMU diag: gy=-2.0828 gx=-0.2022 px_off=-656px gain=0.87 decay=1.0000 dead=0.04 mag=3.9885 resp=1.000 yaw_out=-656 imu=815786
23:00:59 [INFO] GYRO_DIAG: gx=+0.1405 gy=-0.1574 gz=+2.5152 | peaks: [-2.9621, -2.4597, +4.3105] | yaw=-233.4 pitch=-432.4 roll=+640.0 | mag=2.5240
23:01:00 [INFO] GYRO_DIAG: gx=-0.2792 gy=+0.1236 gz=-0.4188 | peaks: [-2.9621, -2.4597, +4.3105] | yaw=-349.2 pitch=-203.9 roll=+664.9 | mag=0.5183
23:01:04 [WARNING] IMU stalled after 816963 samples, reconnecting (attempt 1)
23:01:07 [WARNING] IMU stalled after 816963 samples, reconnecting (attempt 2)
23:01:09 [INFO] Loop OK - px_off=-191px, zoom=1.0, tracking=True, fps=57, has_frame=True
23:01:09 [INFO] IMU diag: gy=-0.1953 gx=-0.2077 px_off=-191px gain=0.87 decay=1.0000 dead=0.04 mag=0.3063 resp=0.237 yaw_out=-191 imu=816963
23:01:11 [WARNING] IMU stalled after 816963 samples, reconnecting (attempt 3)
23:01:11 [INFO] IMU reconnected successfully
23:01:14 [INFO] Hotkeys triggered: {'quit'}
23:01:14 [INFO] Quit requested
23:01:15 [WARNING] IMU stalled after 816963 samples, reconnecting (attempt 4)
23:01:15 [INFO] IMU reconnected successfully
23:01:43 [INFO] ============================================================
23:01:43 [INFO] AirPin starting...
23:01:43 [INFO] Args: Namespace(no_imu=False, no_audio=False, monitor=0, sensitivity=None, fps=None)
23:01:43 [INFO] Displays found: 2, target_monitor=0
23:01:43 [INFO]   [0] Monitor 0 @ (0,0) 1920x1080
23:01:43 [INFO]   [1] Monitor 1 @ (-3840,0) 3840x2160
23:01:44 [INFO] IMU tracker started and recentered
23:01:48 [INFO] ============================================================
23:01:48 [INFO] AirPin starting...
23:01:48 [INFO] Args: Namespace(no_imu=False, no_audio=False, monitor=0, sensitivity=None, fps=None)
23:01:48 [INFO] Displays found: 2, target_monitor=0
23:01:48 [INFO]   [0] Monitor 0 @ (0,0) 1920x1080
23:01:48 [INFO]   [1] Monitor 1 @ (-3840,0) 3840x2160
23:01:48 [INFO] IMU tracker started and recentered
23:01:53 [INFO] ============================================================
23:01:53 [INFO] AirPin starting...
23:01:53 [INFO] Args: Namespace(no_imu=False, no_audio=False, monitor=0, sensitivity=None, fps=None)
23:01:53 [INFO] Displays found: 2, target_monitor=0
23:01:53 [INFO]   [0] Monitor 0 @ (0,0) 1920x1080
23:01:53 [INFO]   [1] Monitor 1 @ (-3840,0) 3840x2160
23:01:53 [INFO] IMU tracker started and recentered
23:01:53 [INFO] No dxcam output matches 1920x1080
23:01:53 [INFO] Screen capture started: 1920x1080
23:01:53 [CRITICAL] CRASH: cannot import name 'capture_screen' from 'airpin.window_capture' (C:\VR AR\AirPin\airpin\window_capture.py)
Traceback (most recent call last):
  File "C:\VR AR\AirPin\main.py", line 563, in <module>
    main()
  File "C:\VR AR\AirPin\main.py", line 237, in main
    from airpin.window_capture import WindowSlot, capture_screen
ImportError: cannot import name 'capture_screen' from 'airpin.window_capture' (C:\VR AR\AirPin\airpin\window_capture.py)
23:01:53 [WARNING] IMU device detached, reconnecting
23:03:30 [INFO] ============================================================
23:03:30 [INFO] AirPin starting...
23:03:30 [INFO] Args: Namespace(no_imu=False, no_audio=False, monitor=0, sensitivity=None, fps=None)
23:03:30 [INFO] Displays found: 2, target_monitor=0
23:03:30 [INFO]   [0] Monitor 0 @ (0,0) 1920x1080
23:03:30 [INFO]   [1] Monitor 1 @ (-3840,0) 3840x2160
23:03:30 [INFO] IMU tracker started and recentered
23:03:30 [INFO] Dropping released DXCamera instance for device=0 output=0 backend=dxgi.
23:03:30 [INFO] DXGI capture initialised (dev=0 out=0 1920x1080)
23:03:30 [INFO] Screen capture started: 1920x1080
23:03:31 [INFO] Renderer initialized: 1920x1080 at (0,0), hwnd=16915190
23:03:31 [INFO] Target display: Monitor 0 (1920x1080) at (0,0)
23:03:31 [INFO] GYRO_DIAG: gx=-0.0033 gy=-0.0020 gz=-0.0003 | peaks: [+0.0156, -0.0161, -0.0138] | yaw=+0.1 pitch=-1.0 roll=+119.1 | mag=0.0039
23:03:32 [INFO] GYRO_DIAG: gx=-0.0052 gy=-0.0026 gz=-0.0022 | peaks: [+0.0156, -0.0167, -0.0138] | yaw=-1.1 pitch=-1.6 roll=+118.9 | mag=0.0062
23:03:33 [INFO] GYRO_DIAG: gx=+0.0052 gy=+0.0047 gz=+0.0082 | peaks: [+0.0168, +0.0218, -0.0138] | yaw=-0.3 pitch=-0.9 roll=+119.0 | mag=0.0108
23:03:34 [INFO] GYRO_DIAG: gx=-1.0143 gy=-0.4736 gz=-0.2111 | peaks: [-1.2245, -0.4767, -0.2324] | yaw=+10.0 pitch=-243.3 roll=+78.7 | mag=1.1392
23:03:35 [INFO] GYRO_DIAG: gx=+0.4915 gy=-0.4669 gz=-0.0693 | peaks: [-1.2245, +1.4213, +0.3833] | yaw=+174.6 pitch=-123.5 roll=+137.0 | mag=0.6814
23:03:36 [INFO] GYRO_DIAG: gx=+0.3962 gy=+0.2600 gz=+0.0486 | peaks: [-1.2245, +1.4213, +0.3833] | yaw=-36.8 pitch=+10.1 roll=+132.5 | mag=0.4764
23:03:37 [INFO] GYRO_DIAG: gx=-0.0730 gy=-0.3319 gz=-0.1170 | peaks: [-1.2245, +1.4213, +0.3833] | yaw=-27.8 pitch=+62.9 roll=+127.9 | mag=0.3594
23:03:38 [INFO] GYRO_DIAG: gx=+0.0138 gy=-0.0063 gz=-0.0076 | peaks: [-1.2245, +1.4213, +0.3833] | yaw=-8.2 pitch=+32.3 roll=+124.2 | mag=0.0170
23:03:39 [INFO] GYRO_DIAG: gx=+0.0516 gy=+0.0340 gz=+0.0058 | peaks: [-1.2245, +1.4213, +0.3833] | yaw=+26.5 pitch=+60.5 roll=+130.7 | mag=0.0621
23:03:40 [INFO] GYRO_DIAG: gx=+0.0003 gy=-0.0197 gz=-0.0101 | peaks: [-1.2245, +1.4213, +0.3833] | yaw=+15.6 pitch=+31.6 roll=+122.1 | mag=0.0222
23:03:41 [INFO] GYRO_DIAG: gx=-0.0027 gy=-0.0075 gz=-0.0089 | peaks: [-1.2245, +1.4213, +0.3833] | yaw=+16.5 pitch=+18.3 roll=+119.5 | mag=0.0119
23:03:41 [INFO] Loop OK - px_off=-90px, zoom=1.0, tracking=True, fps=60, has_frame=True
23:03:41 [INFO] IMU diag: gy=+0.0041 gx=-0.0027 px_off=-90px gain=0.87 decay=1.0000 dead=0.04 mag=0.0050 resp=0.000 yaw_out=-90 imu=5534
23:03:42 [INFO] GYRO_DIAG: gx=+0.0009 gy=-0.0063 gz=-0.0028 | peaks: [-1.2245, +1.4213, +0.3833] | yaw=+17.0 pitch=+7.1 roll=+115.8 | mag=0.0069
23:03:43 [INFO] GYRO_DIAG: gx=-0.0003 gy=+0.0041 gz=+0.0015 | peaks: [-1.2245, +1.4213, +0.3833] | yaw=+15.0 pitch=+2.1 roll=+113.9 | mag=0.0044
23:03:44 [INFO] GYRO_DIAG: gx=+0.0022 gy=+0.0016 gz=+0.0082 | peaks: [-1.2245, +1.4213, +0.3833] | yaw=+13.7 pitch=+0.8 roll=+112.9 | mag=0.0087
23:03:45 [INFO] GYRO_DIAG: gx=-0.0015 gy=-0.0051 gz=-0.0040 | peaks: [-1.2245, +1.4213, +0.3833] | yaw=+13.1 pitch=-0.2 roll=+112.4 | mag=0.0066
23:03:46 [INFO] GYRO_DIAG: gx=-0.0076 gy=-0.0075 gz=-0.0095 | peaks: [-1.2245, +1.4213, +0.3833] | yaw=+13.1 pitch=-1.1 roll=+113.5 | mag=0.0143
23:03:47 [INFO] GYRO_DIAG: gx=+0.0058 gy=+0.0035 gz=+0.0040 | peaks: [-1.2245, +1.4213, +0.3833] | yaw=+12.5 pitch=-2.3 roll=+112.7 | mag=0.0079
23:03:48 [INFO] GYRO_DIAG: gx=-0.0009 gy=-0.0081 gz=-0.0144 | peaks: [-1.2245, +1.4213, +0.3833] | yaw=+12.7 pitch=-2.9 roll=+112.0 | mag=0.0165
23:03:49 [WARNING] Desktop duplication access loss/system transition detected (HRESULT=0x887A0026). Triggering output-change recovery.
23:03:49 [WARNING] Output change/access loss detected (backend=dxgi, output=1920x1080).
23:03:49 [INFO] Output recovery: 1920x1080@0 -> 1920x1080@0, region=(0, 0, 1920, 1080).
23:03:49 [INFO] GYRO_DIAG: gx=-0.0070 gy=+0.0853 gz=+0.0437 | peaks: [-1.2245, +1.4213, +0.3833] | yaw=-68.3 pitch=-23.7 roll=+67.4 | mag=0.0961
23:03:50 [INFO] GYRO_DIAG: gx=-0.0846 gy=+0.0450 gz=+0.0333 | peaks: [-1.2245, +1.4213, +0.3833] | yaw=+9.7 pitch=-188.3 roll=+112.2 | mag=0.1014
23:03:51 [INFO] Loop OK - px_off=-80px, zoom=1.0, tracking=True, fps=60, has_frame=True
23:03:51 [INFO] IMU diag: gy=+0.0035 gx=+0.0645 px_off=-80px gain=0.87 decay=1.0000 dead=0.04 mag=0.0646 resp=0.003 yaw_out=-80 imu=10491
23:03:51 [INFO] GYRO_DIAG: gx=+0.0669 gy=+0.0029 gz=-0.0022 | peaks: [-1.2245, +1.4213, +0.3833] | yaw=+7.3 pitch=-102.9 roll=+101.9 | mag=0.0670
23:03:52 [INFO] GYRO_DIAG: gx=-0.1151 gy=-0.0271 gz=-0.0064 | peaks: [-1.2245, +1.4213, +0.3833] | yaw=+6.4 pitch=-51.2 roll=+99.6 | mag=0.1184
23:03:53 [INFO] GYRO_DIAG: gx=-0.0259 gy=-0.2311 gz=-0.0333 | peaks: [-1.2245, +1.4213, +0.3833] | yaw=-73.2 pitch=-183.1 roll=+84.8 | mag=0.2349
23:03:54 [INFO] GYRO_DIAG: gx=+0.0278 gy=-0.0039 gz=+0.0192 | peaks: [-1.2245, +1.4213, +0.3833] | yaw=-62.4 pitch=-98.2 roll=+81.8 | mag=0.0340
23:03:55 [INFO] GYRO_DIAG: gx=+0.0009 gy=-0.0063 gz=-0.0095 | peaks: [-1.2245, +1.4213, +0.3833] | yaw=-60.0 pitch=-48.7 roll=+77.0 | mag=0.0114
23:03:56 [INFO] GYRO_DIAG: gx=+0.5709 gy=+0.2454 gz=+0.0406 | peaks: [-1.2245, +1.4213, +0.3833] | yaw=-42.6 pitch=+8.6 roll=+78.7 | mag=0.6227
23:03:57 [INFO] GYRO_DIAG: gx=+0.4121 gy=-0.0662 gz=+0.1915 | peaks: [-1.2245, +1.4213, +0.3833] | yaw=-14.0 pitch=+247.6 roll=+108.8 | mag=0.4592
23:03:58 [INFO] GYRO_DIAG: gx=-0.5372 gy=+0.0340 gz=-0.0846 | peaks: [-1.2245, +1.4213, +0.3833] | yaw=-13.3 pitch=+149.6 roll=+118.4 | mag=0.5449
23:03:59 [INFO] GYRO_DIAG: gx=+0.0474 gy=-0.0002 gz=-0.0461 | peaks: [-1.2275, +1.4213, +0.3833] | yaw=-4.7 pitch=-161.4 roll=+85.9 | mag=0.0661
23:04:00 [INFO] GYRO_DIAG: gx=-0.0143 gy=-0.0045 gz=-0.0076 | peaks: [-1.2275, +1.4213, +0.3833] | yaw=-6.6 pitch=-88.5 roll=+78.0 | mag=0.0168
23:04:01 [INFO] Loop OK - px_off=-351px, zoom=1.0, tracking=True, fps=60, has_frame=True
23:04:01 [INFO] IMU diag: gy=+0.4671 gx=-0.1945 px_off=-339px gain=0.87 decay=1.0000 dead=0.04 mag=0.5064 resp=0.575 yaw_out=-339 imu=15421
23:04:01 [INFO] GYRO_DIAG: gx=-0.5568 gy=+0.9100 gz=+0.1634 | peaks: [-1.2275, +1.4213, +0.3833] | yaw=-92.1 pitch=-107.1 roll=+61.0 | mag=1.0793
23:04:02 [INFO] GYRO_DIAG: gx=-0.2489 gy=-0.3203 gz=-0.0626 | peaks: [-1.2275, +1.4213, +0.3833] | yaw=+58.2 pitch=+50.8 roll=+117.8 | mag=0.4104
23:04:03 [INFO] GYRO_DIAG: gx=+0.1469 gy=-0.0307 gz=+0.0186 | peaks: [-1.2275, +1.4213, +0.3833] | yaw=+36.3 pitch=-86.9 roll=+112.7 | mag=0.1513
23:04:04 [INFO] GYRO_DIAG: gx=+0.0284 gy=-0.0136 gz=-0.0138 | peaks: [-1.2275, +1.4213, +0.3833] | yaw=+17.6 pitch=-15.7 roll=+97.1 | mag=0.0344
23:04:05 [INFO] GYRO_DIAG: gx=+0.0596 gy=+0.0487 gz=+0.0559 | peaks: [-1.2275, +1.4213, +0.3833] | yaw=+2.0 pitch=+4.9 roll=+90.9 | mag=0.0951
23:04:06 [INFO] GYRO_DIAG: gx=+0.2471 gy=-0.0075 gz=-0.0156 | peaks: [-1.2275, +1.4213, +0.3833] | yaw=+35.3 pitch=+109.2 roll=+96.9 | mag=0.2477
23:04:07 [INFO] GYRO_DIAG: gx=-0.7920 gy=+0.0242 gz=-0.0260 | peaks: [-1.2275, +1.4213, +0.3833] | yaw=+1.0 pitch=-83.6 roll=+84.3 | mag=0.7928
23:04:08 [INFO] GYRO_DIAG: gx=+0.1323 gy=-0.8664 gz=+0.0431 | peaks: [-1.2275, +1.4213, +0.3833] | yaw=+302.6 pitch=-11.3 roll=+171.6 | mag=0.8775
23:04:09 [INFO] GYRO_DIAG: gx=-0.4047 gy=+0.3840 gz=+0.1188 | peaks: [-1.2275, -1.6520, +0.3833] | yaw=-86.6 pitch=-88.8 roll=+93.7 | mag=0.5704
23:04:10 [INFO] GYRO_DIAG: gx=+0.4292 gy=-0.0802 gz=+0.0033 | peaks: [+1.2740, -1.6520, +0.3833] | yaw=+26.0 pitch=+191.4 roll=+80.1 | mag=0.4366
23:04:11 [INFO] Loop OK - px_off=-134px, zoom=1.0, tracking=True, fps=60, has_frame=True
23:04:11 [INFO] IMU diag: gy=+0.0120 gx=-0.2220 px_off=-133px gain=0.87 decay=1.0000 dead=0.04 mag=0.2237 resp=0.124 yaw_out=-133 imu=20352
23:04:11 [INFO] GYRO_DIAG: gx=-0.4945 gy=-0.0442 gz=-0.0156 | peaks: [+1.2740, -1.6520, +0.3833] | yaw=+19.3 pitch=+52.9 roll=+94.1 | mag=0.4967
23:04:12 [INFO] GYRO_DIAG: gx=-0.0272 gy=+0.0084 gz=-0.0113 | peaks: [+1.2740, -1.6520, +0.3833] | yaw=+18.4 pitch=-12.1 roll=+96.0 | mag=0.0306
23:04:13 [INFO] GYRO_DIAG: gx=+0.0034 gy=-0.0081 gz=+0.0009 | peaks: [+1.2740, -1.6520, +0.3833] | yaw=+20.2 pitch=-6.8 roll=+94.0 | mag=0.0089
23:04:14 [INFO] GYRO_DIAG: gx=+0.0028 gy=+0.0004 gz=-0.0015 | peaks: [+1.2740, -1.6520, +0.3833] | yaw=+20.6 pitch=-0.7 roll=+90.3 | mag=0.0032
23:04:15 [INFO] GYRO_DIAG: gx=+0.0095 gy=+0.0023 gz=+0.0009 | peaks: [+1.2740, -1.6520, +0.3833] | yaw=+21.2 pitch=-0.4 roll=+88.5 | mag=0.0098
23:04:16 [INFO] GYRO_DIAG: gx=+0.0101 gy=-0.0002 gz=+0.0113 | peaks: [+1.2740, -1.6520, +0.3833] | yaw=+20.0 pitch=-2.1 roll=+86.2 | mag=0.0152
23:04:17 [INFO] GYRO_DIAG: gx=-0.0070 gy=+0.0004 gz=+0.0113 | peaks: [+1.2740, -1.6520, +0.3833] | yaw=+18.8 pitch=-1.9 roll=+86.0 | mag=0.0133
23:04:18 [INFO] GYRO_DIAG: gx=+0.0028 gy=-0.0057 gz=+0.0027 | peaks: [+1.2740, -1.6520, +0.3833] | yaw=+17.8 pitch=-0.7 roll=+85.1 | mag=0.0069
23:04:19 [INFO] GYRO_DIAG: gx=+0.0064 gy=-0.0014 gz=+0.0064 | peaks: [+1.2740, -1.6520, +0.3833] | yaw=+17.3 pitch=-1.7 roll=+84.6 | mag=0.0092
23:04:20 [INFO] GYRO_DIAG: gx=+0.0034 gy=+0.0041 gz=+0.0088 | peaks: [+1.2740, -1.6520, +0.3833] | yaw=+16.6 pitch=-0.5 roll=+85.0 | mag=0.0103
23:04:21 [INFO] Loop OK - px_off=-78px, zoom=1.0, tracking=True, fps=60, has_frame=True
23:04:21 [INFO] IMU diag: gy=-0.0063 gx=+0.0107 px_off=-78px gain=0.87 decay=1.0000 dead=0.04 mag=0.0140 resp=0.000 yaw_out=-78 imu=25286
23:04:21 [WARNING] Desktop duplication access loss/system transition detected (HRESULT=0x887A0026). Triggering output-change recovery.
23:04:21 [WARNING] Output change/access loss detected (backend=dxgi, output=1920x1080).
23:04:21 [INFO] Output recovery: 1920x1080@0 -> 1920x1080@0, region=(0, 0, 1920, 1080).
23:04:21 [INFO] GYRO_DIAG: gx=-0.0003 gy=+0.0023 gz=-0.0046 | peaks: [+1.2740, -1.6520, +0.3833] | yaw=+15.5 pitch=+0.1 roll=+85.2 | mag=0.0051
23:04:22 [INFO] GYRO_DIAG: gx=+0.0303 gy=+0.7671 gz=+0.2226 | peaks: [+1.2740, -1.6520, +0.3833] | yaw=+76.4 pitch=+2.1 roll=+99.2 | mag=0.7993
23:04:23 [INFO] GYRO_DIAG: gx=+0.1457 gy=-0.4889 gz=-0.2966 | peaks: [+1.2740, -1.6520, -0.3833] | yaw=-25.7 pitch=-126.4 roll=+26.9 | mag=0.5901
23:04:24 [INFO] GYRO_DIAG: gx=+0.5251 gy=-0.1211 gz=-0.0547 | peaks: [+1.2740, -1.6520, -0.3833] | yaw=-80.5 pitch=+30.9 roll=+13.4 | mag=0.5416
23:04:26 [INFO] GYRO_DIAG: gx=+0.1066 gy=+0.8440 gz=+0.0046 | peaks: [+1.2740, -1.6520, -0.3833] | yaw=-66.1 pitch=+144.3 roll=+45.2 | mag=0.8507
23:04:27 [INFO] GYRO_DIAG: gx=+0.0376 gy=-0.0417 gz=+0.0424 | peaks: [+1.2740, -1.6520, -0.3833] | yaw=-183.9 pitch=+130.7 roll=+73.8 | mag=0.0704
23:04:28 [INFO] GYRO_DIAG: gx=+0.0156 gy=-0.0026 gz=+0.0143 | peaks: [+1.2740, -1.6520, -0.3833] | yaw=-284.8 pitch=+88.2 roll=+104.5 | mag=0.0214
23:04:29 [INFO] GYRO_DIAG: gx=-0.1206 gy=+0.0194 gz=+0.0284 | peaks: [+1.2740, -1.6520, -0.3833] | yaw=-168.6 pitch=-146.6 roll=+107.2 | mag=0.1254
23:04:30 [INFO] GYRO_DIAG: gx=+0.1182 gy=-0.0820 gz=-0.0095 | peaks: [+1.2740, -1.6520, -0.3833] | yaw=-175.9 pitch=-71.3 roll=+97.1 | mag=0.1442
23:04:31 [INFO] GYRO_DIAG: gx=+0.0352 gy=+0.0029 gz=-0.0131 | peaks: [+1.2740, -1.6520, -0.3833] | yaw=-231.3 pitch=+26.0 roll=+91.5 | mag=0.0376
23:04:31 [INFO] Loop OK - px_off=-70px, zoom=1.0, tracking=True, fps=60, has_frame=True
23:04:31 [INFO] IMU diag: gy=-0.0289 gx=+0.0364 px_off=-70px gain=0.87 decay=1.0000 dead=0.04 mag=0.0480 resp=0.001 yaw_out=-70 imu=30234
23:04:32 [INFO] GYRO_DIAG: gx=+0.3357 gy=-0.3398 gz=-0.0101 | peaks: [+1.2740, -1.6520, -0.3833] | yaw=-269.7 pitch=+55.8 roll=+95.5 | mag=0.4778
23:04:33 [INFO] GYRO_DIAG: gx=+0.2245 gy=-0.1266 gz=-0.0376 | peaks: [+1.2740, -1.6520, -0.3833] | yaw=-205.9 pitch=+157.0 roll=+90.4 | mag=0.2605
23:04:34 [INFO] GYRO_DIAG: gx=-0.0186 gy=+0.0297 gz=+0.0015 | peaks: [+1.2740, -1.6520, -0.3833] | yaw=-217.1 pitch=+112.6 roll=+97.5 | mag=0.0351
23:04:35 [INFO] GYRO_DIAG: gx=+0.0009 gy=-0.0203 gz=+0.0021 | peaks: [+1.2740, -1.6520, -0.3833] | yaw=-209.1 pitch=+69.5 roll=+104.7 | mag=0.0205
23:04:36 [INFO] GYRO_DIAG: gx=+0.0046 gy=+0.0029 gz=+0.0003 | peaks: [+1.2740, -1.6520, -0.3833] | yaw=-208.1 pitch=+44.6 roll=+111.6 | mag=0.0054
23:04:37 [INFO] GYRO_DIAG: gx=+0.0064 gy=-0.0069 gz=-0.0015 | peaks: [+1.2740, -1.6520, -0.3833] | yaw=-198.0 pitch=+24.4 roll=+112.8 | mag=0.0096
23:04:38 [INFO] GYRO_DIAG: gx=-0.2129 gy=-0.3832 gz=-0.0516 | peaks: [+1.2740, -1.6520, -0.3833] | yaw=-82.8 pitch=-283.7 roll=+89.9 | mag=0.4414
23:04:39 [INFO] GYRO_DIAG: gx=+0.0718 gy=+0.0169 gz=-0.0107 | peaks: [+1.2740, -1.6520, -0.3833] | yaw=-107.6 pitch=-176.1 roll=+76.8 | mag=0.0745
23:04:40 [INFO] GYRO_DIAG: gx=+0.0089 gy=+0.0212 gz=-0.0095 | peaks: [+1.2740, -1.6520, -0.3833] | yaw=-116.1 pitch=-93.3 roll=+75.9 | mag=0.0249
23:04:41 [INFO] GYRO_DIAG: gx=+0.0046 gy=-0.0039 gz=-0.0229 | peaks: [+1.2740, -1.6520, -0.3833] | yaw=-114.0 pitch=-55.2 roll=+78.0 | mag=0.0237
23:04:41 [INFO] Loop OK - px_off=116px, zoom=1.0, tracking=True, fps=60, has_frame=True
23:04:41 [INFO] IMU diag: gy=+0.0035 gx=+0.0058 px_off=116px gain=0.87 decay=1.0000 dead=0.04 mag=0.0132 resp=0.000 yaw_out=116 imu=35164
23:04:42 [INFO] GYRO_DIAG: gx=-0.0015 gy=+0.0090 gz=+0.0003 | peaks: [+1.2740, -1.6520, -0.3833] | yaw=-110.6 pitch=-37.3 roll=+73.6 | mag=0.0091
23:04:43 [INFO] GYRO_DIAG: gx=-0.0174 gy=+0.0053 gz=-0.0095 | peaks: [+1.2740, -1.6520, -0.3833] | yaw=-107.8 pitch=-22.8 roll=+80.4 | mag=0.0205
23:04:44 [INFO] GYRO_DIAG: gx=+0.1121 gy=-0.0301 gz=-0.0339 | peaks: [+1.2740, -1.6520, -0.3833] | yaw=-85.4 pitch=-12.9 roll=+79.8 | mag=0.1209
23:04:45 [INFO] GYRO_DIAG: gx=-0.0180 gy=-0.0130 gz=-0.0248 | peaks: [+1.2740, -1.6520, -0.3833] | yaw=-99.5 pitch=-8.7 roll=+78.2 | mag=0.0333
23:04:46 [INFO] GYRO_DIAG: gx=+0.0016 gy=+0.0010 gz=+0.0241 | peaks: [+1.2740, -1.6520, -0.3833] | yaw=-103.4 pitch=-15.2 roll=+77.6 | mag=0.0242
23:04:47 [INFO] GYRO_DIAG: gx=-0.0064 gy=+0.0187 gz=+0.0082 | peaks: [+1.2740, -1.6520, -0.3833] | yaw=-104.1 pitch=-6.0 roll=+77.6 | mag=0.0214
23:04:48 [INFO] GYRO_DIAG: gx=+0.0193 gy=-0.0161 gz=-0.0217 | peaks: [+1.2740, -1.6520, -0.3833] | yaw=-5.6 pitch=-9.3 roll=+103.0 | mag=0.0332
23:04:49 [INFO] GYRO_DIAG: gx=-0.0076 gy=-0.0118 gz=+0.0052 | peaks: [+1.2740, -1.6520, -0.3833] | yaw=-4.1 pitch=-2.0 roll=+94.7 | mag=0.0150
23:04:50 [INFO] GYRO_DIAG: gx=+0.0034 gy=+0.0078 gz=-0.0003 | peaks: [+1.2740, -1.6520, -0.3833] | yaw=-0.3 pitch=-0.9 roll=+88.8 | mag=0.0085
23:04:51 [INFO] GYRO_DIAG: gx=-0.0155 gy=-0.0179 gz=+0.0027 | peaks: [+1.2740, -1.6520, -0.3833] | yaw=-1.2 pitch=-2.6 roll=+85.1 | mag=0.0239
23:04:51 [INFO] Loop OK - px_off=122px, zoom=1.0, tracking=True, fps=60, has_frame=True
23:04:51 [INFO] IMU diag: gy=+0.0010 gx=-0.0033 px_off=121px gain=0.87 decay=1.0000 dead=0.04 mag=0.0036 resp=0.000 yaw_out=121 imu=40094
23:04:52 [INFO] GYRO_DIAG: gx=-0.0015 gy=-0.0179 gz=+0.0113 | peaks: [+1.2740, -1.6520, -0.3833] | yaw=-3.1 pitch=-5.3 roll=+82.5 | mag=0.0212
23:04:53 [INFO] GYRO_DIAG: gx=+0.0005 gy=-0.0020 gz=-0.0009 | peaks: [+1.2740, -1.6520, -0.3833] | yaw=-1.7 pitch=-3.3 roll=+81.9 | mag=0.0023
23:04:54 [INFO] GYRO_DIAG: gx=+0.0195 gy=-0.0185 gz=-0.0046 | peaks: [+1.2740, -1.6520, -0.3833] | yaw=+1.3 pitch=+1.8 roll=+81.3 | mag=0.0273
23:04:55 [INFO] GYRO_DIAG: gx=+0.0024 gy=+0.0083 gz=+0.0180 | peaks: [+1.2740, -1.6520, -0.3833] | yaw=+2.3 pitch=+5.6 roll=+76.2 | mag=0.0200
23:04:56 [INFO] GYRO_DIAG: gx=+0.0060 gy=+0.0200 gz=-0.0089 | peaks: [+1.2740, -1.6520, -0.3833] | yaw=+2.5 pitch=+4.0 roll=+78.3 | mag=0.0227
23:04:56 [INFO] Hotkeys triggered: {'recenter'}
23:04:56 [INFO] Recentered
23:04:57 [INFO] GYRO_DIAG: gx=-0.0868 gy=+0.2331 gz=+0.1463 | peaks: [+1.2740, -1.6520, -0.3833] | yaw=-5.2 pitch=-0.5 roll=+91.0 | mag=0.2886
23:04:58 [INFO] GYRO_DIAG: gx=+0.0066 gy=+0.0352 gz=-0.0126 | peaks: [+1.2740, -1.6520, -0.3833] | yaw=+21.6 pitch=-17.4 roll=+80.6 | mag=0.0380
23:04:59 [INFO] GYRO_DIAG: gx=-0.0038 gy=+0.0151 gz=-0.0077 | peaks: [+1.2740, -1.6520, -0.3833] | yaw=+25.1 pitch=+0.9 roll=+82.0 | mag=0.0173
23:05:00 [INFO] GYRO_DIAG: gx=+0.0250 gy=-0.0026 gz=-0.0009 | peaks: [+1.2740, -1.6520, -0.3833] | yaw=+25.1 pitch=+0.3 roll=+77.2 | mag=0.0251
23:05:01 [INFO] GYRO_DIAG: gx=+0.0133 gy=-0.0185 gz=+0.0125 | peaks: [+1.2740, -1.6520, -0.3833] | yaw=+25.6 pitch=+4.7 roll=+79.3 | mag=0.0260
23:05:01 [INFO] Loop OK - px_off=8px, zoom=1.0, tracking=True, fps=60, has_frame=True
23:05:01 [INFO] IMU diag: gy=+0.0083 gx=+0.0121 px_off=8px gain=0.87 decay=1.0000 dead=0.04 mag=0.0148 resp=0.000 yaw_out=8 imu=45023
23:05:02 [INFO] GYRO_DIAG: gx=+0.0078 gy=+0.0132 gz=-0.0003 | peaks: [+1.2740, -1.6520, -0.3833] | yaw=+25.6 pitch=+5.8 roll=+79.8 | mag=0.0154
23:05:03 [INFO] GYRO_DIAG: gx=+0.0121 gy=+0.0004 gz=+0.0064 | peaks: [+1.2740, -1.6520, -0.3833] | yaw=+28.8 pitch=+3.9 roll=+81.6 | mag=0.0137
23:05:04 [INFO] GYRO_DIAG: gx=+0.0097 gy=+0.0059 gz=+0.0033 | peaks: [+1.2740, -1.6520, -0.3833] | yaw=+30.7 pitch=+3.8 roll=+81.5 | mag=0.0118
23:05:05 [INFO] GYRO_DIAG: gx=+0.0017 gy=+0.0083 gz=-0.0034 | peaks: [+1.2740, -1.6520, -0.3833] | yaw=+32.0 pitch=+4.2 roll=+81.2 | mag=0.0092
23:05:06 [INFO] GYRO_DIAG: gx=-0.0004 gy=-0.0035 gz=-0.0083 | peaks: [+1.2740, -1.6520, -0.3833] | yaw=+33.4 pitch=+4.0 roll=+80.8 | mag=0.0090
23:05:07 [INFO] GYRO_DIAG: gx=+0.0014 gy=+0.0100 gz=-0.0022 | peaks: [+1.2740, -1.6520, -0.3833] | yaw=+33.0 pitch=+2.6 roll=+79.4 | mag=0.0103
23:05:08 [INFO] GYRO_DIAG: gx=+0.0075 gy=+0.0051 gz=-0.0058 | peaks: [+1.2740, -1.6520, -0.3833] | yaw=+32.8 pitch=+0.5 roll=+78.8 | mag=0.0108
23:05:09 [INFO] GYRO_DIAG: gx=-0.0047 gy=+0.0130 gz=-0.0028 | peaks: [+1.2740, -1.6520, -0.3833] | yaw=+33.5 pitch=-0.1 roll=+78.4 | mag=0.0141
23:05:10 [INFO] GYRO_DIAG: gx=-0.0034 gy=+0.0002 gz=-0.0089 | peaks: [+1.2740, -1.6520, -0.3833] | yaw=+33.7 pitch=-0.5 roll=+78.4 | mag=0.0095
23:05:11 [INFO] Loop OK - px_off=8px, zoom=1.0, tracking=True, fps=60, has_frame=True
23:05:11 [INFO] IMU diag: gy=-0.0004 gx=-0.0004 px_off=8px gain=0.87 decay=1.0000 dead=0.04 mag=0.0064 resp=0.000 yaw_out=8 imu=49953
23:05:11 [INFO] GYRO_DIAG: gx=+0.0014 gy=-0.0083 gz=-0.0003 | peaks: [+1.2740, -1.6520, -0.3833] | yaw=+33.4 pitch=-1.2 roll=+78.4 | mag=0.0085
23:05:12 [INFO] GYRO_DIAG: gx=-0.1146 gy=+0.0295 gz=-0.0071 | peaks: [+1.2740, -1.6520, -0.3833] | yaw=+48.6 pitch=-42.3 roll=+81.6 | mag=0.1186
23:05:13 [INFO] GYRO_DIAG: gx=+0.0155 gy=-0.0621 gz=-0.0657 | peaks: [+1.2740, -1.6520, -0.3833] | yaw=+45.6 pitch=-27.9 roll=+67.1 | mag=0.0917
23:05:14 [INFO] GYRO_DIAG: gx=+0.0747 gy=+0.0564 gz=+0.0534 | peaks: [+1.2740, -1.6520, -0.3833] | yaw=+19.5 pitch=+14.7 roll=+61.3 | mag=0.1078
23:05:15 [INFO] GYRO_DIAG: gx=+0.0137 gy=+0.0466 gz=+0.0168 | peaks: [+1.2740, -1.6520, -0.3833] | yaw=+35.9 pitch=+25.3 roll=+78.5 | mag=0.0514
23:05:16 [INFO] GYRO_DIAG: gx=+0.0100 gy=-0.0022 gz=+0.0064 | peaks: [+1.2740, -1.6520, -0.3833] | yaw=+39.5 pitch=+12.2 roll=+80.0 | mag=0.0121
23:05:17 [INFO] GYRO_DIAG: gx=-0.0022 gy=-0.0132 gz=-0.0101 | peaks: [+1.2740, -1.6520, -0.3833] | yaw=+38.3 pitch=+7.1 roll=+80.0 | mag=0.0168
23:05:18 [INFO] GYRO_DIAG: gx=+0.0015 gy=+0.0194 gz=+0.0148 | peaks: [+1.2740, -1.6520, -0.3833] | yaw=+28.4 pitch=+4.2 roll=+78.9 | mag=0.0245
23:05:19 [INFO] GYRO_DIAG: gx=+0.0131 gy=-0.2506 gz=+0.0240 | peaks: [+1.2740, -1.6520, -0.3833] | yaw=-14.4 pitch=+6.0 roll=+82.7 | mag=0.2521
23:05:20 [INFO] GYRO_DIAG: gx=+0.6271 gy=-0.8144 gz=+0.1266 | peaks: [+1.2740, -1.6520, -0.3833] | yaw=-80.9 pitch=+47.7 roll=+89.4 | mag=1.0356
23:05:21 [INFO] Loop OK - px_off=-420px, zoom=1.0, tracking=True, fps=60, has_frame=True
23:05:21 [INFO] IMU diag: gy=+0.0054 gx=+0.0137 px_off=-413px gain=0.87 decay=1.0000 dead=0.04 mag=0.0211 resp=0.000 yaw_out=-413 imu=54884
23:05:21 [INFO] GYRO_DIAG: gx=-0.0333 gy=-0.0056 gz=+0.0026 | peaks: [+1.2740, -1.6520, -0.3833] | yaw=-315.9 pitch=+106.3 roll=+80.5 | mag=0.0339
23:05:22 [INFO] GYRO_DIAG: gx=+0.0113 gy=+0.0170 gz=-0.0041 | peaks: [+1.2740, -1.6520, -0.3833] | yaw=-315.5 pitch=+60.9 roll=+92.1 | mag=0.0208
23:05:23 [INFO] GYRO_DIAG: gx=+0.0394 gy=-0.0704 gz=-0.0182 | peaks: [+1.2740, -1.6520, -0.3833] | yaw=+12.5 pitch=-117.9 roll=+91.0 | mag=0.0827
23:05:24 [INFO] GYRO_DIAG: gx=-0.0528 gy=+0.1581 gz=+0.0490 | peaks: [+1.2740, -1.6520, -0.3833] | yaw=-31.5 pitch=-54.0 roll=+76.2 | mag=0.1738
23:05:25 [INFO] GYRO_DIAG: gx=+0.0418 gy=-0.1596 gz=-0.0634 | peaks: [+1.2740, -1.6520, -0.3833] | yaw=+129.3 pitch=-38.5 roll=+96.3 | mag=0.1767
23:05:26 [INFO] GYRO_DIAG: gx=+0.0076 gy=-0.0075 gz=+0.0057 | peaks: [+1.2740, -1.6520, -0.3833] | yaw=+79.1 pitch=-6.7 roll=+92.7 | mag=0.0121
23:05:27 [INFO] GYRO_DIAG: gx=-0.0156 gy=+0.0097 gz=+0.0099 | peaks: [+1.2740, -1.6520, -0.3833] | yaw=+69.6 pitch=-1.6 roll=+84.3 | mag=0.0208
23:05:28 [INFO] Hotkeys triggered: {'recenter'}
23:05:28 [INFO] Recentered
23:05:28 [INFO] GYRO_DIAG: gx=+0.0205 gy=+0.0188 gz=-0.0090 | peaks: [+1.2740, -1.6520, -0.3833] | yaw=+69.3 pitch=+9.0 roll=+88.2 | mag=0.0292
23:05:29 [INFO] GYRO_DIAG: gx=-0.0058 gy=+0.0219 gz=-0.0041 | peaks: [+1.2740, -1.6520, -0.3833] | yaw=+71.5 pitch=+7.6 roll=+88.5 | mag=0.0230
23:05:30 [INFO] GYRO_DIAG: gx=+0.0089 gy=-0.0001 gz=+0.0069 | peaks: [+1.2740, -1.6520, -0.3833] | yaw=+73.1 pitch=+5.2 roll=+89.1 | mag=0.0112
23:05:31 [INFO] Loop OK - px_off=0px, zoom=1.0, tracking=True, fps=60, has_frame=True
23:05:31 [INFO] IMU diag: gy=+0.0103 gx=+0.0113 px_off=0px gain=0.87 decay=1.0000 dead=0.04 mag=0.0153 resp=0.000 yaw_out=0 imu=59818
23:05:31 [INFO] GYRO_DIAG: gx=+0.0046 gy=-0.0026 gz=+0.0032 | peaks: [+1.2740, -1.6520, -0.3833] | yaw=+73.0 pitch=+3.3 roll=+86.1 | mag=0.0062
23:05:32 [INFO] GYRO_DIAG: gx=-0.0272 gy=-0.0013 gz=+0.0197 | peaks: [+1.2740, -1.6520, -0.3833] | yaw=+67.5 pitch=-178.4 roll=+77.5 | mag=0.0336
23:05:33 [INFO] GYRO_DIAG: gx=+0.0968 gy=+0.0200 gz=+0.0435 | peaks: [+1.4420, -1.6520, -0.3833] | yaw=+63.9 pitch=+178.2 roll=+76.4 | mag=0.1080
23:05:34 [INFO] GYRO_DIAG: gx=-0.1115 gy=+0.6401 gz=+0.0063 | peaks: [+1.4420, -1.6520, -0.3833] | yaw=+98.2 pitch=+113.5 roll=+86.7 | mag=0.6497
23:05:35 [INFO] GYRO_DIAG: gx=-0.0150 gy=-0.5383 gz=-0.1208 | peaks: [+1.4420, -1.6520, -0.3833] | yaw=+236.6 pitch=-2.9 roll=+92.1 | mag=0.5519
23:05:36 [INFO] Hotkeys triggered: {'toggle_settings'}
23:05:36 [INFO] Settings panel: shown (click-through: OFF)
23:05:36 [INFO] GYRO_DIAG: gx=+0.0309 gy=-0.0142 gz=+0.0136 | peaks: [+1.4420, -1.6520, -0.3833] | yaw=+120.6 pitch=-9.0 roll=+70.7 | mag=0.0366
23:05:38 [INFO] GYRO_DIAG: gx=-0.0070 gy=+0.0384 gz=+0.0069 | peaks: [+1.4420, -1.6520, -0.3833] | yaw=+132.5 pitch=-1.5 roll=+80.1 | mag=0.0396
23:05:39 [INFO] GYRO_DIAG: gx=+0.0046 gy=-0.0111 gz=-0.0096 | peaks: [+1.4420, -1.6520, -0.3833] | yaw=+175.4 pitch=-8.0 roll=+89.0 | mag=0.0154
23:05:40 [INFO] GYRO_DIAG: gx=+0.0046 gy=+0.0066 gz=+0.0008 | peaks: [+1.4420, -1.6520, -0.3833] | yaw=+175.2 pitch=-5.2 roll=+86.9 | mag=0.0081
23:05:41 [INFO] GYRO_DIAG: gx=+0.0040 gy=-0.0013 gz=+0.0002 | peaks: [+1.4420, -1.6520, -0.3833] | yaw=+174.3 pitch=-3.0 roll=+86.1 | mag=0.0042
23:05:41 [INFO] Loop OK - px_off=25px, zoom=1.0, tracking=True, fps=60, has_frame=True
23:05:41 [INFO] IMU diag: gy=+0.0048 gx=+0.0089 px_off=25px gain=0.87 decay=1.0000 dead=0.04 mag=0.0125 resp=0.000 yaw_out=25 imu=64752
23:05:42 [INFO] GYRO_DIAG: gx=+0.0015 gy=+0.0042 gz=-0.0053 | peaks: [+1.4420, -1.6520, -0.3833] | yaw=+175.2 pitch=+0.0 roll=+86.6 | mag=0.0069
23:05:43 [INFO] GYRO_DIAG: gx=+0.0076 gy=-0.0111 gz=+0.0050 | peaks: [+1.4420, -1.6520, -0.3833] | yaw=+176.3 pitch=-0.9 roll=+85.0 | mag=0.0144
23:05:44 [INFO] GYRO_DIAG: gx=-0.1335 gy=-0.6933 gz=-0.0493 | peaks: [+1.4420, -1.6520, -0.3833] | yaw=+53.0 pitch=-17.6 roll=+76.0 | mag=0.7078
23:05:45 [INFO] GYRO_DIAG: gx=-0.0187 gy=-0.0336 gz=-0.0237 | peaks: [+1.4420, -1.6520, -0.3833] | yaw=+4.2 pitch=-21.6 roll=+68.6 | mag=0.0451
23:05:46 [INFO] GYRO_DIAG: gx=+0.0015 gy=+0.0208 gz=-0.0029 | peaks: [+1.4420, -1.6520, -0.3833] | yaw=+26.9 pitch=-12.1 roll=+78.2 | mag=0.0210
23:05:47 [INFO] GYRO_DIAG: gx=+0.0045 gy=-0.1655 gz=-0.0200 | peaks: [+1.4420, -1.6520, -0.3833] | yaw=+25.5 pitch=-7.3 roll=+79.9 | mag=0.1668
23:05:48 [INFO] GYRO_DIAG: gx=-0.0877 gy=+0.7239 gz=+0.0875 | peaks: [+1.4420, -1.6520, -0.3833] | yaw=-57.9 pitch=-23.3 roll=+66.9 | mag=0.7344
23:05:49 [INFO] GYRO_DIAG: gx=-0.0071 gy=+0.0012 gz=+0.0063 | peaks: [+1.4420, -1.6520, -0.3833] | yaw=+48.3 pitch=-17.6 roll=+92.5 | mag=0.0095
23:05:50 [INFO] GYRO_DIAG: gx=-0.0034 gy=-0.0043 gz=-0.0090 | peaks: [+1.4420, -1.6520, -0.3833] | yaw=+48.0 pitch=-9.9 roll=+87.9 | mag=0.0105
23:05:51 [INFO] GYRO_DIAG: gx=-0.0163 gy=+0.2132 gz=-0.0463 | peaks: [+1.4420, -1.6520, -0.3833] | yaw=-83.2 pitch=-4.0 roll=+49.6 | mag=0.2188
23:05:51 [INFO] Loop OK - px_off=100px, zoom=1.0, tracking=True, fps=60, has_frame=True
23:05:51 [INFO] IMU diag: gy=+0.6726 gx=-0.0175 px_off=120px gain=0.99 decay=0.9920 dead=0.04 mag=0.7007 resp=0.833 yaw_out=120 imu=69685
23:05:52 [INFO] GYRO_DIAG: gx=+0.0167 gy=-0.0434 gz=+0.0130 | peaks: [+1.4420, -1.6520, -0.3833] | yaw=+88.5 pitch=-8.3 roll=+90.2 | mag=0.0483
23:05:53 [INFO] GYRO_DIAG: gx=+0.0149 gy=-0.0043 gz=+0.0093 | peaks: [+1.4420, -1.6520, -0.3833] | yaw=+86.5 pitch=-3.7 roll=+87.5 | mag=0.0181
23:05:54 [INFO] GYRO_DIAG: gx=+0.0015 gy=-0.0134 gz=-0.0059 | peaks: [+1.4420, -1.6520, -0.3833] | yaw=+85.5 pitch=-1.3 roll=+83.9 | mag=0.0148
23:05:55 [INFO] GYRO_DIAG: gx=-0.0046 gy=+0.0049 gz=+0.0112 | peaks: [+1.4420, -1.6520, -0.3833] | yaw=+84.2 pitch=-0.1 roll=+83.1 | mag=0.0130
23:05:56 [INFO] GYRO_DIAG: gx=-0.0077 gy=+0.0024 gz=+0.0002 | peaks: [+1.4420, -1.6520, -0.3833] | yaw=+82.7 pitch=-0.9 roll=+82.4 | mag=0.0081
23:05:57 [INFO] GYRO_DIAG: gx=+0.0155 gy=+0.0183 gz=-0.0029 | peaks: [+1.4420, -1.6520, -0.3833] | yaw=+83.3 pitch=-1.7 roll=+81.8 | mag=0.0242
23:05:58 [INFO] GYRO_DIAG: gx=-0.0028 gy=-0.0098 gz=-0.0047 | peaks: [+1.4420, -1.6520, -0.3833] | yaw=+82.5 pitch=-1.1 roll=+81.3 | mag=0.0112
23:05:59 [INFO] GYRO_DIAG: gx=+0.0015 gy=-0.0183 gz=-0.0041 | peaks: [+1.4420, -1.6520, -0.3833] | yaw=+80.7 pitch=-0.1 roll=+81.5 | mag=0.0188
23:06:00 [INFO] GYRO_DIAG: gx=+0.0222 gy=+0.4337 gz=+0.0032 | peaks: [+1.4420, -1.7611, -0.3833] | yaw=-213.6 pitch=+37.7 roll=+58.9 | mag=0.4343
23:06:01 [INFO] GYRO_DIAG: gx=+0.8836 gy=+0.0312 gz=-0.1019 | peaks: [+1.4420, -1.7611, -0.3833] | yaw=+0.2 pitch=-157.9 roll=+77.2 | mag=0.8900
23:06:01 [INFO] Loop OK - px_off=253px, zoom=1.0, tracking=True, fps=60, has_frame=True
23:06:01 [INFO] IMU diag: gy=+0.1729 gx=+1.4730 px_off=252px gain=0.99 decay=1.0000 dead=0.04 mag=1.4834 resp=1.000 yaw_out=252 imu=74618
23:06:02 [INFO] GYRO_DIAG: gx=-0.8269 gy=+0.1167 gz=-0.0139 | peaks: [+1.4736, -1.7611, -0.3833] | yaw=+25.9 pitch=+86.8 roll=+76.6 | mag=0.8352
23:06:03 [INFO] GYRO_DIAG: gx=+0.0057 gy=-0.0153 gz=-0.0011 | peaks: [+1.4736, -1.7611, -0.3833] | yaw=+29.9 pitch=-14.5 roll=+81.4 | mag=0.0163
23:06:04 [INFO] GYRO_DIAG: gx=-0.0303 gy=-0.0788 gz=-0.0432 | peaks: [+1.4736, -1.7611, -0.3833] | yaw=-219.0 pitch=-14.9 roll=+51.1 | mag=0.0948
23:06:05 [INFO] GYRO_DIAG: gx=-0.0077 gy=+0.1582 gz=+0.0020 | peaks: [+1.4736, -1.7611, -0.3833] | yaw=-229.5 pitch=-7.8 roll=+57.9 | mag=0.1584
23:06:06 [INFO] GYRO_DIAG: gx=+0.1010 gy=-0.1264 gz=-0.0676 | peaks: [+1.4736, -1.7611, -0.3833] | yaw=+186.9 pitch=-20.6 roll=+141.9 | mag=0.1754
23:06:07 [INFO] GYRO_DIAG: gx=-0.0004 gy=-0.0354 gz=-0.0011 | peaks: [+1.4736, -1.7611, -0.3833] | yaw=+70.5 pitch=+160.9 roll=+105.7 | mag=0.0354
23:06:08 [INFO] GYRO_DIAG: gx=-0.0340 gy=-0.0037 gz=+0.0014 | peaks: [+1.4736, -1.7611, -0.3833] | yaw=+60.6 pitch=+97.0 roll=+101.7 | mag=0.0342
23:06:09 [INFO] GYRO_DIAG: gx=+0.0125 gy=+0.0293 gz=+0.0203 | peaks: [+1.4736, -1.7611, -0.3833] | yaw=+65.5 pitch=-78.0 roll=+119.1 | mag=0.0378
23:06:10 [INFO] Hotkeys triggered: {'toggle_settings'}
23:06:10 [INFO] Settings panel: hidden (click-through: ON)
23:06:10 [INFO] GYRO_DIAG: gx=+0.0100 gy=+0.0031 gz=-0.0102 | peaks: [+1.4736, -1.7611, -0.3833] | yaw=+58.6 pitch=-41.0 roll=+105.7 | mag=0.0146
23:06:11 [INFO] GYRO_DIAG: gx=+0.0015 gy=+0.0189 gz=+0.0112 | peaks: [+1.4736, -1.7611, -0.3833] | yaw=+59.2 pitch=-23.8 roll=+102.0 | mag=0.0220
23:06:11 [INFO] Loop OK - px_off=114px, zoom=1.0, tracking=True, fps=60, has_frame=True
23:06:11 [INFO] IMU diag: gy=+0.0061 gx=-0.0016 px_off=114px gain=0.99 decay=1.0000 dead=0.04 mag=0.0108 resp=0.000 yaw_out=114 imu=79552
23:06:12 [INFO] GYRO_DIAG: gx=+0.0082 gy=-0.0049 gz=+0.0093 | peaks: [+1.4736, -1.7611, -0.3833] | yaw=+60.3 pitch=-14.4 roll=+95.6 | mag=0.0133
23:06:13 [INFO] GYRO_DIAG: gx=-0.0083 gy=+0.0092 gz=+0.0063 | peaks: [+1.4736, -1.7611, -0.3833] | yaw=+60.1 pitch=-10.9 roll=+92.3 | mag=0.0139
23:06:14 [INFO] Hotkeys triggered: {'recenter'}
23:06:14 [INFO] Recentered
23:06:14 [INFO] GYRO_DIAG: gx=-0.0040 gy=+0.0086 gz=+0.0105 | peaks: [+1.4736, -1.7611, -0.3833] | yaw=+60.9 pitch=-8.0 roll=+91.2 | mag=0.0142
23:06:15 [INFO] GYRO_DIAG: gx=+0.0094 gy=+0.0165 gz=+0.0008 | peaks: [+1.4736, -1.7611, -0.3833] | yaw=+64.5 pitch=-4.9 roll=+90.2 | mag=0.0190
23:06:16 [INFO] GYRO_DIAG: gx=+0.0027 gy=-0.0024 gz=-0.0004 | peaks: [+1.4736, -1.7611, -0.3833] | yaw=+63.6 pitch=-4.3 roll=+89.2 | mag=0.0037
23:06:17 [INFO] GYRO_DIAG: gx=+0.0112 gy=-0.0018 gz=+0.0081 | peaks: [+1.4736, -1.7611, -0.3833] | yaw=+63.4 pitch=-3.5 roll=+87.6 | mag=0.0140
23:06:18 [INFO] GYRO_DIAG: gx=+0.0070 gy=+0.0116 gz=-0.0011 | peaks: [+1.4736, -1.7611, -0.3833] | yaw=+63.2 pitch=-3.3 roll=+86.5 | mag=0.0136
23:06:19 [INFO] GYRO_DIAG: gx=-0.0059 gy=+0.0104 gz=-0.0059 | peaks: [+1.4736, -1.7611, -0.3833] | yaw=+61.7 pitch=-2.8 roll=+85.0 | mag=0.0133
23:06:20 [INFO] GYRO_DIAG: gx=-0.0083 gy=-0.0079 gz=+0.0069 | peaks: [+1.4736, -1.7611, -0.3833] | yaw=+61.7 pitch=-5.7 roll=+85.2 | mag=0.0134
23:06:21 [INFO] Loop OK - px_off=0px, zoom=1.0, tracking=True, fps=60, has_frame=True
23:06:21 [INFO] IMU diag: gy=-0.0061 gx=-0.0046 px_off=0px gain=0.99 decay=1.0000 dead=0.04 mag=0.0078 resp=0.000 yaw_out=0 imu=84484
23:06:21 [INFO] GYRO_DIAG: gx=-0.0004 gy=+0.0079 gz=-0.0017 | peaks: [+1.4736, -1.7611, -0.3833] | yaw=+61.5 pitch=-4.6 roll=+85.4 | mag=0.0081
23:06:22 [INFO] GYRO_DIAG: gx=+0.0045 gy=+0.0122 gz=-0.0078 | peaks: [+1.4736, -1.7611, -0.3833] | yaw=+61.7 pitch=-2.2 roll=+84.5 | mag=0.0152
23:06:23 [INFO] GYRO_DIAG: gx=+0.0070 gy=-0.0037 gz=-0.0072 | peaks: [+1.4736, -1.7611, -0.3833] | yaw=+61.6 pitch=-1.5 roll=+84.2 | mag=0.0106
23:06:24 [INFO] GYRO_DIAG: gx=+0.0051 gy=-0.0024 gz=-0.0041 | peaks: [+1.4736, -1.7611, -0.3833] | yaw=+60.2 pitch=-2.6 roll=+83.7 | mag=0.0070
23:06:25 [INFO] GYRO_DIAG: gx=+0.0051 gy=-0.0092 gz=-0.0004 | peaks: [+1.4736, -1.7611, -0.3833] | yaw=+60.2 pitch=-1.8 roll=+83.9 | mag=0.0105
23:06:26 [INFO] GYRO_DIAG: gx=+0.0064 gy=-0.0018 gz=+0.0026 | peaks: [+1.4736, -1.7611, -0.3833] | yaw=+60.2 pitch=-1.9 roll=+84.7 | mag=0.0071
23:06:27 [INFO] GYRO_DIAG: gx=+0.0027 gy=+0.0006 gz=-0.0041 | peaks: [+1.4736, -1.7611, -0.3833] | yaw=+59.2 pitch=-1.8 roll=+84.3 | mag=0.0050
23:06:28 [INFO] GYRO_DIAG: gx=+0.0002 gy=-0.0641 gz=-0.0768 | peaks: [+1.4736, -1.7611, -0.3833] | yaw=+56.1 pitch=-8.3 roll=+79.6 | mag=0.1001
23:06:29 [INFO] GYRO_DIAG: gx=+0.9233 gy=-0.2217 gz=+0.0386 | peaks: [+1.4736, -1.7611, -0.3833] | yaw=+22.5 pitch=+137.0 roll=+128.5 | mag=0.9503
23:06:30 [INFO] GYRO_DIAG: gx=+0.0797 gy=-0.0159 gz=-0.0285 | peaks: [+1.4736, -1.7611, -0.3833] | yaw=-22.2 pitch=+214.8 roll=+143.8 | mag=0.0861
23:06:31 [INFO] Loop OK - px_off=-28px, zoom=1.0, tracking=True, fps=60, has_frame=True
23:06:31 [INFO] IMU diag: gy=+0.0299 gx=-0.0163 px_off=-28px gain=0.99 decay=1.0000 dead=0.04 mag=0.0350 resp=0.000 yaw_out=-28 imu=89417
23:06:31 [INFO] GYRO_DIAG: gx=+0.0027 gy=-0.0085 gz=-0.0047 | peaks: [+1.4736, -1.7611, -0.3833] | yaw=-14.3 pitch=+134.4 roll=+136.6 | mag=0.0101
23:06:32 [INFO] GYRO_DIAG: gx=-0.6125 gy=-0.0654 gz=-0.0719 | peaks: [+1.4736, -1.7611, -0.3833] | yaw=-6.3 pitch=-183.3 roll=+62.5 | mag=0.6201
23:06:33 [INFO] GYRO_DIAG: gx=+0.1230 gy=+0.0073 gz=+0.0576 | peaks: [+1.4736, -1.7611, -0.3833] | yaw=+16.3 pitch=-186.8 roll=+71.4 | mag=0.1360
23:06:34 [INFO] GYRO_DIAG: gx=+0.0057 gy=+0.0519 gz=+0.0289 | peaks: [+1.4736, -1.7611, -0.3833] | yaw=-3.1 pitch=+82.5 roll=+105.8 | mag=0.0597
23:06:35 [INFO] GYRO_DIAG: gx=-0.0150 gy=-0.0159 gz=+0.0038 | peaks: [+1.4736, -1.7611, -0.3833] | yaw=+2.3 pitch=+46.4 roll=+104.2 | mag=0.0222
23:06:36 [INFO] GYRO_DIAG: gx=-0.7187 gy=+0.0843 gz=-0.0621 | peaks: [+1.4736, -1.7611, -0.3833] | yaw=+29.0 pitch=-101.9 roll=+84.1 | mag=0.7263
23:06:37 [INFO] GYRO_DIAG: gx=+0.0045 gy=+0.0098 gz=-0.0530 | peaks: [+1.4736, -1.7611, -0.3833] | yaw=+34.3 pitch=-114.4 roll=+75.7 | mag=0.0541
23:06:38 [INFO] GYRO_DIAG: gx=-0.0266 gy=-0.0318 gz=-0.0200 | peaks: [+1.4736, -1.7611, -0.3833] | yaw=+85.8 pitch=-84.4 roll=+77.3 | mag=0.0460
23:06:39 [INFO] GYRO_DIAG: gx=+0.0143 gy=-0.0140 gz=-0.0047 | peaks: [+1.4736, -1.7611, -0.3833] | yaw=+79.9 pitch=-65.3 roll=+84.9 | mag=0.0206
23:06:40 [INFO] GYRO_DIAG: gx=+0.0051 gy=-0.0116 gz=-0.0011 | peaks: [+1.4736, -1.7611, -0.3833] | yaw=+72.7 pitch=-36.8 roll=+81.8 | mag=0.0127
23:06:41 [INFO] Loop OK - px_off=93px, zoom=1.0, tracking=True, fps=60, has_frame=True
23:06:41 [INFO] IMU diag: gy=-0.0305 gx=+0.0564 px_off=93px gain=0.99 decay=1.0000 dead=0.04 mag=0.0642 resp=0.003 yaw_out=93 imu=94424
23:06:41 [INFO] GYRO_DIAG: gx=+0.0155 gy=+0.0000 gz=+0.0014 | peaks: [+1.4736, -1.7611, -0.3833] | yaw=+67.1 pitch=-20.1 roll=+80.5 | mag=0.0156
23:06:42 [INFO] GYRO_DIAG: gx=-0.0132 gy=+0.0269 gz=+0.0185 | peaks: [+1.4736, -1.7611, -0.3833] | yaw=+67.6 pitch=-14.4 roll=+83.0 | mag=0.0352
23:06:43 [INFO] GYRO_DIAG: gx=-0.4011 gy=+0.0959 gz=+0.0692 | peaks: [+1.4736, -1.7611, -0.3833] | yaw=+185.0 pitch=-63.6 roll=+102.5 | mag=0.4182
23:06:44 [INFO] GYRO_DIAG: gx=-0.0010 gy=-0.0128 gz=+0.0246 | peaks: [+1.4736, -1.7611, -0.3833] | yaw=+227.3 pitch=-65.2 roll=+107.0 | mag=0.0278
23:06:45 [INFO] GYRO_DIAG: gx=+0.2904 gy=-0.4612 gz=-0.1116 | peaks: [+1.4736, -1.7611, -0.3859] | yaw=+9.0 pitch=+97.9 roll=+31.0 | mag=0.5563
23:06:46 [INFO] GYRO_DIAG: gx=-0.4823 gy=-0.0043 gz=+0.0564 | peaks: [+1.4736, -1.7611, -0.3859] | yaw=+153.3 pitch=-114.9 roll=+102.1 | mag=0.4856
23:06:47 [INFO] GYRO_DIAG: gx=+0.0320 gy=-0.0159 gz=-0.0102 | peaks: [+1.4736, -1.7611, -0.3859] | yaw=+151.0 pitch=-94.2 roll=+84.3 | mag=0.0372
23:06:48 [INFO] GYRO_DIAG: gx=+0.0076 gy=-0.0043 gz=+0.0032 | peaks: [+1.4736, -1.7611, -0.3859] | yaw=+146.3 pitch=-54.4 roll=+74.2 | mag=0.0093
23:06:49 [INFO] GYRO_DIAG: gx=+0.4718 gy=-0.2578 gz=-0.2613 | peaks: [+1.4736, -1.7611, -0.3859] | yaw=+127.1 pitch=+12.9 roll=+55.3 | mag=0.5978
23:06:50 [INFO] GYRO_DIAG: gx=+0.4773 gy=+0.0324 gz=+0.0551 | peaks: [+1.4736, -1.7611, -0.4195] | yaw=+3.8 pitch=+227.6 roll=+31.4 | mag=0.4816
23:06:51 [INFO] Loop OK - px_off=-142px, zoom=1.0, tracking=True, fps=60, has_frame=True
23:06:51 [INFO] IMU diag: gy=+0.0739 gx=-0.0181 px_off=-142px gain=0.99 decay=1.0000 dead=0.04 mag=0.0788 resp=0.007 yaw_out=-142 imu=99360
23:06:51 [INFO] GYRO_DIAG: gx=-0.6454 gy=+0.3995 gz=+0.0289 | peaks: [+1.4736, -1.7611, -0.4195] | yaw=+39.9 pitch=+168.4 roll=+74.9 | mag=0.7596
23:06:52 [INFO] Hotkeys triggered: {'recenter'}
23:06:52 [INFO] Recentered
23:06:52 [INFO] GYRO_DIAG: gx=-0.0272 gy=+0.0122 gz=+0.0142 | peaks: [+1.4736, -1.7611, -0.4195] | yaw=+171.3 pitch=-110.9 roll=+78.8 | mag=0.0331
23:06:54 [INFO] GYRO_DIAG: gx=-0.0071 gy=+0.0159 gz=+0.0038 | peaks: [+1.4736, -1.7611, -0.4195] | yaw=+162.5 pitch=-68.8 roll=+72.6 | mag=0.0178
23:06:55 [INFO] GYRO_DIAG: gx=-0.1024 gy=+0.0470 gz=-0.0047 | peaks: [+1.4736, -1.7611, -0.4195] | yaw=+53.1 pitch=+117.2 roll=+55.3 | mag=0.1128
23:06:56 [INFO] GYRO_DIAG: gx=-0.0053 gy=+0.0641 gz=+0.0374 | peaks: [+1.4736, -1.7611, -0.4195] | yaw=+103.3 pitch=+5.5 roll=+76.5 | mag=0.0745
23:06:57 [INFO] GYRO_DIAG: gx=+0.0216 gy=-0.0104 gz=-0.0023 | peaks: [+1.4736, -1.7611, -0.4195] | yaw=+105.8 pitch=-24.7 roll=+94.4 | mag=0.0241
23:06:57 [INFO] Hotkeys triggered: {'zoom_out'}
23:06:57 [INFO] Zoom: 0.9
23:06:58 [INFO] GYRO_DIAG: gx=+0.0283 gy=+0.0159 gz=-0.0011 | peaks: [+1.4736, -1.7611, -0.4195] | yaw=+108.4 pitch=-26.9 roll=+80.0 | mag=0.0325
23:06:58 [INFO] Hotkeys triggered: {'zoom_out'}
23:06:58 [INFO] Zoom: 0.8
23:06:59 [INFO] GYRO_DIAG: gx=-0.3321 gy=+0.3054 gz=+0.0942 | peaks: [+1.4736, -1.7611, -0.4195] | yaw=+134.6 pitch=-101.2 roll=+84.0 | mag=0.4609
23:06:59 [INFO] Hotkeys triggered: {'zoom_in'}
23:06:59 [INFO] Zoom: 0.9
23:06:59 [INFO] Hotkeys triggered: {'zoom_in'}
23:06:59 [INFO] Zoom: 1.0
23:07:00 [INFO] GYRO_DIAG: gx=+0.0638 gy=-0.0336 gz=-0.0121 | peaks: [+1.4736, -1.7611, -0.4195] | yaw=+133.6 pitch=-33.7 roll=+74.3 | mag=0.0731
23:07:00 [INFO] Hotkeys triggered: {'zoom_in'}
23:07:00 [INFO] Zoom: 1.1
23:07:01 [INFO] GYRO_DIAG: gx=+0.1322 gy=-0.0794 gz=-0.0615 | peaks: [+1.4736, -1.7611, -0.4195] | yaw=+122.2 pitch=-6.9 roll=+69.9 | mag=0.1660
23:07:01 [INFO] Loop OK - px_off=-165px, zoom=1.1, tracking=True, fps=60, has_frame=True
23:07:01 [INFO] IMU diag: gy=-0.0727 gx=-0.0957 px_off=-165px gain=0.99 decay=1.0000 dead=0.04 mag=0.1212 resp=0.026 yaw_out=-165 imu=104293
23:07:02 [INFO] GYRO_DIAG: gx=-0.3461 gy=+0.4117 gz=+0.2915 | peaks: [+1.4736, -1.7611, +0.4204] | yaw=+185.9 pitch=-36.0 roll=+107.3 | mag=0.6118
23:07:03 [INFO] GYRO_DIAG: gx=+0.0057 gy=-0.0085 gz=+0.0228 | peaks: [+1.4736, -1.7611, +0.4204] | yaw=+182.4 pitch=-32.9 roll=+100.5 | mag=0.0250
23:07:04 [INFO] GYRO_DIAG: gx=+0.0925 gy=-0.3268 gz=-0.3584 | peaks: [+1.4736, -1.7611, -0.4262] | yaw=+72.4 pitch=-39.5 roll=+24.3 | mag=0.4938
23:07:05 [INFO] GYRO_DIAG: gx=+0.1731 gy=+0.3751 gz=+0.0509 | peaks: [+1.4736, -1.7611, -0.4262] | yaw=+106.7 pitch=+69.4 roll=+32.4 | mag=0.4162
23:07:06 [INFO] GYRO_DIAG: gx=-0.0364 gy=-0.0037 gz=+0.0112 | peaks: [+1.4736, -1.7611, -0.4262] | yaw=+131.9 pitch=+108.5 roll=+62.3 | mag=0.0383
23:07:07 [INFO] GYRO_DIAG: gx=-0.1586 gy=+0.0037 gz=-0.0176 | peaks: [+1.4736, -1.7611, -0.4262] | yaw=+143.2 pitch=-25.6 roll=+83.7 | mag=0.1596
23:07:08 [INFO] GYRO_DIAG: gx=+0.0803 gy=-0.0061 gz=+0.1174 | peaks: [+1.4736, -1.7611, -0.4262] | yaw=+76.9 pitch=-56.3 roll=+73.3 | mag=0.1424
23:07:09 [INFO] GYRO_DIAG: gx=-0.1549 gy=+0.2346 gz=+0.0283 | peaks: [+1.4736, -1.7611, -0.4262] | yaw=+117.7 pitch=-29.5 roll=+77.7 | mag=0.2825
23:07:10 [INFO] GYRO_DIAG: gx=+0.0271 gy=-0.0085 gz=-0.0176 | peaks: [+1.4736, -1.7611, -0.4262] | yaw=+233.6 pitch=-46.6 roll=+95.8 | mag=0.0334
23:07:11 [INFO] GYRO_DIAG: gx=+0.0100 gy=+0.0134 gz=-0.0047 | peaks: [+1.4736, -1.7611, -0.4262] | yaw=+215.6 pitch=-21.8 roll=+80.5 | mag=0.0174
23:07:11 [INFO] Loop OK - px_off=149px, zoom=1.1, tracking=True, fps=60, has_frame=True
23:07:11 [INFO] IMU diag: gy=-0.0049 gx=+0.0100 px_off=149px gain=0.99 decay=1.0000 dead=0.04 mag=0.0160 resp=0.000 yaw_out=149 imu=109228
23:07:12 [INFO] GYRO_DIAG: gx=+0.4712 gy=-0.4954 gz=-0.1880 | peaks: [+1.4736, -1.7611, -0.4262] | yaw=+147.2 pitch=+41.0 roll=+57.7 | mag=0.7091
23:07:13 [INFO] GYRO_DIAG: gx=-0.0413 gy=+0.0385 gz=+0.0643 | peaks: [+1.4736, -1.7611, -0.4262] | yaw=+65.9 pitch=+84.0 roll=+71.9 | mag=0.0856
23:07:14 [INFO] Hotkeys triggered: {'recenter'}
23:07:14 [INFO] Recentered
23:07:14 [INFO] GYRO_DIAG: gx=-0.0077 gy=+0.0092 gz=-0.0114 | peaks: [+1.4736, -1.7611, -0.4262] | yaw=+75.3 pitch=+32.1 roll=+91.5 | mag=0.0166
23:07:15 [INFO] GYRO_DIAG: gx=+0.0045 gy=-0.0030 gz=-0.0102 | peaks: [+1.4736, -1.7611, -0.4262] | yaw=+79.4 pitch=+16.5 roll=+89.5 | mag=0.0116
23:07:16 [INFO] GYRO_DIAG: gx=+0.0057 gy=+0.0037 gz=-0.0377 | peaks: [+1.4736, -1.7611, -0.4262] | yaw=+78.2 pitch=+4.3 roll=+82.5 | mag=0.0383
23:07:17 [INFO] GYRO_DIAG: gx=-0.0193 gy=+0.0153 gz=-0.0108 | peaks: [+1.4736, -1.7611, -0.4262] | yaw=+87.7 pitch=+3.3 roll=+86.3 | mag=0.0269
23:07:17 [INFO] Hotkeys triggered: {'zoom_in'}
23:07:17 [INFO] Zoom: 1.2000000000000002
23:07:17 [INFO] Hotkeys triggered: {'zoom_in'}
23:07:17 [INFO] Zoom: 1.3000000000000003
23:07:18 [INFO] GYRO_DIAG: gx=-0.0053 gy=-0.0195 gz=-0.0163 | peaks: [+1.4736, -1.7611, -0.4262] | yaw=+88.3 pitch=+2.8 roll=+84.4 | mag=0.0260
23:07:18 [INFO] Hotkeys triggered: {'zoom_in'}
23:07:18 [INFO] Zoom: 1.4000000000000004
23:07:19 [INFO] GYRO_DIAG: gx=-0.1427 gy=-0.0556 gz=-0.0432 | peaks: [+1.4736, -1.7611, -0.4262] | yaw=+94.5 pitch=-13.9 roll=+89.8 | mag=0.1591
23:07:20 [INFO] GYRO_DIAG: gx=-0.2795 gy=+0.2590 gz=+0.1126 | peaks: [+1.4736, -1.7611, -0.4262] | yaw=+189.9 pitch=-123.8 roll=+112.2 | mag=0.3974
23:07:21 [INFO] GYRO_DIAG: gx=-0.2068 gy=+0.1680 gz=+0.1278 | peaks: [+1.4736, -1.7611, -0.4262] | yaw=+327.4 pitch=-100.2 roll=+139.7 | mag=0.2955
23:07:21 [INFO] Loop OK - px_off=301px, zoom=1.4000000000000004, tracking=True, fps=60, has_frame=True
23:07:21 [INFO] IMU diag: gy=-0.0024 gx=-0.0016 px_off=298px gain=0.99 decay=1.0000 dead=0.04 mag=0.0121 resp=0.000 yaw_out=298 imu=114190
23:07:22 [INFO] GYRO_DIAG: gx=-0.3107 gy=-0.9700 gz=-0.6357 | peaks: [+1.4736, -1.7611, -0.6602] | yaw=+122.9 pitch=-72.6 roll=+20.4 | mag=1.2007
23:07:23 [INFO] GYRO_DIAG: gx=+0.3790 gy=-0.1991 gz=-0.1293 | peaks: [+1.4736, -1.7611, -0.6602] | yaw=+89.0 pitch=-108.7 roll=+19.1 | mag=0.4472
23:07:24 [INFO] GYRO_DIAG: gx=+0.1817 gy=+0.2615 gz=+0.0057 | peaks: [+1.4736, -1.7611, -0.6602] | yaw=-10.9 pitch=+243.4 roll=-8.6 | mag=0.3184
23:07:25 [INFO] GYRO_DIAG: gx=+0.0051 gy=+0.0073 gz=+0.0179 | peaks: [+1.4736, -1.7611, -0.6602] | yaw=+153.6 pitch=+180.6 roll=+37.1 | mag=0.0200
23:07:26 [INFO] GYRO_DIAG: gx=-0.2062 gy=+0.0134 gz=+0.0325 | peaks: [+1.4736, -1.7611, -0.6602] | yaw=+121.7 pitch=-6.5 roll=+57.4 | mag=0.2092
23:07:27 [INFO] GYRO_DIAG: gx=-0.0382 gy=+0.0073 gz=+0.0142 | peaks: [+1.4736, -1.7611, -0.6602] | yaw=+112.5 pitch=-64.9 roll=+72.2 | mag=0.0415
23:07:28 [INFO] GYRO_DIAG: gx=+0.0088 gy=+0.0128 gz=-0.0194 | peaks: [+1.4736, -1.7611, -0.6602] | yaw=+96.7 pitch=-28.7 roll=+80.8 | mag=0.0249
23:07:29 [INFO] Hotkeys triggered: {'zoom_out'}
23:07:29 [INFO] Zoom: 1.3000000000000003
23:07:29 [INFO] GYRO_DIAG: gx=-0.0266 gy=+0.0018 gz=+0.0075 | peaks: [+1.4736, -1.7611, -0.6602] | yaw=+119.1 pitch=-31.5 roll=+87.7 | mag=0.0277
23:07:30 [INFO] GYRO_DIAG: gx=-0.1824 gy=+0.1289 gz=-0.0188 | peaks: [+1.4736, -1.7611, -0.6602] | yaw=+122.0 pitch=-28.1 roll=+90.3 | mag=0.2241
23:07:31 [INFO] GYRO_DIAG: gx=+0.0259 gy=-0.0757 gz=-0.0683 | peaks: [+1.4736, -1.7611, -0.6602] | yaw=+309.3 pitch=-140.8 roll=+112.3 | mag=0.1052
23:07:31 [INFO] Loop OK - px_off=295px, zoom=1.3000000000000003, tracking=True, fps=60, has_frame=True
23:07:31 [INFO] IMU diag: gy=-0.1381 gx=+0.0729 px_off=293px gain=0.99 decay=1.0000 dead=0.04 mag=0.1583 resp=0.051 yaw_out=293 imu=119123
23:07:32 [INFO] GYRO_DIAG: gx=+0.4706 gy=-0.4233 gz=-0.0121 | peaks: [+1.4736, -1.7611, -0.6602] | yaw=+239.3 pitch=-28.4 roll=+79.9 | mag=0.6331
23:07:33 [INFO] GYRO_DIAG: gx=+0.1145 gy=+0.0257 gz=+0.0197 | peaks: [+1.4736, -1.7611, -0.6602] | yaw=+42.6 pitch=+142.7 roll=+48.2 | mag=0.1190
23:07:34 [INFO] GYRO_DIAG: gx=+0.1731 gy=+0.0226 gz=-0.0157 | peaks: [+1.4736, -1.7611, -0.6602] | yaw=+63.6 pitch=+105.7 roll=+68.2 | mag=0.1753
23:07:35 [INFO] GYRO_DIAG: gx=-0.3877 gy=+0.0562 gz=-0.0059 | peaks: [+1.4736, -1.7611, -0.6602] | yaw=+73.6 pitch=+106.6 roll=+85.5 | mag=0.3918
23:07:36 [INFO] GYRO_DIAG: gx=-0.0382 gy=+0.0208 gz=+0.0044 | peaks: [+1.4736, -1.7611, -0.6602] | yaw=+86.7 pitch=-35.6 roll=+94.9 | mag=0.0437
23:07:37 [INFO] GYRO_DIAG: gx=-0.0083 gy=-0.0006 gz=+0.0124 | peaks: [+1.4736, -1.7611, -0.6602] | yaw=+90.4 pitch=-31.4 roll=+93.6 | mag=0.0149
23:07:38 [INFO] GYRO_DIAG: gx=-0.0016 gy=+0.0055 gz=+0.0087 | peaks: [+1.4736, -1.7611, -0.6602] | yaw=+89.9 pitch=-20.3 roll=+90.4 | mag=0.0104
23:07:39 [INFO] GYRO_DIAG: gx=-0.0132 gy=-0.0061 gz=-0.0011 | peaks: [+1.4736, -1.7611, -0.6602] | yaw=+97.4 pitch=-23.5 roll=+89.6 | mag=0.0146
23:07:40 [INFO] Hotkeys triggered: {'recenter'}
23:07:40 [INFO] Recentered
23:07:40 [INFO] GYRO_DIAG: gx=-0.0230 gy=-0.0134 gz=+0.0112 | peaks: [+1.4736, -1.7611, -0.6602] | yaw=+98.4 pitch=-22.4 roll=+88.1 | mag=0.0289
23:07:41 [INFO] GYRO_DIAG: gx=-0.0340 gy=-0.0257 gz=-0.0237 | peaks: [+1.4736, -1.7611, -0.6602] | yaw=+92.0 pitch=+46.6 roll=+80.8 | mag=0.0487
23:07:41 [INFO] Loop OK - px_off=-0px, zoom=1.3000000000000003, tracking=True, fps=60, has_frame=True
23:07:41 [INFO] IMU diag: gy=-0.0202 gx=-0.0737 px_off=-0px gain=0.99 decay=1.0000 dead=0.04 mag=0.0764 resp=0.006 yaw_out=-0 imu=124057
23:07:42 [INFO] GYRO_DIAG: gx=-0.0126 gy=+0.0226 gz=+0.0179 | peaks: [+1.4736, -1.7611, -0.6602] | yaw=+90.4 pitch=-0.3 roll=+86.5 | mag=0.0314
23:07:43 [INFO] Hotkeys triggered: {'recenter'}
23:07:43 [INFO] Recentered
23:07:43 [INFO] GYRO_DIAG: gx=-0.0486 gy=+0.0086 gz=+0.0014 | peaks: [+1.4736, -1.7611, -0.6602] | yaw=+94.2 pitch=-16.6 roll=+90.1 | mag=0.0494
23:07:44 [INFO] GYRO_DIAG: gx=+0.0027 gy=+0.0049 gz=+0.0081 | peaks: [+1.4736, -1.7611, -0.6602] | yaw=+94.8 pitch=-14.8 roll=+89.3 | mag=0.0098
23:07:45 [INFO] GYRO_DIAG: gx=-0.0175 gy=+0.0012 gz=-0.0004 | peaks: [+1.4736, -1.7611, -0.6602] | yaw=+96.1 pitch=-16.6 roll=+86.8 | mag=0.0175
23:07:45 [INFO] Hotkeys triggered: {'recenter'}
23:07:45 [INFO] Recentered
23:07:46 [INFO] GYRO_DIAG: gx=-0.2075 gy=+0.1326 gz=-0.0188 | peaks: [+1.4736, -1.7611, -0.6602] | yaw=+127.5 pitch=-96.2 roll=+78.0 | mag=0.2469
23:07:47 [INFO] GYRO_DIAG: gx=+0.0186 gy=-0.0098 gz=+0.0032 | peaks: [+1.4736, -1.7611, -0.6602] | yaw=+124.3 pitch=-71.3 roll=+76.6 | mag=0.0212
23:07:48 [INFO] GYRO_DIAG: gx=+0.0241 gy=-0.0348 gz=+0.0093 | peaks: [+1.4736, -1.7611, -0.6602] | yaw=+110.0 pitch=-54.9 roll=+70.8 | mag=0.0433
23:07:49 [INFO] GYRO_DIAG: gx=-0.0077 gy=+0.0067 gz=+0.0057 | peaks: [+1.4736, -1.7611, -0.6602] | yaw=+114.1 pitch=-39.0 roll=+73.5 | mag=0.0117
23:07:50 [WARNING] Desktop duplication access loss/system transition detected (HRESULT=0x887A0026). Triggering output-change recovery.
23:07:50 [WARNING] Output change/access loss detected (backend=dxgi, output=1920x1080).
23:07:50 [INFO] Output recovery: 1920x1080@0 -> 1920x1080@0, region=(0, 0, 1920, 1080).
23:07:50 [INFO] GYRO_DIAG: gx=+0.0326 gy=+0.0037 gz=-0.0004 | peaks: [+1.4736, -1.7611, -0.6602] | yaw=+114.8 pitch=-20.6 roll=+74.3 | mag=0.0328
23:07:51 [INFO] Loop OK - px_off=20px, zoom=1.3000000000000003, tracking=True, fps=60, has_frame=True
23:07:51 [INFO] IMU diag: gy=-0.0501 gx=+0.7143 px_off=20px gain=0.99 decay=1.0000 dead=0.04 mag=0.7320 resp=0.871 yaw_out=20 imu=128990
23:07:51 [INFO] GYRO_DIAG: gx=+0.6001 gy=-0.0544 gz=+0.1462 | peaks: [+1.7443, -1.7611, -0.6602] | yaw=+117.4 pitch=+315.4 roll=+96.1 | mag=0.6200
23:07:52 [INFO] GYRO_DIAG: gx=+0.0406 gy=+0.0226 gz=-0.0829 | peaks: [+1.7443, -1.7611, -0.6602] | yaw=-6.4 pitch=+271.2 roll=+152.8 | mag=0.0950
23:07:53 [INFO] GYRO_DIAG: gx=-0.0175 gy=+0.0696 gz=-0.0011 | peaks: [+1.7443, -1.7611, -0.6602] | yaw=+9.2 pitch=+164.3 roll=+137.6 | mag=0.0718
23:07:54 [INFO] GYRO_DIAG: gx=+0.0088 gy=-0.0018 gz=-0.0011 | peaks: [+1.7443, -1.7611, -0.6602] | yaw=+36.0 pitch=+87.6 roll=+126.4 | mag=0.0090
23:07:55 [INFO] GYRO_DIAG: gx=-0.2282 gy=+0.1570 gz=-0.0902 | peaks: [+1.7443, -1.7611, -0.6602] | yaw=+92.9 pitch=-25.9 roll=+108.4 | mag=0.2913
23:07:56 [INFO] GYRO_DIAG: gx=-0.0370 gy=-0.0373 gz=-0.0463 | peaks: [+1.7443, -1.7611, -0.6602] | yaw=+113.4 pitch=-19.2 roll=+81.9 | mag=0.0700
23:07:57 [INFO] GYRO_DIAG: gx=+0.0448 gy=-0.0024 gz=-0.0145 | peaks: [+1.7443, -1.7611, -0.6602] | yaw=+111.7 pitch=+0.3 roll=+97.2 | mag=0.0472
23:07:58 [INFO] GYRO_DIAG: gx=+0.0051 gy=+0.0073 gz=+0.0081 | peaks: [+1.7443, -1.7611, -0.6602] | yaw=+111.9 pitch=-0.5 roll=+104.7 | mag=0.0121
23:07:59 [INFO] Hotkeys triggered: {'quit'}
23:07:59 [INFO] Quit requested
06:39:25 [INFO] ============================================================
06:39:25 [INFO] AirPin starting...
06:39:25 [INFO] Args: Namespace(no_imu=False, no_audio=False, monitor=0, sensitivity=None, fps=None)
06:39:25 [INFO] Displays found: 2, target_monitor=0
06:39:25 [INFO]   [0] Monitor 0 @ (0,0) 1920x1080
06:39:25 [INFO]   [1] Monitor 1 @ (-3840,0) 3840x2160
06:39:25 [INFO] IMU tracker started and recentered
06:39:25 [INFO] Dropping released DXCamera instance for device=0 output=0 backend=dxgi.
06:39:25 [INFO] DXGI capture initialised (dev=0 out=0 1920x1080)
06:39:25 [INFO] Screen capture started: 1920x1080
06:39:26 [INFO] GYRO_DIAG: gx=+0.1527 gy=-0.0330 gz=-0.1258 | peaks: [+0.5052, +0.1124, +0.6939] | yaw=-8.9 pitch=+87.6 roll=+105.8 | mag=0.2006
06:39:26 [INFO] Renderer initialized: 1920x1080 at (0,0), hwnd=1049684
06:39:26 [INFO] Target display: Monitor 0 (1920x1080) at (0,0)
06:39:27 [INFO] GYRO_DIAG: gx=-0.7404 gy=+0.4215 gz=+0.2358 | peaks: [-0.7404, +0.6109, +0.6939] | yaw=+32.9 pitch=+9.4 roll=+108.7 | mag=0.8840
06:39:28 [INFO] GYRO_DIAG: gx=+1.1295 gy=+0.3903 gz=-0.0177 | peaks: [+1.1295, -1.3213, -0.8198] | yaw=-167.7 pitch=-23.5 roll=-24.4 | mag=1.1952
06:39:29 [INFO] GYRO_DIAG: gx=-0.1264 gy=+1.4105 gz=+0.3629 | peaks: [+1.1747, +1.4105, -0.8198] | yaw=+169.7 pitch=+40.5 roll=+71.3 | mag=1.4619
06:39:30 [INFO] GYRO_DIAG: gx=+0.0208 gy=-0.0702 gz=-0.0006 | peaks: [+1.1747, +1.5485, -0.8198] | yaw=+186.0 pitch=+4.6 roll=+69.8 | mag=0.0733
06:39:31 [INFO] GYRO_DIAG: gx=-0.1723 gy=-0.0776 gz=+0.0098 | peaks: [+1.1747, +1.5485, -0.8198] | yaw=+28.8 pitch=-38.0 roll=+43.2 | mag=0.1892
06:39:32 [INFO] GYRO_DIAG: gx=+0.0421 gy=-0.0153 gz=+0.0281 | peaks: [+1.1747, +1.5485, -0.8198] | yaw=+23.3 pitch=-59.1 roll=+72.5 | mag=0.0529
06:39:33 [INFO] GYRO_DIAG: gx=+0.0391 gy=-0.0128 gz=+0.0250 | peaks: [+1.1747, +1.5485, -0.8198] | yaw=+9.7 pitch=-29.0 roll=+75.4 | mag=0.0482
06:39:34 [INFO] GYRO_DIAG: gx=+0.0055 gy=-0.0177 gz=+0.0122 | peaks: [+1.1747, +1.5485, -0.8198] | yaw=-2.9 pitch=-14.2 roll=+75.5 | mag=0.0222
06:39:35 [INFO] GYRO_DIAG: gx=+0.0134 gy=-0.0305 gz=+0.0024 | peaks: [+1.1747, +1.5485, -0.8198] | yaw=-16.6 pitch=-5.5 roll=+75.2 | mag=0.0335
06:39:36 [INFO] GYRO_DIAG: gx=-0.0055 gy=-0.0342 gz=+0.0171 | peaks: [+1.1747, +1.5485, -0.8198] | yaw=-38.5 pitch=-1.2 roll=+71.1 | mag=0.0386
06:39:36 [INFO] Loop OK - px_off=24px, zoom=1.0, tracking=True, fps=60, has_frame=True
06:39:36 [INFO] IMU diag: gy=-0.0122 gx=+0.0140 px_off=24px gain=0.99 decay=1.0000 dead=0.04 mag=0.0298 resp=0.000 yaw_out=24 imu=5605
06:39:37 [INFO] GYRO_DIAG: gx=+0.0159 gy=-0.0147 gz=+0.0165 | peaks: [+1.1747, +1.5485, -0.8198] | yaw=-53.1 pitch=+11.8 roll=+75.1 | mag=0.0272
06:39:38 [INFO] GYRO_DIAG: gx=-0.0159 gy=-0.0177 gz=+0.0134 | peaks: [+1.1747, +1.5485, -0.8198] | yaw=-71.3 pitch=+16.6 roll=+70.9 | mag=0.0273
06:39:39 [INFO] GYRO_DIAG: gx=+0.0079 gy=-0.0147 gz=+0.0189 | peaks: [+1.1747, +1.5485, -0.8198] | yaw=-84.7 pitch=+7.4 roll=+76.6 | mag=0.0252
06:39:40 [INFO] GYRO_DIAG: gx=-0.0006 gy=-0.0202 gz=+0.0202 | peaks: [+1.1747, +1.5485, -0.8198] | yaw=-99.2 pitch=+4.5 roll=+78.4 | mag=0.0285
06:39:41 [INFO] GYRO_DIAG: gx=+0.0092 gy=-0.0250 gz=+0.0110 | peaks: [+1.1747, +1.5485, -0.8198] | yaw=-112.7 pitch=+4.2 roll=+79.8 | mag=0.0288
06:39:42 [INFO] GYRO_DIAG: gx=+0.4649 gy=-0.1277 gz=-0.0751 | peaks: [+1.5669, +1.5485, -0.8198] | yaw=-128.3 pitch=+216.5 roll=+87.3 | mag=0.4879
06:39:43 [INFO] GYRO_DIAG: gx=+0.0189 gy=-0.0226 gz=+0.0305 | peaks: [+1.5669, +1.5485, -0.8198] | yaw=-145.0 pitch=+170.8 roll=+97.8 | mag=0.0425
06:39:44 [INFO] GYRO_DIAG: gx=-0.0226 gy=-0.0470 gz=+0.0147 | peaks: [+1.5669, +1.5485, -0.8198] | yaw=-163.9 pitch=+99.3 roll=+100.3 | mag=0.0542
06:39:45 [INFO] GYRO_DIAG: gx=-0.0556 gy=-0.4795 gz=+0.1038 | peaks: [+1.5669, +1.5485, -0.8198] | yaw=-203.1 pitch=+64.6 roll=+103.3 | mag=0.4938
06:39:46 [INFO] GYRO_DIAG: gx=+0.0385 gy=+0.0330 gz=+0.0281 | peaks: [+1.5669, +1.5485, -0.8198] | yaw=-423.4 pitch=+32.3 roll=+138.9 | mag=0.0580
06:39:46 [INFO] Loop OK - px_off=-509px, zoom=1.0, tracking=True, fps=59, has_frame=True
06:39:46 [INFO] IMU diag: gy=+0.0110 gx=+0.0134 px_off=-509px gain=0.99 decay=1.0000 dead=0.04 mag=0.0536 resp=0.001 yaw_out=-509 imu=10540
06:39:47 [INFO] GYRO_DIAG: gx=+0.0257 gy=+0.0593 gz=-0.0305 | peaks: [+1.5669, +1.5485, -0.8198] | yaw=-423.1 pitch=+23.6 roll=+122.6 | mag=0.0714
06:39:48 [INFO] GYRO_DIAG: gx=+0.0171 gy=-0.0012 gz=+0.0159 | peaks: [+1.5669, +1.5485, -0.8198] | yaw=-416.9 pitch=+23.3 roll=+110.8 | mag=0.0234
06:39:49 [INFO] GYRO_DIAG: gx=+0.0281 gy=-0.0073 gz=+0.0092 | peaks: [+1.5669, +1.5485, -0.8198] | yaw=-422.7 pitch=+18.7 roll=+108.7 | mag=0.0305
06:39:50 [INFO] GYRO_DIAG: gx=+0.0269 gy=-0.0238 gz=+0.0189 | peaks: [+1.5669, +1.5485, -0.8198] | yaw=-439.1 pitch=+9.0 roll=+108.0 | mag=0.0406
06:39:51 [INFO] GYRO_DIAG: gx=+0.4551 gy=+0.0764 gz=+0.0043 | peaks: [+1.5669, +1.5485, -0.8198] | yaw=-407.5 pitch=+116.8 roll=+114.6 | mag=0.4615
06:39:52 [INFO] GYRO_DIAG: gx=-0.0880 gy=-0.0941 gz=+0.0000 | peaks: [+1.5669, +1.5485, -0.8198] | yaw=-444.2 pitch=+74.7 roll=+128.2 | mag=0.1288
06:39:53 [INFO] GYRO_DIAG: gx=-1.1008 gy=+0.2236 gz=+0.0672 | peaks: [-1.5815, +1.5485, -0.8198] | yaw=-442.6 pitch=-240.0 roll=+96.4 | mag=1.1253
06:39:54 [INFO] GYRO_DIAG: gx=+0.0415 gy=-0.0354 gz=+0.0140 | peaks: [-1.5815, +1.5485, -0.8198] | yaw=-415.3 pitch=-253.6 roll=+109.5 | mag=0.0564
06:39:55 [INFO] GYRO_DIAG: gx=+0.3433 gy=+0.0715 gz=+0.0409 | peaks: [-1.5815, +1.5485, -0.8198] | yaw=-436.6 pitch=-119.9 roll=+95.5 | mag=0.3530
06:39:56 [INFO] Loop OK - px_off=-486px, zoom=1.0, tracking=True, fps=60, has_frame=True
06:39:56 [INFO] IMU diag: gy=-0.0165 gx=+0.0287 px_off=-486px gain=0.99 decay=1.0000 dead=0.04 mag=0.0381 resp=0.000 yaw_out=-486 imu=15479
06:39:56 [INFO] GYRO_DIAG: gx=+0.0666 gy=-0.0189 gz=+0.0189 | peaks: [-1.5815, +1.5485, -0.8198] | yaw=-432.9 pitch=+69.7 roll=+99.6 | mag=0.0718
06:39:57 [INFO] GYRO_DIAG: gx=+0.3971 gy=-0.0079 gz=+0.1106 | peaks: [-1.5815, +1.5485, -0.8198] | yaw=-439.1 pitch=+197.5 roll=+125.6 | mag=0.4122
06:39:58 [INFO] GYRO_DIAG: gx=-0.0195 gy=-0.0330 gz=+0.0153 | peaks: [-1.5815, +1.5485, -0.8198] | yaw=-461.9 pitch=+149.2 roll=+134.7 | mag=0.0413
06:39:59 [INFO] GYRO_DIAG: gx=-0.0849 gy=-0.0195 gz=+0.0348 | peaks: [-1.5815, +1.5485, -0.8198] | yaw=-484.6 pitch=+62.8 roll=+129.1 | mag=0.0938
06:40:00 [INFO] GYRO_DIAG: gx=-0.9029 gy=-0.1374 gz=-0.3183 | peaks: [-1.5815, +1.5485, -0.8198] | yaw=-514.6 pitch=-3.0 roll=+106.9 | mag=0.9671
06:40:01 [INFO] GYRO_DIAG: gx=+0.7801 gy=-0.0208 gz=-0.0177 | peaks: [-1.5815, +1.5485, -0.8198] | yaw=-507.8 pitch=-40.2 roll=+98.0 | mag=0.7806
06:40:02 [INFO] GYRO_DIAG: gx=+0.0043 gy=-0.0263 gz=+0.0128 | peaks: [-1.5815, +1.5485, -0.8198] | yaw=-526.2 pitch=-16.2 roll=+104.6 | mag=0.0295
06:40:03 [INFO] GYRO_DIAG: gx=-0.9248 gy=+0.7782 gz=+0.2254 | peaks: [-1.5815, +2.3072, -0.8198] | yaw=-325.5 pitch=-183.6 roll=+123.3 | mag=1.2296
06:40:04 [INFO] GYRO_DIAG: gx=+0.0715 gy=-0.1246 gz=+0.0470 | peaks: [-1.5815, +2.3072, -0.8198] | yaw=-484.9 pitch=-14.3 roll=+76.8 | mag=0.1512
06:40:05 [INFO] GYRO_DIAG: gx=+0.1057 gy=+0.0672 gz=+0.0153 | peaks: [-1.5815, +2.3072, -0.8198] | yaw=-626.0 pitch=-158.0 roll=+87.8 | mag=0.1262
06:40:06 [INFO] Loop OK - px_off=-177px, zoom=1.0, tracking=True, fps=60, has_frame=True
06:40:06 [INFO] IMU diag: gy=-0.0232 gx=+0.0140 px_off=-177px gain=0.99 decay=1.0000 dead=0.04 mag=0.0288 resp=0.000 yaw_out=-177 imu=20412
06:40:06 [INFO] GYRO_DIAG: gx=+0.2388 gy=+0.0208 gz=+0.0086 | peaks: [-1.5815, +2.3072, -0.8198] | yaw=-632.5 pitch=-71.7 roll=+79.4 | mag=0.2399
06:40:07 [INFO] GYRO_DIAG: gx=+0.0006 gy=-0.0367 gz=+0.0098 | peaks: [-1.5815, +2.3072, -0.8198] | yaw=-635.4 pitch=+43.7 roll=+75.5 | mag=0.0379
06:40:08 [INFO] Hotkeys triggered: {'recenter'}
06:40:08 [INFO] Recentered
06:40:08 [INFO] GYRO_DIAG: gx=+0.0031 gy=-0.0287 gz=+0.0244 | peaks: [-1.5815, +2.3072, -0.8198] | yaw=-657.5 pitch=+13.9 roll=+78.5 | mag=0.0378
06:40:09 [INFO] GYRO_DIAG: gx=+0.0599 gy=+0.0299 gz=+0.0403 | peaks: [-1.5815, +2.3072, -0.8198] | yaw=-701.5 pitch=-60.0 roll=+78.8 | mag=0.0781
06:40:10 [INFO] GYRO_DIAG: gx=-0.0079 gy=-0.0202 gz=+0.0177 | peaks: [-1.5815, +2.3072, -0.8198] | yaw=-713.0 pitch=-31.6 roll=+82.7 | mag=0.0280
06:40:11 [INFO] GYRO_DIAG: gx=-0.0073 gy=-0.0318 gz=+0.0165 | peaks: [-1.5815, +2.3072, -0.8198] | yaw=-726.5 pitch=-17.7 roll=+83.4 | mag=0.0365
06:40:12 [INFO] GYRO_DIAG: gx=-0.0018 gy=-0.0354 gz=-0.0031 | peaks: [-1.5815, +2.3072, -0.8198] | yaw=-740.5 pitch=-10.4 roll=+82.5 | mag=0.0356
06:40:13 [INFO] GYRO_DIAG: gx=+0.0171 gy=-0.0263 gz=+0.0159 | peaks: [-1.5815, +2.3072, -0.8198] | yaw=-756.9 pitch=-4.0 roll=+81.5 | mag=0.0351
06:40:14 [INFO] GYRO_DIAG: gx=-0.0031 gy=-0.0421 gz=+0.0116 | peaks: [-1.5815, +2.3072, -0.8198] | yaw=-768.5 pitch=+2.5 roll=+82.8 | mag=0.0438
06:40:15 [INFO] GYRO_DIAG: gx=+0.0104 gy=-0.0189 gz=+0.0153 | peaks: [-1.5815, +2.3072, -0.8198] | yaw=-783.3 pitch=+3.4 roll=+84.3 | mag=0.0265
06:40:16 [INFO] Loop OK - px_off=320px, zoom=1.0, tracking=True, fps=60, has_frame=True
06:40:16 [INFO] IMU diag: gy=+0.1985 gx=+0.5437 px_off=320px gain=0.99 decay=1.0000 dead=0.04 mag=0.5877 resp=0.669 yaw_out=320 imu=25352
06:40:16 [INFO] GYRO_DIAG: gx=-0.0171 gy=-0.2077 gz=-0.0715 | peaks: [-1.5815, +2.3072, -0.8198] | yaw=-639.4 pitch=+118.3 roll=+131.2 | mag=0.2203
06:40:17 [INFO] GYRO_DIAG: gx=-0.0153 gy=-0.0678 gz=-0.0061 | peaks: [-1.5815, +2.3072, -0.8198] | yaw=-717.2 pitch=+54.6 roll=+92.2 | mag=0.0698
06:40:18 [INFO] GYRO_DIAG: gx=+0.0244 gy=-0.0263 gz=+0.0189 | peaks: [-1.5815, +2.3072, -0.8198] | yaw=-760.8 pitch=+10.1 roll=+87.9 | mag=0.0406
06:40:19 [INFO] GYRO_DIAG: gx=-0.0672 gy=-0.0098 gz=+0.0055 | peaks: [-1.5815, +2.3072, -0.8198] | yaw=-776.1 pitch=+3.9 roll=+89.6 | mag=0.0681
06:40:21 [INFO] GYRO_DIAG: gx=-0.0049 gy=-0.0299 gz=+0.0128 | peaks: [-1.5815, +2.3072, -0.8198] | yaw=-793.2 pitch=+2.7 roll=+88.9 | mag=0.0329
06:40:22 [INFO] GYRO_DIAG: gx=-0.3952 gy=+0.3543 gz=+0.1350 | peaks: [-1.5815, +2.3072, -0.8198] | yaw=-1009.0 pitch=+12.9 roll=+66.9 | mag=0.5477
06:40:23 [INFO] GYRO_DIAG: gx=-0.0208 gy=-0.0702 gz=-0.0037 | peaks: [-1.5815, +2.3072, -0.8198] | yaw=-923.4 pitch=-57.8 roll=+99.8 | mag=0.0733
06:40:24 [INFO] GYRO_DIAG: gx=-0.0220 gy=-0.0476 gz=-0.0079 | peaks: [-1.5815, +2.3072, -0.8198] | yaw=-1039.1 pitch=+103.8 roll=+70.6 | mag=0.0531
06:40:25 [INFO] GYRO_DIAG: gx=-0.7801 gy=+2.4300 gz=+0.4875 | peaks: [-1.5815, +2.4300, -0.8198] | yaw=-1058.3 pitch=-45.3 roll=+105.5 | mag=2.5983
06:40:26 [INFO] GYRO_DIAG: gx=+0.1161 gy=+0.0006 gz=-0.0312 | peaks: [-1.5815, +2.4477, -0.8198] | yaw=-949.4 pitch=-105.1 roll=+126.8 | mag=0.1202
06:40:26 [INFO] Loop OK - px_off=336px, zoom=1.0, tracking=True, fps=60, has_frame=True
06:40:26 [INFO] IMU diag: gy=+0.0623 gx=+0.5461 px_off=336px gain=0.99 decay=1.0000 dead=0.04 mag=0.5498 resp=0.608 yaw_out=336 imu=30291
06:40:27 [INFO] GYRO_DIAG: gx=+0.1038 gy=-0.0788 gz=-0.0257 | peaks: [-1.5815, +2.4477, -0.8198] | yaw=-931.6 pitch=+100.9 roll=+115.0 | mag=0.1329
06:40:28 [INFO] GYRO_DIAG: gx=-0.3225 gy=+0.0501 gz=+0.0861 | peaks: [-1.5815, +2.4477, -0.8198] | yaw=-1020.4 pitch=+15.7 roll=+98.7 | mag=0.3376
06:40:29 [INFO] GYRO_DIAG: gx=+0.4997 gy=+0.0281 gz=-0.0214 | peaks: [-1.5815, +2.4477, -0.8198] | yaw=-953.0 pitch=-111.9 roll=+126.5 | mag=0.5009
06:40:30 [INFO] GYRO_DIAG: gx=+0.0324 gy=-0.0275 gz=-0.0629 | peaks: [-1.5815, +2.4477, -0.8198] | yaw=-1031.1 pitch=+9.3 roll=+78.4 | mag=0.0759
06:40:31 [INFO] GYRO_DIAG: gx=+0.3140 gy=+0.0507 gz=+0.0067 | peaks: [-1.5815, +2.4477, -0.8198] | yaw=-1033.5 pitch=+38.2 roll=+81.3 | mag=0.3181
06:40:32 [INFO] GYRO_DIAG: gx=-0.0702 gy=-0.0654 gz=-0.0128 | peaks: [-1.5815, +2.4477, -0.8198] | yaw=-1048.3 pitch=+67.8 roll=+86.3 | mag=0.0968
06:40:33 [INFO] GYRO_DIAG: gx=-0.0116 gy=-0.0391 gz=+0.0086 | peaks: [-1.5815, +2.4477, -0.8198] | yaw=-1073.0 pitch=+33.9 roll=+86.1 | mag=0.0417
06:40:34 [INFO] GYRO_DIAG: gx=+0.0061 gy=-0.0263 gz=+0.0104 | peaks: [-1.5815, +2.4477, -0.8198] | yaw=-1088.8 pitch=+21.4 roll=+89.7 | mag=0.0289
06:40:35 [INFO] GYRO_DIAG: gx=+0.0305 gy=-0.3555 gz=+0.0330 | peaks: [-1.5815, +2.4477, -0.8198] | yaw=-1069.7 pitch=+175.2 roll=+144.4 | mag=0.3584
06:40:36 [INFO] GYRO_DIAG: gx=-0.0880 gy=-0.0776 gz=+0.0379 | peaks: [-1.5815, +2.4477, -0.8198] | yaw=-1135.3 pitch=+82.1 roll=+122.5 | mag=0.1233
06:40:36 [INFO] Loop OK - px_off=208px, zoom=1.0, tracking=True, fps=60, has_frame=True
06:40:36 [INFO] IMU diag: gy=-0.2315 gx=+0.0568 px_off=207px gain=0.99 decay=1.0000 dead=0.04 mag=0.2480 resp=0.142 yaw_out=207 imu=35231
06:40:37 [INFO] GYRO_DIAG: gx=+0.0733 gy=+0.0611 gz=-0.0434 | peaks: [-1.5815, +2.4477, -0.8198] | yaw=-1200.7 pitch=+61.0 roll=+139.5 | mag=0.1048
06:40:38 [INFO] GYRO_DIAG: gx=+0.2107 gy=+0.0006 gz=+0.0281 | peaks: [-1.7966, +2.4477, -0.8198] | yaw=-1150.2 pitch=-225.4 roll=+88.9 | mag=0.2126
06:40:39 [INFO] GYRO_DIAG: gx=+0.1655 gy=-0.0360 gz=-0.0586 | peaks: [-1.7966, +2.4477, -0.8198] | yaw=-1147.1 pitch=+122.2 roll=+99.8 | mag=0.1793
06:40:40 [INFO] GYRO_DIAG: gx=-0.0293 gy=-0.0483 gz=+0.0458 | peaks: [-1.7966, +2.4477, -0.8198] | yaw=-1177.7 pitch=+68.3 roll=+102.5 | mag=0.0727
06:40:41 [INFO] GYRO_DIAG: gx=-0.0177 gy=-0.0580 gz=+0.0122 | peaks: [-1.7966, +2.4477, -0.8198] | yaw=-1176.1 pitch=+63.2 roll=+111.3 | mag=0.0619
06:40:42 [INFO] GYRO_DIAG: gx=+0.0147 gy=-0.0501 gz=+0.0299 | peaks: [-1.7966, +2.4477, -0.8198] | yaw=-1190.9 pitch=+74.4 roll=+110.9 | mag=0.0602
06:40:43 [INFO] GYRO_DIAG: gx=-0.0073 gy=-0.0409 gz=+0.0098 | peaks: [-1.7966, +2.4477, -0.8198] | yaw=-1216.3 pitch=+30.1 roll=+114.7 | mag=0.0427
06:40:44 [INFO] GYRO_DIAG: gx=-0.0134 gy=-0.0458 gz=+0.0098 | peaks: [-1.7966, +2.4477, -0.8198] | yaw=-1236.6 pitch=+22.0 roll=+113.1 | mag=0.0487
06:40:45 [INFO] GYRO_DIAG: gx=+0.0018 gy=-0.0293 gz=+0.0061 | peaks: [-1.7966, +2.4477, -0.8198] | yaw=-1255.7 pitch=+10.4 roll=+113.8 | mag=0.0300
06:40:46 [INFO] GYRO_DIAG: gx=-0.0513 gy=-0.1735 gz=+0.0617 | peaks: [-1.7966, +2.4477, -0.8198] | yaw=-1297.7 pitch=-13.8 roll=+120.0 | mag=0.1911
06:40:46 [INFO] Loop OK - px_off=263px, zoom=1.0, tracking=True, fps=60, has_frame=True
06:40:46 [INFO] IMU diag: gy=+0.0525 gx=+0.0874 px_off=263px gain=0.99 decay=1.0000 dead=0.04 mag=0.1044 resp=0.017 yaw_out=263 imu=40171
06:40:47 [INFO] GYRO_DIAG: gx=+0.0067 gy=-0.0226 gz=-0.0024 | peaks: [-1.7966, +2.4477, -0.8198] | yaw=-1303.2 pitch=+17.2 roll=+111.4 | mag=0.0237
06:40:48 [INFO] GYRO_DIAG: gx=+0.2205 gy=-0.0929 gz=+0.1100 | peaks: [-1.7966, +2.4477, -0.8198] | yaw=-1298.0 pitch=+95.2 roll=+138.6 | mag=0.2633
06:40:49 [INFO] GYRO_DIAG: gx=-0.1026 gy=-0.0702 gz=-0.0128 | peaks: [-1.7966, +2.4477, -0.8198] | yaw=-1319.6 pitch=+52.6 roll=+132.5 | mag=0.1250
06:40:50 [INFO] GYRO_DIAG: gx=-0.0379 gy=-0.0421 gz=-0.0275 | peaks: [-1.7966, +2.4477, -0.8198] | yaw=-1356.3 pitch=+0.9 roll=+99.8 | mag=0.0630
06:40:51 [INFO] GYRO_DIAG: gx=+0.0092 gy=+0.0232 gz=-0.0373 | peaks: [-1.7966, +2.4477, -0.8198] | yaw=-1365.2 pitch=+11.3 roll=+94.1 | mag=0.0448
06:40:52 [INFO] GYRO_DIAG: gx=-0.0440 gy=-0.1442 gz=+0.0043 | peaks: [-1.7966, +2.4477, -0.8198] | yaw=-1395.3 pitch=-26.1 roll=+100.5 | mag=0.1508
06:40:53 [INFO] GYRO_DIAG: gx=+0.0202 gy=-0.0055 gz=+0.0483 | peaks: [-1.7966, +2.4477, -0.8198] | yaw=-1400.5 pitch=-56.5 roll=+101.7 | mag=0.0526
06:40:54 [INFO] GYRO_DIAG: gx=-0.0110 gy=-0.0147 gz=-0.0220 | peaks: [-1.7966, +2.4477, -0.8198] | yaw=-1417.9 pitch=-33.5 roll=+114.1 | mag=0.0286
06:40:55 [INFO] GYRO_DIAG: gx=-0.0073 gy=+0.0727 gz=-0.0244 | peaks: [-1.7966, +2.4477, -0.8198] | yaw=-1446.2 pitch=-23.6 roll=+114.1 | mag=0.0770
06:40:56 [INFO] GYRO_DIAG: gx=+0.1454 gy=+0.0043 gz=-0.0189 | peaks: [-1.7966, +2.4477, -0.8198] | yaw=-1465.3 pitch=-9.3 roll=+109.4 | mag=0.1467
06:40:56 [INFO] Loop OK - px_off=252px, zoom=1.0, tracking=True, fps=60, has_frame=True
06:40:56 [INFO] IMU diag: gy=+0.0055 gx=-0.0269 px_off=252px gain=0.99 decay=1.0000 dead=0.04 mag=0.0393 resp=0.000 yaw_out=252 imu=45107
06:40:57 [INFO] GYRO_DIAG: gx=+0.0000 gy=-0.0269 gz=+0.0086 | peaks: [-1.7966, +2.4477, -0.8198] | yaw=-1477.7 pitch=-0.2 roll=+112.4 | mag=0.0282
06:40:58 [INFO] GYRO_DIAG: gx=-0.0159 gy=-0.0440 gz=+0.0128 | peaks: [-1.7966, +2.4477, -0.8198] | yaw=-1501.4 pitch=-0.6 roll=+107.7 | mag=0.0485
06:40:59 [INFO] GYRO_DIAG: gx=+0.0067 gy=+0.0153 gz=-0.0220 | peaks: [-1.7966, +2.4477, -0.8198] | yaw=-1522.3 pitch=+1.0 roll=+112.4 | mag=0.0276
06:41:00 [INFO] GYRO_DIAG: gx=+0.0012 gy=-0.0336 gz=+0.0391 | peaks: [-1.7966, +2.4477, -0.8198] | yaw=-1544.2 pitch=+1.0 roll=+117.7 | mag=0.0516
06:41:01 [INFO] GYRO_DIAG: gx=-0.0067 gy=-0.0421 gz=+0.0067 | peaks: [-1.7966, +2.4477, -0.8198] | yaw=-1561.9 pitch=+2.5 roll=+110.7 | mag=0.0432
06:41:02 [INFO] GYRO_DIAG: gx=+0.0305 gy=-0.0580 gz=+0.0110 | peaks: [-1.7966, +2.4477, -0.8198] | yaw=-1580.1 pitch=+4.8 roll=+108.7 | mag=0.0665
06:41:03 [INFO] GYRO_DIAG: gx=+0.0110 gy=-0.0232 gz=-0.0031 | peaks: [-1.7966, +2.4477, -0.8198] | yaw=-1597.3 pitch=+7.6 roll=+107.8 | mag=0.0259
06:41:04 [INFO] GYRO_DIAG: gx=-0.0202 gy=-0.0556 gz=-0.0092 | peaks: [-1.7966, +2.4477, -0.8198] | yaw=-1615.6 pitch=+8.0 roll=+103.6 | mag=0.0598
06:41:05 [INFO] GYRO_DIAG: gx=-0.0250 gy=-0.0110 gz=-0.0018 | peaks: [-1.7966, +2.4477, -0.8198] | yaw=-1636.9 pitch=+6.7 roll=+102.6 | mag=0.0274
06:41:06 [INFO] GYRO_DIAG: gx=-0.0116 gy=-0.0379 gz=-0.0061 | peaks: [-1.7966, +2.4477, -0.8198] | yaw=-1650.5 pitch=+5.7 roll=+109.9 | mag=0.0401
06:41:06 [INFO] Loop OK - px_off=252px, zoom=1.0, tracking=True, fps=60, has_frame=True
06:41:06 [INFO] IMU diag: gy=-0.0867 gx=-0.0134 px_off=252px gain=0.99 decay=1.0000 dead=0.04 mag=0.0922 resp=0.012 yaw_out=252 imu=50038
06:41:07 [INFO] GYRO_DIAG: gx=+0.0153 gy=-0.0415 gz=+0.0067 | peaks: [-1.7966, +2.4477, -0.8198] | yaw=-1670.3 pitch=+7.5 roll=+108.9 | mag=0.0448
06:41:08 [INFO] GYRO_DIAG: gx=-0.0159 gy=-0.0208 gz=+0.0049 | peaks: [-1.7966, +2.4477, -0.8198] | yaw=-1690.7 pitch=+3.8 roll=+108.4 | mag=0.0266
06:41:09 [INFO] GYRO_DIAG: gx=+0.0177 gy=-0.0470 gz=+0.0324 | peaks: [-1.7966, +2.4477, -0.8198] | yaw=-1708.3 pitch=+4.2 roll=+107.8 | mag=0.0598
06:41:10 [INFO] GYRO_DIAG: gx=+0.0092 gy=-0.0373 gz=+0.0348 | peaks: [-1.7966, +2.4477, -0.8198] | yaw=-1728.5 pitch=+7.3 roll=+109.1 | mag=0.0518
06:41:11 [INFO] GYRO_DIAG: gx=+0.0092 gy=-0.0043 gz=-0.0006 | peaks: [-1.7966, +2.4477, -0.8198] | yaw=-1749.8 pitch=+9.2 roll=+106.0 | mag=0.0101
06:41:12 [INFO] GYRO_DIAG: gx=-0.0195 gy=-0.0140 gz=+0.0348 | peaks: [-1.7966, +2.4477, -0.8198] | yaw=-1775.3 pitch=+0.6 roll=+97.7 | mag=0.0423
06:41:13 [INFO] GYRO_DIAG: gx=+0.0006 gy=-0.0281 gz=+0.0208 | peaks: [-1.7966, +2.4477, -0.8198] | yaw=-1798.6 pitch=-2.5 roll=+109.6 | mag=0.0349
06:41:14 [INFO] GYRO_DIAG: gx=-0.0153 gy=-0.0593 gz=-0.0324 | peaks: [-1.7966, +2.4477, -0.8198] | yaw=-1818.7 pitch=+1.2 roll=+109.4 | mag=0.0692
06:41:15 [INFO] GYRO_DIAG: gx=-0.0024 gy=-0.0275 gz=-0.0012 | peaks: [-1.7966, +2.4477, -0.8198] | yaw=-1836.8 pitch=+3.4 roll=+106.9 | mag=0.0276
06:41:16 [INFO] Loop OK - px_off=247px, zoom=1.0, tracking=True, fps=60, has_frame=True
06:41:16 [INFO] IMU diag: gy=-0.0373 gx=-0.0238 px_off=247px gain=0.99 decay=1.0000 dead=0.04 mag=0.0445 resp=0.000 yaw_out=247 imu=54963
06:41:16 [INFO] GYRO_DIAG: gx=-0.0244 gy=-0.0434 gz=+0.0012 | peaks: [-1.7966, +2.4477, -0.8198] | yaw=-1854.2 pitch=-0.2 roll=+109.6 | mag=0.0498
06:41:17 [INFO] GYRO_DIAG: gx=+0.0116 gy=-0.0330 gz=+0.0244 | peaks: [-1.7966, +2.4477, -0.8198] | yaw=-1873.2 pitch=+6.4 roll=+108.5 | mag=0.0427
06:41:18 [INFO] GYRO_DIAG: gx=+0.0067 gy=-0.0257 gz=+0.0147 | peaks: [-1.7966, +2.4477, -0.8198] | yaw=-1892.1 pitch=+6.9 roll=+107.9 | mag=0.0303
06:41:19 [INFO] GYRO_DIAG: gx=-0.6304 gy=-0.3818 gz=-0.0018 | peaks: [-1.7966, +2.4477, -0.8198] | yaw=-1930.7 pitch=-31.2 roll=+102.1 | mag=0.7370
06:41:20 [INFO] GYRO_DIAG: gx=+0.3561 gy=-0.0183 gz=-0.0037 | peaks: [-1.7966, +2.4477, -0.8198] | yaw=-1956.5 pitch=-39.3 roll=+132.8 | mag=0.3566
06:41:21 [INFO] GYRO_DIAG: gx=-0.1717 gy=-0.1625 gz=+0.0305 | peaks: [-1.7966, +2.4477, -0.8198] | yaw=-1948.2 pitch=+49.3 roll=+92.1 | mag=0.2383
06:41:22 [INFO] GYRO_DIAG: gx=+0.5192 gy=+0.5913 gz=+0.1845 | peaks: [-1.7966, +2.4477, -0.8198] | yaw=-1953.8 pitch=-107.4 roll=+172.2 | mag=0.8083
06:41:23 [INFO] GYRO_DIAG: gx=+0.0348 gy=-0.0531 gz=+0.0238 | peaks: [-1.7966, +2.4477, -0.8198] | yaw=-2002.7 pitch=+118.5 roll=+126.6 | mag=0.0679
06:41:24 [INFO] GYRO_DIAG: gx=-0.0299 gy=-0.0244 gz=+0.0153 | peaks: [-1.7966, +2.4477, -0.8198] | yaw=-2024.8 pitch=+65.6 roll=+122.4 | mag=0.0415
06:41:25 [INFO] GYRO_DIAG: gx=+0.0067 gy=-0.0067 gz=-0.0409 | peaks: [-1.7966, +2.4477, -0.8198] | yaw=-2049.0 pitch=+41.0 roll=+114.6 | mag=0.0420
06:41:26 [INFO] Loop OK - px_off=-54px, zoom=1.0, tracking=True, fps=60, has_frame=True
06:41:26 [INFO] IMU diag: gy=-0.0483 gx=+0.0037 px_off=-54px gain=0.99 decay=1.0000 dead=0.04 mag=0.0551 resp=0.001 yaw_out=-54 imu=59890
06:41:26 [INFO] GYRO_DIAG: gx=-0.0061 gy=-0.0232 gz=-0.0024 | peaks: [-1.7966, +2.4477, -0.8198] | yaw=-2069.0 pitch=+27.0 roll=+110.6 | mag=0.0241
06:41:27 [INFO] GYRO_DIAG: gx=+0.0018 gy=-0.0238 gz=+0.0202 | peaks: [-1.7966, +2.4477, -0.8198] | yaw=-2087.6 pitch=+20.3 roll=+110.0 | mag=0.0313
06:41:28 [INFO] GYRO_DIAG: gx=-0.0116 gy=-0.0629 gz=-0.0360 | peaks: [-1.7966, +2.4477, -0.8198] | yaw=-2113.4 pitch=+16.9 roll=+105.6 | mag=0.0734
06:41:29 [INFO] GYRO_DIAG: gx=+0.0067 gy=+0.0024 gz=-0.0214 | peaks: [-1.7966, +2.4477, -0.8198] | yaw=-2130.8 pitch=+8.9 roll=+111.3 | mag=0.0225
06:41:30 [INFO] GYRO_DIAG: gx=+0.0134 gy=-0.0287 gz=+0.0263 | peaks: [-1.7966, +2.4477, -0.8198] | yaw=-2150.1 pitch=+9.1 roll=+109.2 | mag=0.0412
06:41:31 [INFO] GYRO_DIAG: gx=+0.0110 gy=-0.0556 gz=+0.0250 | peaks: [-1.7966, +2.4477, -0.8198] | yaw=-2171.0 pitch=+10.0 roll=+106.4 | mag=0.0620
06:41:32 [INFO] GYRO_DIAG: gx=-0.0116 gy=-0.0629 gz=-0.0079 | peaks: [-1.7966, +2.4477, -0.8198] | yaw=-2187.3 pitch=+10.0 roll=+106.7 | mag=0.0645
06:41:33 [INFO] GYRO_DIAG: gx=-0.0012 gy=-0.0385 gz=-0.0018 | peaks: [-1.7966, +2.4477, -0.8198] | yaw=-2211.5 pitch=+8.9 roll=+105.8 | mag=0.0385
06:41:34 [INFO] GYRO_DIAG: gx=+0.0147 gy=-0.0208 gz=+0.0226 | peaks: [-1.7966, +2.4477, -0.8198] | yaw=-2229.1 pitch=+7.0 roll=+107.2 | mag=0.0340
06:41:36 [INFO] GYRO_DIAG: gx=+0.0092 gy=-0.0348 gz=-0.0122 | peaks: [-1.7966, +2.4477, -0.8198] | yaw=-2249.0 pitch=+4.3 roll=+107.1 | mag=0.0380
06:41:36 [INFO] Loop OK - px_off=-56px, zoom=1.0, tracking=True, fps=60, has_frame=True
06:41:36 [INFO] IMU diag: gy=-0.0586 gx=-0.0086 px_off=-56px gain=0.99 decay=1.0000 dead=0.04 mag=0.0608 resp=0.002 yaw_out=-56 imu=64817
06:41:37 [INFO] GYRO_DIAG: gx=+0.0018 gy=-0.0128 gz=+0.0140 | peaks: [-1.7966, +2.4477, -0.8198] | yaw=-2269.3 pitch=+6.5 roll=+107.4 | mag=0.0191
06:41:38 [INFO] GYRO_DIAG: gx=+0.0018 gy=-0.0189 gz=+0.0079 | peaks: [-1.7966, +2.4477, -0.8198] | yaw=-2288.4 pitch=+5.6 roll=+106.7 | mag=0.0206
06:41:39 [INFO] GYRO_DIAG: gx=+0.0373 gy=-0.0434 gz=+0.0281 | peaks: [-1.7966, +2.4477, -0.8198] | yaw=-2306.4 pitch=+14.5 roll=+106.3 | mag=0.0637
06:41:40 [INFO] GYRO_DIAG: gx=-0.0018 gy=-0.0464 gz=+0.0195 | peaks: [-1.7966, +2.4477, -0.8198] | yaw=-2329.1 pitch=+12.9 roll=+106.1 | mag=0.0504
06:41:41 [INFO] GYRO_DIAG: gx=+0.0293 gy=-0.0043 gz=+0.0385 | peaks: [-1.7966, +2.4477, -0.8198] | yaw=-2348.1 pitch=+9.5 roll=+108.0 | mag=0.0486
06:41:42 [INFO] GYRO_DIAG: gx=-0.0275 gy=-0.0617 gz=+0.0153 | peaks: [-1.7966, +2.4477, -0.8198] | yaw=-2373.1 pitch=+3.7 roll=+105.7 | mag=0.0692
06:41:43 [INFO] GYRO_DIAG: gx=-0.0153 gy=-0.0061 gz=-0.0092 | peaks: [-1.7966, +2.4477, -0.8198] | yaw=-2390.2 pitch=+13.1 roll=+112.5 | mag=0.0188
06:41:44 [INFO] GYRO_DIAG: gx=-0.0049 gy=-0.0745 gz=+0.0153 | peaks: [-1.7966, +2.4477, -0.8198] | yaw=-2408.1 pitch=+7.7 roll=+109.4 | mag=0.0762
06:41:45 [INFO] GYRO_DIAG: gx=+0.0134 gy=-0.0128 gz=+0.0183 | peaks: [-1.7966, +2.4477, -0.8198] | yaw=-2429.9 pitch=+6.9 roll=+108.7 | mag=0.0261
06:41:46 [INFO] GYRO_DIAG: gx=+0.0024 gy=+0.0024 gz=-0.0012 | peaks: [-1.7966, +2.4477, -0.8198] | yaw=-2451.6 pitch=+8.5 roll=+106.9 | mag=0.0037
06:41:46 [INFO] Loop OK - px_off=-57px, zoom=1.0, tracking=True, fps=60, has_frame=True
06:41:46 [INFO] IMU diag: gy=-0.0434 gx=-0.0086 px_off=-57px gain=0.99 decay=1.0000 dead=0.04 mag=0.0443 resp=0.000 yaw_out=-57 imu=69745
06:41:47 [INFO] GYRO_DIAG: gx=+0.0006 gy=-0.0476 gz=+0.0043 | peaks: [-1.7966, +2.4477, -0.8198] | yaw=-2469.1 pitch=+9.4 roll=+109.8 | mag=0.0478
06:41:48 [INFO] GYRO_DIAG: gx=+0.0012 gy=-0.0342 gz=+0.0116 | peaks: [-1.7966, +2.4477, -0.8198] | yaw=-2490.0 pitch=+7.5 roll=+107.3 | mag=0.0361
06:41:49 [INFO] GYRO_DIAG: gx=+0.0073 gy=-0.0195 gz=+0.0208 | peaks: [-1.7966, +2.4477, -0.8198] | yaw=-2508.4 pitch=+8.2 roll=+106.9 | mag=0.0294
06:41:50 [INFO] GYRO_DIAG: gx=-0.0073 gy=-0.0446 gz=-0.0043 | peaks: [-1.7966, +2.4477, -0.8198] | yaw=-2525.0 pitch=-1.8 roll=+109.3 | mag=0.0454
06:41:51 [INFO] GYRO_DIAG: gx=+0.0385 gy=-0.0153 gz=+0.0293 | peaks: [-1.7966, +2.4477, -0.8198] | yaw=-2545.2 pitch=+5.1 roll=+109.0 | mag=0.0507
06:41:52 [INFO] GYRO_DIAG: gx=+0.0079 gy=-0.0226 gz=+0.0067 | peaks: [-1.7966, +2.4477, -0.8198] | yaw=-2563.0 pitch=+16.3 roll=+109.8 | mag=0.0249
06:41:53 [INFO] GYRO_DIAG: gx=-0.0195 gy=-0.0177 gz=+0.0055 | peaks: [-1.7966, +2.4477, -0.8198] | yaw=-2586.3 pitch=+9.7 roll=+108.3 | mag=0.0269
06:41:54 [INFO] GYRO_DIAG: gx=-0.0092 gy=-0.0421 gz=+0.0031 | peaks: [-1.7966, +2.4477, -0.8198] | yaw=-2608.3 pitch=+7.3 roll=+105.4 | mag=0.0432
06:41:55 [INFO] GYRO_DIAG: gx=+0.0098 gy=-0.0403 gz=+0.0061 | peaks: [-1.7966, +2.4477, -0.8198] | yaw=-2628.2 pitch=+8.3 roll=+108.2 | mag=0.0419
06:41:56 [INFO] GYRO_DIAG: gx=+0.0043 gy=-0.0568 gz=+0.0312 | peaks: [-1.7966, +2.4477, -0.8198] | yaw=-2648.9 pitch=+7.7 roll=+109.2 | mag=0.0649
06:41:56 [INFO] Loop OK - px_off=-57px, zoom=1.0, tracking=True, fps=60, has_frame=True
06:41:56 [INFO] IMU diag: gy=-0.0287 gx=+0.0055 px_off=-57px gain=0.99 decay=1.0000 dead=0.04 mag=0.0315 resp=0.000 yaw_out=-57 imu=74679
06:41:57 [INFO] GYRO_DIAG: gx=+0.0159 gy=-0.0098 gz=+0.0055 | peaks: [-1.7966, +2.4477, -0.8198] | yaw=-2668.8 pitch=+7.8 roll=+109.9 | mag=0.0194
06:41:58 [INFO] GYRO_DIAG: gx=+0.0098 gy=-0.0202 gz=+0.0049 | peaks: [-1.7966, +2.4477, -0.8198] | yaw=-2689.2 pitch=+8.3 roll=+108.9 | mag=0.0229
06:41:59 [INFO] GYRO_DIAG: gx=+0.0012 gy=-0.0397 gz=-0.0031 | peaks: [-1.7966, +2.4477, -0.8198] | yaw=-2709.7 pitch=+7.5 roll=+109.1 | mag=0.0398
06:42:00 [INFO] GYRO_DIAG: gx=+0.0104 gy=-0.0373 gz=+0.0073 | peaks: [-1.7966, +2.4477, -0.8198] | yaw=-2730.9 pitch=+9.2 roll=+107.4 | mag=0.0394
06:42:01 [INFO] GYRO_DIAG: gx=-0.3293 gy=-0.3604 gz=-0.0043 | peaks: [-1.7966, +2.4477, -0.8198] | yaw=-2840.0 pitch=-38.3 roll=+109.8 | mag=0.4882
06:42:02 [INFO] GYRO_DIAG: gx=+0.0293 gy=-0.0183 gz=+0.0476 | peaks: [-1.7966, +2.4477, -0.8198] | yaw=-2826.2 pitch=-27.6 roll=+111.5 | mag=0.0589
06:42:03 [INFO] GYRO_DIAG: gx=-0.8351 gy=+0.4808 gz=+0.1014 | peaks: [-1.7966, +2.4477, -0.8198] | yaw=-2820.6 pitch=-61.2 roll=+99.6 | mag=0.9689
06:42:04 [INFO] GYRO_DIAG: gx=+0.3763 gy=+0.0953 gz=-0.0318 | peaks: [-1.7966, +2.4477, +0.8729] | yaw=-2840.9 pitch=+14.7 roll=+95.6 | mag=0.3895
06:42:05 [INFO] GYRO_DIAG: gx=-0.0134 gy=+0.0470 gz=-0.0843 | peaks: [-1.7966, +2.4477, +0.8729] | yaw=-2741.1 pitch=+92.0 roll=+89.3 | mag=0.0975
06:42:06 [INFO] GYRO_DIAG: gx=-0.0079 gy=-0.0959 gz=+0.0000 | peaks: [-1.7966, +2.4477, +0.8729] | yaw=-2825.6 pitch=+60.0 roll=+105.1 | mag=0.0962
06:42:06 [INFO] Loop OK - px_off=-301px, zoom=1.0, tracking=True, fps=60, has_frame=True
06:42:06 [INFO] IMU diag: gy=-0.0629 gx=-0.0464 px_off=-301px gain=0.99 decay=1.0000 dead=0.04 mag=0.0814 resp=0.008 yaw_out=-301 imu=79612
06:42:07 [INFO] GYRO_DIAG: gx=-0.0018 gy=-0.0104 gz=+0.0128 | peaks: [-1.7966, +2.4477, +0.8729] | yaw=-2854.1 pitch=+31.8 roll=+107.4 | mag=0.0166
06:42:08 [INFO] GYRO_DIAG: gx=-0.0086 gy=-0.0415 gz=+0.0061 | peaks: [-1.7966, +2.4477, +0.8729] | yaw=-2872.9 pitch=+14.4 roll=+109.9 | mag=0.0428
06:42:09 [INFO] GYRO_DIAG: gx=+0.0104 gy=-0.0525 gz=+0.0324 | peaks: [-1.7966, +2.4477, +0.8729] | yaw=-2894.4 pitch=+9.7 roll=+108.5 | mag=0.0626
06:42:10 [INFO] GYRO_DIAG: gx=-0.0128 gy=-0.0208 gz=-0.0049 | peaks: [-1.7966, +2.4477, +0.8729] | yaw=-2915.9 pitch=+7.7 roll=+108.2 | mag=0.0249
06:42:11 [INFO] GYRO_DIAG: gx=+0.0012 gy=-0.0147 gz=-0.0055 | peaks: [-1.7966, +2.4477, +0.8729] | yaw=-2939.3 pitch=+7.6 roll=+108.7 | mag=0.0157
06:42:12 [INFO] GYRO_DIAG: gx=+0.0012 gy=-0.0409 gz=-0.0092 | peaks: [-1.7966, +2.4477, +0.8729] | yaw=-2961.0 pitch=+5.5 roll=+107.8 | mag=0.0420
06:42:13 [INFO] GYRO_DIAG: gx=-0.0177 gy=-0.0415 gz=+0.0006 | peaks: [-1.7966, +2.4477, +0.8729] | yaw=-2981.8 pitch=+6.0 roll=+108.0 | mag=0.0452
06:42:14 [INFO] GYRO_DIAG: gx=+0.0360 gy=-0.0385 gz=-0.0244 | peaks: [-1.7966, +2.4477, +0.8729] | yaw=-3004.5 pitch=+8.1 roll=+103.0 | mag=0.0581
06:42:15 [INFO] GYRO_DIAG: gx=-1.2333 gy=-0.1405 gz=+0.1350 | peaks: [-1.7966, +2.4477, +0.8729] | yaw=-3041.9 pitch=-48.6 roll=+106.9 | mag=1.2486
06:42:16 [INFO] GYRO_DIAG: gx=+0.1619 gy=-0.0275 gz=-0.0513 | peaks: [-1.7966, +2.4477, +0.8729] | yaw=-3006.0 pitch=+50.3 roll=+106.2 | mag=0.1720
06:42:16 [INFO] Loop OK - px_off=-270px, zoom=1.0, tracking=True, fps=60, has_frame=True
06:42:16 [INFO] IMU diag: gy=+0.0147 gx=+0.3183 px_off=-270px gain=0.99 decay=1.0000 dead=0.04 mag=0.3353 resp=0.260 yaw_out=-270 imu=84544
06:42:17 [INFO] GYRO_DIAG: gx=-0.2425 gy=+0.8479 gz=+0.1979 | peaks: [-1.7966, +2.4477, +0.8729] | yaw=-2911.6 pitch=+35.6 roll=+136.0 | mag=0.9038
06:42:18 [INFO] GYRO_DIAG: gx=+0.6457 gy=-0.7825 gz=-0.4765 | peaks: [-1.7966, +2.4477, +0.8729] | yaw=-2927.9 pitch=+17.8 roll=+67.3 | mag=1.1208
06:42:19 [INFO] GYRO_DIAG: gx=+0.3109 gy=-0.1894 gz=+0.0165 | peaks: [-1.7966, +2.4477, +0.8729] | yaw=-3022.5 pitch=+49.6 roll=+88.4 | mag=0.3644
06:42:20 [INFO] GYRO_DIAG: gx=+0.0269 gy=-0.0281 gz=+0.0232 | peaks: [-1.7966, +2.4477, +0.8729] | yaw=-3063.3 pitch=+37.5 roll=+101.8 | mag=0.0453
06:42:21 [INFO] GYRO_DIAG: gx=+0.0043 gy=-0.0476 gz=+0.0079 | peaks: [-1.7966, +2.4477, +0.8729] | yaw=-3085.1 pitch=+24.4 roll=+106.0 | mag=0.0485
06:42:22 [INFO] GYRO_DIAG: gx=+0.0147 gy=-0.0428 gz=+0.0147 | peaks: [-1.7966, +2.4477, +0.8729] | yaw=-3107.2 pitch=+15.8 roll=+111.4 | mag=0.0475
06:42:23 [INFO] GYRO_DIAG: gx=-0.0214 gy=-0.0367 gz=+0.0183 | peaks: [-1.7966, +2.4477, +0.8729] | yaw=-3127.2 pitch=+8.3 roll=+113.3 | mag=0.0462
06:42:24 [INFO] GYRO_DIAG: gx=+0.0043 gy=-0.0293 gz=+0.0189 | peaks: [-1.7966, +2.4477, +0.8729] | yaw=-3150.3 pitch=+2.7 roll=+113.9 | mag=0.0352
06:42:25 [INFO] GYRO_DIAG: gx=+0.0067 gy=-0.0660 gz=+0.0220 | peaks: [-1.7966, +2.4477, +0.8729] | yaw=-3172.3 pitch=+3.4 roll=+113.8 | mag=0.0699
06:42:26 [INFO] Loop OK - px_off=-303px, zoom=1.0, tracking=True, fps=60, has_frame=True
06:42:26 [INFO] IMU diag: gy=-0.0367 gx=+0.0055 px_off=-303px gain=0.99 decay=1.0000 dead=0.04 mag=0.0388 resp=0.000 yaw_out=-303 imu=89473
06:42:26 [INFO] GYRO_DIAG: gx=+0.0177 gy=-0.0385 gz=+0.0098 | peaks: [-1.7966, +2.4477, +0.8729] | yaw=-3194.0 pitch=+1.5 roll=+113.5 | mag=0.0435
06:42:27 [INFO] GYRO_DIAG: gx=-0.0128 gy=-0.0605 gz=-0.0012 | peaks: [-1.7966, +2.4477, +0.8729] | yaw=-3219.9 pitch=+2.5 roll=+109.5 | mag=0.0618
06:42:28 [INFO] GYRO_DIAG: gx=+0.0031 gy=-0.0379 gz=+0.0519 | peaks: [-1.7966, +2.4477, +0.8729] | yaw=-3243.8 pitch=+0.5 roll=+111.6 | mag=0.0643
06:42:29 [INFO] GYRO_DIAG: gx=-0.0043 gy=-0.0715 gz=+0.0269 | peaks: [-1.7966, +2.4477, +0.8729] | yaw=-3268.7 pitch=+1.9 roll=+110.5 | mag=0.0765
06:42:30 [INFO] GYRO_DIAG: gx=+0.0140 gy=-0.0354 gz=-0.0024 | peaks: [-1.7966, +2.4477, +0.8729] | yaw=-3291.5 pitch=+2.9 roll=+109.9 | mag=0.0382
06:42:31 [INFO] GYRO_DIAG: gx=+0.0159 gy=-0.0299 gz=+0.0024 | peaks: [-1.7966, +2.4477, +0.8729] | yaw=-3313.2 pitch=+4.6 roll=+110.7 | mag=0.0340
06:42:32 [INFO] GYRO_DIAG: gx=+0.0000 gy=-0.0440 gz=+0.0226 | peaks: [-1.7966, +2.4477, +0.8729] | yaw=-3333.6 pitch=+5.4 roll=+109.1 | mag=0.0494
06:42:33 [INFO] GYRO_DIAG: gx=+0.0031 gy=-0.0843 gz=+0.0238 | peaks: [-1.7966, +2.4477, +0.8729] | yaw=-3353.8 pitch=+6.2 roll=+110.7 | mag=0.0877
06:42:34 [INFO] GYRO_DIAG: gx=+0.0232 gy=-0.0428 gz=+0.0214 | peaks: [-1.7966, +2.4477, +0.8729] | yaw=-3377.3 pitch=+6.9 roll=+110.1 | mag=0.0531
06:42:35 [INFO] GYRO_DIAG: gx=-0.0104 gy=-0.0550 gz=+0.0159 | peaks: [-1.7966, +2.4477, +0.8729] | yaw=-3403.0 pitch=+5.5 roll=+110.5 | mag=0.0582
06:42:36 [INFO] Loop OK - px_off=-305px, zoom=1.0, tracking=True, fps=60, has_frame=True
06:42:36 [INFO] IMU diag: gy=-0.0538 gx=-0.0098 px_off=-305px gain=0.99 decay=1.0000 dead=0.04 mag=0.0547 resp=0.001 yaw_out=-305 imu=94403
06:42:36 [INFO] GYRO_DIAG: gx=-0.0122 gy=-0.0476 gz=+0.0073 | peaks: [-1.7966, +2.4477, +0.8729] | yaw=-3423.9 pitch=+3.4 roll=+110.2 | mag=0.0497
06:42:37 [INFO] GYRO_DIAG: gx=+0.0043 gy=-0.0464 gz=+0.0079 | peaks: [-1.7966, +2.4477, +0.8729] | yaw=-3449.7 pitch=+2.9 roll=+109.9 | mag=0.0473
06:42:38 [INFO] GYRO_DIAG: gx=+0.0067 gy=-0.0593 gz=+0.0415 | peaks: [-1.7966, +2.4477, +0.8729] | yaw=-3470.7 pitch=+5.8 roll=+109.9 | mag=0.0727
06:42:39 [INFO] GYRO_DIAG: gx=+0.0098 gy=-0.0263 gz=+0.0043 | peaks: [-1.7966, +2.4477, +0.8729] | yaw=-3492.5 pitch=+5.6 roll=+108.9 | mag=0.0284
06:42:40 [INFO] GYRO_DIAG: gx=-0.0067 gy=-0.0403 gz=+0.0269 | peaks: [-1.7966, +2.4477, +0.8729] | yaw=-3515.1 pitch=+5.6 roll=+107.3 | mag=0.0489
06:42:41 [INFO] GYRO_DIAG: gx=-0.0098 gy=-0.0275 gz=+0.0171 | peaks: [-1.7966, +2.4477, +0.8729] | yaw=-3534.7 pitch=+3.3 roll=+109.9 | mag=0.0338
06:42:42 [INFO] GYRO_DIAG: gx=+0.0128 gy=-0.0464 gz=+0.0092 | peaks: [-1.7966, +2.4477, +0.8729] | yaw=-3554.5 pitch=+4.1 roll=+112.2 | mag=0.0490
06:42:43 [INFO] GYRO_DIAG: gx=+0.0153 gy=-0.0287 gz=+0.0037 | peaks: [-1.7966, +2.4477, +0.8729] | yaw=-3578.7 pitch=+6.4 roll=+108.4 | mag=0.0327
06:42:44 [INFO] GYRO_DIAG: gx=+0.0220 gy=-0.0342 gz=+0.0202 | peaks: [-1.7966, +2.4477, +0.8729] | yaw=-3598.8 pitch=+3.3 roll=+109.9 | mag=0.0454
06:42:45 [INFO] GYRO_DIAG: gx=+0.0263 gy=-0.0092 gz=+0.0092 | peaks: [-1.7966, +2.4477, +0.8729] | yaw=-3621.7 pitch=+6.6 roll=+110.0 | mag=0.0293
06:42:46 [INFO] Loop OK - px_off=-306px, zoom=1.0, tracking=True, fps=60, has_frame=True
06:42:46 [INFO] IMU diag: gy=-0.0513 gx=+0.0006 px_off=-306px gain=0.99 decay=1.0000 dead=0.04 mag=0.0568 resp=0.002 yaw_out=-306 imu=99333
06:42:46 [INFO] GYRO_DIAG: gx=-0.0018 gy=-0.0440 gz=+0.0092 | peaks: [-1.7966, +2.4477, +0.8729] | yaw=-3643.3 pitch=+8.0 roll=+109.9 | mag=0.0450
06:42:48 [INFO] GYRO_DIAG: gx=+0.0055 gy=-0.0324 gz=+0.0122 | peaks: [-1.7966, +2.4477, +0.8729] | yaw=-3663.8 pitch=+7.8 roll=+109.9 | mag=0.0350
06:42:49 [INFO] GYRO_DIAG: gx=+0.0073 gy=-0.0373 gz=+0.0079 | peaks: [-1.7966, +2.4477, +0.8729] | yaw=-3685.9 pitch=+7.9 roll=+110.0 | mag=0.0388
06:42:50 [INFO] GYRO_DIAG: gx=+0.0098 gy=-0.0263 gz=+0.0140 | peaks: [-1.7966, +2.4477, +0.8729] | yaw=-3707.8 pitch=+8.4 roll=+110.0 | mag=0.0314
06:42:51 [INFO] GYRO_DIAG: gx=-0.0275 gy=-0.0843 gz=+0.0244 | peaks: [-1.7966, +2.4477, +0.8729] | yaw=-3732.5 pitch=+7.7 roll=+108.6 | mag=0.0920
06:42:52 [INFO] GYRO_DIAG: gx=+0.0104 gy=-0.0599 gz=+0.0134 | peaks: [-1.7966, +2.4477, +0.8729] | yaw=-3754.5 pitch=+8.8 roll=+106.8 | mag=0.0622
06:42:53 [INFO] GYRO_DIAG: gx=-0.0055 gy=-0.0385 gz=+0.0110 | peaks: [-1.7966, +2.4477, +0.8729] | yaw=-3775.2 pitch=+10.1 roll=+108.7 | mag=0.0404
06:42:54 [INFO] GYRO_DIAG: gx=-0.0122 gy=-0.0452 gz=+0.0043 | peaks: [-1.7966, +2.4477, +0.8729] | yaw=-3798.0 pitch=+9.6 roll=+110.4 | mag=0.0470
06:42:55 [INFO] GYRO_DIAG: gx=+0.0018 gy=-0.0367 gz=-0.0128 | peaks: [-1.7966, +2.4477, +0.8729] | yaw=-3822.2 pitch=+9.2 roll=+107.7 | mag=0.0389
06:42:56 [INFO] GYRO_DIAG: gx=-0.0024 gy=-0.0385 gz=+0.0220 | peaks: [-1.7966, +2.4477, +0.8729] | yaw=-3846.0 pitch=+6.2 roll=+108.4 | mag=0.0444
06:42:56 [INFO] Loop OK - px_off=-307px, zoom=1.0, tracking=True, fps=60, has_frame=True
06:42:56 [INFO] IMU diag: gy=-0.0330 gx=+0.0140 px_off=-307px gain=0.99 decay=1.0000 dead=0.04 mag=0.0387 resp=0.000 yaw_out=-307 imu=104263
06:42:57 [INFO] GYRO_DIAG: gx=+0.0226 gy=-0.0312 gz=-0.0257 | peaks: [-1.7966, +2.4477, +0.8729] | yaw=-3867.0 pitch=+9.3 roll=+110.0 | mag=0.0463
06:42:58 [INFO] GYRO_DIAG: gx=+0.0006 gy=-0.0428 gz=+0.0037 | peaks: [-1.7966, +2.4477, +0.8729] | yaw=-3887.3 pitch=+9.4 roll=+110.8 | mag=0.0429
06:42:59 [INFO] GYRO_DIAG: gx=-0.3122 gy=-0.3170 gz=+0.4594 | peaks: [-1.7966, +2.4477, +0.8729] | yaw=-3934.3 pitch=-5.9 roll=+124.5 | mag=0.6395
06:43:00 [INFO] GYRO_DIAG: gx=+0.2596 gy=-0.2584 gz=+0.0501 | peaks: [-1.7966, +2.4477, +0.8729] | yaw=-4028.9 pitch=+74.9 roll=+129.4 | mag=0.3697
06:43:01 [INFO] GYRO_DIAG: gx=+0.3421 gy=-0.0055 gz=-0.0171 | peaks: [-1.7966, +2.4477, +0.8729] | yaw=-4031.3 pitch=+95.9 roll=+122.6 | mag=0.3426
06:43:02 [INFO] GYRO_DIAG: gx=+0.1698 gy=-0.1332 gz=+0.0250 | peaks: [-1.7966, +2.4477, +0.8729] | yaw=-4011.0 pitch=+15.2 roll=+90.7 | mag=0.2173
06:43:03 [INFO] GYRO_DIAG: gx=-0.0360 gy=-0.0751 gz=+0.0385 | peaks: [-1.7966, +2.4477, +0.8729] | yaw=-4041.3 pitch=+1.8 roll=+108.2 | mag=0.0918
06:43:04 [INFO] GYRO_DIAG: gx=+0.0006 gy=-0.0409 gz=+0.0195 | peaks: [-1.7966, +2.4477, +0.8729] | yaw=-4069.5 pitch=-2.2 roll=+117.9 | mag=0.0454
06:43:05 [INFO] GYRO_DIAG: gx=-0.0018 gy=-0.0421 gz=+0.0140 | peaks: [-1.7966, +2.4477, +0.8729] | yaw=-4092.8 pitch=-1.9 roll=+119.1 | mag=0.0445
06:43:06 [INFO] GYRO_DIAG: gx=+0.0092 gy=-0.0440 gz=+0.0128 | peaks: [-1.7966, +2.4477, +0.8729] | yaw=-4116.1 pitch=-1.3 roll=+113.2 | mag=0.0467
06:43:06 [INFO] Loop OK - px_off=-279px, zoom=1.0, tracking=True, fps=60, has_frame=True
06:43:06 [INFO] IMU diag: gy=-0.0421 gx=+0.0000 px_off=-279px gain=0.99 decay=1.0000 dead=0.04 mag=0.0424 resp=0.000 yaw_out=-279 imu=109193
06:43:07 [INFO] GYRO_DIAG: gx=+0.0128 gy=-0.0446 gz=-0.0049 | peaks: [-1.7966, +2.4477, +0.8729] | yaw=-4140.2 pitch=+2.5 roll=+111.5 | mag=0.0467
06:43:08 [INFO] GYRO_DIAG: gx=+0.0061 gy=-0.0348 gz=+0.0116 | peaks: [-1.7966, +2.4477, +0.8729] | yaw=-4161.2 pitch=+6.1 roll=+113.1 | mag=0.0372
06:43:09 [INFO] GYRO_DIAG: gx=+0.0153 gy=-0.0354 gz=+0.0140 | peaks: [-1.7966, +2.4477, +0.8729] | yaw=-4183.8 pitch=+7.5 roll=+113.9 | mag=0.0411
06:43:10 [INFO] GYRO_DIAG: gx=+0.0043 gy=-0.0354 gz=+0.0110 | peaks: [-1.7966, +2.4477, +0.8729] | yaw=-4205.5 pitch=+7.5 roll=+115.5 | mag=0.0373
06:43:11 [INFO] GYRO_DIAG: gx=+0.0049 gy=-0.0415 gz=+0.0159 | peaks: [-1.7966, +2.4477, +0.8729] | yaw=-4228.8 pitch=+7.6 roll=+114.2 | mag=0.0447
06:43:12 [INFO] GYRO_DIAG: gx=+0.0049 gy=-0.0275 gz=+0.0079 | peaks: [-1.7966, +2.4477, +0.8729] | yaw=-4251.7 pitch=+6.4 roll=+114.7 | mag=0.0290
06:43:13 [INFO] GYRO_DIAG: gx=+0.0098 gy=-0.0397 gz=+0.0024 | peaks: [-1.7966, +2.4477, +0.8729] | yaw=-4273.1 pitch=+6.5 roll=+115.5 | mag=0.0410
06:43:14 [INFO] GYRO_DIAG: gx=+0.0043 gy=-0.0440 gz=+0.0214 | peaks: [-1.7966, +2.4477, +0.8729] | yaw=-4296.1 pitch=+7.5 roll=+114.0 | mag=0.0491
06:43:15 [INFO] GYRO_DIAG: gx=-0.0189 gy=-0.0538 gz=+0.0183 | peaks: [-1.7966, +2.4477, +0.8729] | yaw=-4318.6 pitch=+7.3 roll=+114.0 | mag=0.0599
06:43:16 [INFO] GYRO_DIAG: gx=+0.0409 gy=-0.0257 gz=+0.0018 | peaks: [-1.7966, +2.4477, +0.8729] | yaw=-4339.7 pitch=+11.1 roll=+115.7 | mag=0.0483
06:43:16 [INFO] Loop OK - px_off=-280px, zoom=1.0, tracking=True, fps=60, has_frame=True
06:43:16 [INFO] IMU diag: gy=+0.0061 gx=+0.2712 px_off=-280px gain=0.99 decay=1.0000 dead=0.04 mag=0.2827 resp=0.186 yaw_out=-280 imu=114123
06:43:17 [INFO] GYRO_DIAG: gx=-0.0257 gy=-0.0373 gz=-0.0043 | peaks: [-1.7966, +2.4477, +0.8729] | yaw=-4355.0 pitch=+32.3 roll=+126.4 | mag=0.0454
06:43:18 [INFO] GYRO_DIAG: gx=+0.0031 gy=-0.0409 gz=-0.0024 | peaks: [-1.7966, +2.4477, +0.8729] | yaw=-4391.0 pitch=+3.8 roll=+110.5 | mag=0.0411
06:43:19 [INFO] GYRO_DIAG: gx=+0.0098 gy=-0.0342 gz=+0.0159 | peaks: [-1.7966, +2.4477, +0.8729] | yaw=-4411.5 pitch=+4.4 roll=+115.8 | mag=0.0390
06:43:20 [INFO] GYRO_DIAG: gx=+0.0104 gy=-0.0428 gz=+0.0116 | peaks: [-1.7966, +2.4477, +0.8729] | yaw=-4434.2 pitch=+5.7 roll=+115.4 | mag=0.0455
06:43:21 [INFO] GYRO_DIAG: gx=-0.0006 gy=-0.0428 gz=+0.0202 | peaks: [-1.7966, +2.4477, +0.8729] | yaw=-4456.0 pitch=+6.1 roll=+116.2 | mag=0.0473
06:43:22 [INFO] GYRO_DIAG: gx=-0.0043 gy=-0.0495 gz=+0.0122 | peaks: [-1.7966, +2.4477, +0.8729] | yaw=-4480.2 pitch=+4.5 roll=+115.5 | mag=0.0511
06:43:23 [INFO] GYRO_DIAG: gx=+0.0012 gy=-0.0397 gz=+0.0092 | peaks: [-1.7966, +2.4477, +0.8729] | yaw=-4503.0 pitch=+5.9 roll=+116.4 | mag=0.0408
06:43:24 [INFO] GYRO_DIAG: gx=-0.0110 gy=-0.0519 gz=+0.0116 | peaks: [-1.7966, +2.4477, +0.8729] | yaw=-4525.9 pitch=+7.1 roll=+115.0 | mag=0.0543
06:43:25 [INFO] GYRO_DIAG: gx=+0.0098 gy=-0.0660 gz=+0.0244 | peaks: [-1.7966, +2.4477, +0.8729] | yaw=-4562.6 pitch=-29.9 roll=+106.4 | mag=0.0710
06:43:26 [INFO] GYRO_DIAG: gx=+0.1057 gy=+0.0006 gz=+0.0367 | peaks: [-1.7966, +2.4477, +0.8729] | yaw=-4578.0 pitch=+3.3 roll=+114.2 | mag=0.1119
06:43:26 [INFO] Loop OK - px_off=-283px, zoom=1.0, tracking=True, fps=60, has_frame=True
06:43:26 [INFO] IMU diag: gy=-0.0428 gx=+0.0269 px_off=-283px gain=0.99 decay=1.0000 dead=0.04 mag=0.0506 resp=0.001 yaw_out=-283 imu=119062
06:43:27 [INFO] GYRO_DIAG: gx=+0.0037 gy=-0.0336 gz=+0.0220 | peaks: [-1.7966, +2.4477, +0.8729] | yaw=-4602.3 pitch=+7.0 roll=+114.5 | mag=0.0403
06:43:28 [INFO] GYRO_DIAG: gx=+0.0067 gy=-0.0446 gz=+0.0134 | peaks: [-1.7966, +2.4477, +0.8729] | yaw=-4630.3 pitch=+5.1 roll=+115.1 | mag=0.0471
06:43:29 [INFO] GYRO_DIAG: gx=-0.0825 gy=-0.0696 gz=+0.0012 | peaks: [-1.7966, +2.4477, +0.8729] | yaw=-4651.5 pitch=+5.9 roll=+113.7 | mag=0.1079
06:43:30 [INFO] GYRO_DIAG: gx=+0.5040 gy=+0.2456 gz=+0.1790 | peaks: [-1.7966, +2.4477, +0.8729] | yaw=-4616.3 pitch=+19.8 roll=+140.9 | mag=0.5885
06:43:31 [INFO] GYRO_DIAG: gx=+0.0086 gy=-0.0336 gz=+0.0055 | peaks: [-1.7966, +2.4477, +0.8729] | yaw=-4671.5 pitch=-27.0 roll=+105.1 | mag=0.0351
06:43:32 [INFO] GYRO_DIAG: gx=+0.0122 gy=-0.0415 gz=+0.0031 | peaks: [-1.7966, +2.4477, +0.8729] | yaw=-4697.8 pitch=-11.9 roll=+103.0 | mag=0.0434
06:43:33 [INFO] GYRO_DIAG: gx=+0.0037 gy=-0.0324 gz=+0.0086 | peaks: [-1.7966, +2.4477, +0.8729] | yaw=-4721.3 pitch=-3.5 roll=+103.5 | mag=0.0337
06:43:34 [INFO] GYRO_DIAG: gx=+0.0024 gy=-0.0421 gz=+0.0165 | peaks: [-1.7966, +2.4477, +0.8729] | yaw=-4743.5 pitch=+2.0 roll=+103.3 | mag=0.0453
06:43:35 [INFO] GYRO_DIAG: gx=-0.0084 gy=-0.0074 gz=+0.0021 | peaks: [-1.7966, +2.4477, +0.8729] | yaw=-4751.5 pitch=+3.4 roll=+101.1 | mag=0.0114
06:43:36 [INFO] Loop OK - px_off=-251px, zoom=1.0, tracking=True, fps=60, has_frame=True
06:43:36 [INFO] IMU diag: gy=-0.0116 gx=-0.0139 px_off=-251px gain=0.99 decay=1.0000 dead=0.04 mag=0.0202 resp=0.000 yaw_out=-251 imu=123995
06:43:36 [INFO] GYRO_DIAG: gx=-0.0145 gy=-0.0098 gz=+0.0076 | peaks: [-1.7966, +2.4477, +0.8729] | yaw=-4751.5 pitch=+2.1 roll=+96.8 | mag=0.0191
06:43:37 [INFO] GYRO_DIAG: gx=-0.0060 gy=+0.0006 gz=-0.0052 | peaks: [-1.7966, +2.4477, +0.8729] | yaw=-4750.7 pitch=+1.2 roll=+94.5 | mag=0.0079
06:43:38 [INFO] GYRO_DIAG: gx=+0.7918 gy=-0.1986 gz=-0.0119 | peaks: [-1.7966, +2.4477, +0.8729] | yaw=-4677.5 pitch=-120.4 roll=+108.5 | mag=0.8164
06:43:39 [INFO] GYRO_DIAG: gx=-0.0976 gy=-0.0128 gz=+0.0247 | peaks: [-1.7966, +2.4477, +0.8729] | yaw=-4722.2 pitch=+28.7 roll=+91.4 | mag=0.1015
06:43:40 [INFO] GYRO_DIAG: gx=-0.0139 gy=+0.0018 gz=+0.0082 | peaks: [-1.7966, +2.4477, +0.8729] | yaw=-4728.2 pitch=+1.5 roll=+92.6 | mag=0.0163
06:43:41 [INFO] GYRO_DIAG: gx=-0.0017 gy=-0.0049 gz=-0.0089 | peaks: [-1.7966, +2.4477, +0.8729] | yaw=-4730.7 pitch=+4.3 roll=+89.5 | mag=0.0103
06:43:42 [INFO] GYRO_DIAG: gx=+0.0056 gy=+0.0055 gz=+0.0033 | peaks: [-1.7966, +2.4477, +0.8729] | yaw=-4730.8 pitch=+2.7 roll=+88.0 | mag=0.0085
06:43:43 [INFO] GYRO_DIAG: gx=-0.0052 gy=-0.0107 gz=-0.0115 | peaks: [-1.7966, +2.4477, +0.8729] | yaw=-4730.7 pitch=+1.4 roll=+89.0 | mag=0.0166
06:43:44 [INFO] GYRO_DIAG: gx=+0.0034 gy=+0.0436 gz=+0.0417 | peaks: [-1.7966, +2.4477, +0.8729] | yaw=-4795.7 pitch=-9.8 roll=+73.2 | mag=0.0604
06:43:45 [INFO] GYRO_DIAG: gx=-0.0015 gy=+0.0106 gz=+0.0007 | peaks: [-1.7966, +2.4477, +0.8729] | yaw=-4768.8 pitch=+1.1 roll=+87.0 | mag=0.0108
06:43:46 [INFO] Loop OK - px_off=-128px, zoom=1.0, tracking=True, fps=60, has_frame=True
06:43:46 [INFO] IMU diag: gy=-0.0175 gx=-0.0149 px_off=-128px gain=0.99 decay=1.0000 dead=0.04 mag=0.0230 resp=0.000 yaw_out=-128 imu=128926
06:43:46 [INFO] GYRO_DIAG: gx=-0.0155 gy=-0.0211 gz=+0.0038 | peaks: [-1.7966, +2.4477, +0.8729] | yaw=-4770.0 pitch=-0.8 roll=+89.1 | mag=0.0265
06:43:47 [INFO] GYRO_DIAG: gx=-0.7078 gy=+0.5852 gz=+0.1485 | peaks: [-1.7966, +2.4477, +0.8729] | yaw=-4656.6 pitch=+6.8 roll=+115.2 | mag=0.9303
06:43:48 [INFO] GYRO_DIAG: gx=+0.3490 gy=-0.5742 gz=+0.1051 | peaks: [-1.7966, +2.4477, +0.8729] | yaw=-4766.2 pitch=+56.0 roll=+89.6 | mag=0.6801
06:43:49 [INFO] GYRO_DIAG: gx=+0.3087 gy=+0.0086 gz=-0.0079 | peaks: [-1.7966, +2.4477, +0.8729] | yaw=-4775.0 pitch=+201.6 roll=+94.9 | mag=0.3089
06:43:50 [INFO] GYRO_DIAG: gx=-0.5257 gy=-0.0422 gz=-0.3005 | peaks: [-1.7966, +2.4477, +0.8729] | yaw=-4755.8 pitch=-154.5 roll=+90.9 | mag=0.6070
06:43:51 [INFO] Hotkeys triggered: {'recenter'}
06:43:51 [INFO] Recentered
06:43:51 [INFO] GYRO_DIAG: gx=+0.0192 gy=-0.0336 gz=-0.0238 | peaks: [-1.7966, +2.4477, +0.8729] | yaw=-4746.4 pitch=-61.2 roll=+85.1 | mag=0.0454
06:43:52 [INFO] GYRO_DIAG: gx=-0.0505 gy=-0.0794 gz=-0.0354 | peaks: [-1.7966, +2.4477, +0.8729] | yaw=-4763.0 pitch=-58.6 roll=+72.3 | mag=0.1005
06:43:53 [INFO] GYRO_DIAG: gx=+0.0216 gy=-0.0183 gz=-0.0067 | peaks: [-1.7966, +2.4477, +0.8729] | yaw=-4786.1 pitch=-26.4 roll=+74.2 | mag=0.0291
06:43:54 [INFO] GYRO_DIAG: gx=+0.0045 gy=-0.0037 gz=+0.0165 | peaks: [-1.7966, +2.4477, +0.8729] | yaw=-4799.2 pitch=-22.2 roll=+78.1 | mag=0.0175
06:43:55 [INFO] GYRO_DIAG: gx=+0.0711 gy=+0.0006 gz=-0.0214 | peaks: [-1.7966, +2.4477, +0.8729] | yaw=-4799.8 pitch=+3.3 roll=+79.0 | mag=0.0742
06:43:56 [INFO] Loop OK - px_off=-2px, zoom=1.0, tracking=True, fps=60, has_frame=True
06:43:56 [INFO] IMU diag: gy=-0.0189 gx=-0.0034 px_off=-2px gain=0.99 decay=1.0000 dead=0.04 mag=0.0204 resp=0.000 yaw_out=-2 imu=133856
06:43:56 [INFO] GYRO_DIAG: gx=+0.0155 gy=+0.0006 gz=-0.0006 | peaks: [-1.7966, +2.4477, +0.8729] | yaw=-4803.3 pitch=+9.7 roll=+78.7 | mag=0.0155
06:43:57 [INFO] GYRO_DIAG: gx=-0.0230 gy=-0.0141 gz=-0.0183 | peaks: [-1.7966, +2.4477, +0.8729] | yaw=-4807.8 pitch=+11.1 roll=+81.2 | mag=0.0326
06:43:58 [INFO] GYRO_DIAG: gx=+0.0045 gy=-0.0104 gz=+0.0006 | peaks: [-1.7966, +2.4477, +0.8729] | yaw=-4812.4 pitch=+8.6 roll=+83.3 | mag=0.0113
06:43:59 [INFO] GYRO_DIAG: gx=-0.0065 gy=-0.0018 gz=+0.0220 | peaks: [-1.7966, +2.4477, +0.8729] | yaw=-4817.8 pitch=+7.6 roll=+83.7 | mag=0.0230
06:44:01 [INFO] GYRO_DIAG: gx=-0.0040 gy=-0.0079 gz=-0.0061 | peaks: [-1.7966, +2.4477, +0.8729] | yaw=-4818.5 pitch=+4.6 roll=+86.9 | mag=0.0108
06:44:02 [INFO] GYRO_DIAG: gx=-0.0053 gy=-0.0067 gz=+0.0012 | peaks: [-1.7966, +2.4477, +0.8729] | yaw=-4824.1 pitch=+1.1 roll=+85.1 | mag=0.0086
06:44:03 [INFO] GYRO_DIAG: gx=-0.0022 gy=+0.0177 gz=-0.0067 | peaks: [-1.7966, +2.4477, +0.8729] | yaw=-4827.9 pitch=+1.2 roll=+86.0 | mag=0.0191
06:44:04 [INFO] GYRO_DIAG: gx=-0.0138 gy=-0.0043 gz=-0.0018 | peaks: [-1.7966, +2.4477, +0.8729] | yaw=-4830.9 pitch=+2.9 roll=+86.0 | mag=0.0146
06:44:05 [INFO] GYRO_DIAG: gx=-0.0028 gy=-0.0250 gz=-0.0079 | peaks: [-1.7966, +2.4477, +0.8729] | yaw=-4837.9 pitch=+1.9 roll=+85.0 | mag=0.0264
06:44:06 [INFO] GYRO_DIAG: gx=-0.0108 gy=-0.0189 gz=-0.0085 | peaks: [-1.7966, +2.4477, +0.8729] | yaw=-4842.7 pitch=+2.7 roll=+85.8 | mag=0.0234
06:44:06 [INFO] Loop OK - px_off=-2px, zoom=1.0, tracking=True, fps=60, has_frame=True
06:44:06 [INFO] IMU diag: gy=+0.0024 gx=-0.0022 px_off=-2px gain=0.99 decay=1.0000 dead=0.04 mag=0.0049 resp=0.000 yaw_out=-2 imu=138786
06:44:07 [INFO] GYRO_DIAG: gx=+0.0063 gy=-0.0098 gz=+0.0043 | peaks: [-1.7966, +2.4477, +0.8729] | yaw=-4845.8 pitch=+4.3 roll=+86.4 | mag=0.0124
06:44:08 [INFO] GYRO_DIAG: gx=-0.2624 gy=+0.0941 gz=+0.0409 | peaks: [-1.7966, +2.4477, +0.8729] | yaw=-4836.9 pitch=-10.5 roll=+88.7 | mag=0.2818
06:44:09 [INFO] GYRO_DIAG: gx=+0.0509 gy=-0.0061 gz=+0.0025 | peaks: [-1.7966, +2.4477, +0.8729] | yaw=-4875.2 pitch=-12.9 roll=+80.2 | mag=0.0514
06:44:10 [INFO] GYRO_DIAG: gx=-0.6980 gy=-0.4337 gz=-0.0287 | peaks: [-1.7966, +2.4477, +0.8729] | yaw=-4925.6 pitch=+37.6 roll=+76.4 | mag=0.8223
06:44:11 [INFO] GYRO_DIAG: gx=+0.0369 gy=-0.2663 gz=-0.1423 | peaks: [-1.7966, +2.4477, +0.8729] | yaw=-4868.8 pitch=-98.7 roll=+101.5 | mag=0.3042
06:44:12 [INFO] GYRO_DIAG: gx=+0.0100 gy=-0.0550 gz=-0.0489 | peaks: [-1.7966, +2.4477, +0.8729] | yaw=-4862.2 pitch=-75.7 roll=+79.1 | mag=0.0742
06:44:12 [INFO] Hotkeys triggered: {'toggle_hud'}
06:44:12 [INFO] HUD: OFF
06:44:13 [INFO] GYRO_DIAG: gx=+0.1933 gy=-0.1118 gz=-0.0232 | peaks: [-1.7966, +2.4477, +0.8729] | yaw=-4878.9 pitch=+20.2 roll=+69.5 | mag=0.2245
06:44:14 [INFO] GYRO_DIAG: gx=-0.0187 gy=-0.0037 gz=-0.0201 | peaks: [-1.7966, +2.4477, +0.8729] | yaw=-4890.9 pitch=+51.3 roll=+71.5 | mag=0.0277
06:44:15 [INFO] GYRO_DIAG: gx=+0.0509 gy=-0.0104 gz=-0.0201 | peaks: [-1.7966, +2.4477, +0.8729] | yaw=-4884.2 pitch=+40.7 roll=+86.1 | mag=0.0557
06:44:16 [INFO] GYRO_DIAG: gx=-0.0279 gy=-0.0257 gz=-0.0061 | peaks: [-1.7966, +2.4477, +0.8729] | yaw=-4891.1 pitch=+26.3 roll=+84.3 | mag=0.0384
06:44:16 [INFO] Loop OK - px_off=212px, zoom=1.0, tracking=True, fps=60, has_frame=True
06:44:16 [INFO] IMU diag: gy=-0.0220 gx=-0.0132 px_off=212px gain=0.99 decay=1.0000 dead=0.04 mag=0.0257 resp=0.000 yaw_out=212 imu=143716
06:44:17 [INFO] GYRO_DIAG: gx=+0.0014 gy=-0.0049 gz=-0.0043 | peaks: [-1.7966, +2.4477, +0.8729] | yaw=-4900.6 pitch=+13.4 roll=+84.7 | mag=0.0066
06:44:18 [INFO] GYRO_DIAG: gx=+0.0088 gy=-0.0012 gz=+0.0098 | peaks: [-1.7966, +2.4477, +0.8729] | yaw=-4907.7 pitch=+9.4 roll=+85.2 | mag=0.0132
06:44:19 [INFO] GYRO_DIAG: gx=-0.0199 gy=-0.0116 gz=-0.0116 | peaks: [-1.7966, +2.4477, +0.8729] | yaw=-4910.5 pitch=+6.8 roll=+85.2 | mag=0.0258
06:44:20 [INFO] GYRO_DIAG: gx=+0.0045 gy=-0.0128 gz=+0.0031 | peaks: [-1.7966, +2.4477, +0.8729] | yaw=-4915.4 pitch=+5.1 roll=+85.6 | mag=0.0139
06:44:21 [INFO] GYRO_DIAG: gx=+0.0122 gy=+0.0025 gz=+0.0002 | peaks: [-1.7966, +2.4477, +0.8729] | yaw=-4920.5 pitch=+3.0 roll=+85.2 | mag=0.0124
06:44:22 [INFO] GYRO_DIAG: gx=+0.0012 gy=-0.0140 gz=-0.0047 | peaks: [-1.7966, +2.4477, +0.8729] | yaw=-4915.5 pitch=+4.3 roll=+90.6 | mag=0.0148
06:44:23 [INFO] GYRO_DIAG: gx=+0.0049 gy=+0.0000 gz=+0.0185 | peaks: [-1.7966, +2.4477, +0.8729] | yaw=-4914.1 pitch=+6.0 roll=+90.9 | mag=0.0192
06:44:24 [INFO] GYRO_DIAG: gx=+0.0049 gy=-0.0018 gz=+0.0051 | peaks: [-1.7966, +2.4477, +0.8729] | yaw=-4911.6 pitch=+4.1 roll=+92.1 | mag=0.0073
06:44:25 [INFO] GYRO_DIAG: gx=-0.0263 gy=-0.3091 gz=-0.0700 | peaks: [-1.7966, +2.4477, +0.8729] | yaw=-4921.0 pitch=+4.4 roll=+89.0 | mag=0.3180
06:44:26 [INFO] GYRO_DIAG: gx=+0.0091 gy=+0.0299 gz=+0.0491 | peaks: [-1.7966, +2.4477, +0.8729] | yaw=-4933.8 pitch=-16.0 roll=+86.2 | mag=0.0582
06:44:26 [INFO] Loop OK - px_off=192px, zoom=1.0, tracking=True, fps=60, has_frame=True
06:44:26 [INFO] IMU diag: gy=-0.1857 gx=-0.0403 px_off=191px gain=0.99 decay=1.0000 dead=0.04 mag=0.1924 resp=0.081 yaw_out=191 imu=148646
06:44:27 [INFO] GYRO_DIAG: gx=-0.0037 gy=+0.4496 gz=+0.1493 | peaks: [-1.7966, +2.4477, +0.8729] | yaw=-4911.0 pitch=-73.2 roll=+94.0 | mag=0.4738
06:44:28 [INFO] GYRO_DIAG: gx=-0.0165 gy=-0.0073 gz=-0.0242 | peaks: [-1.7966, +2.4477, +0.8729] | yaw=-4925.1 pitch=+15.8 roll=+92.2 | mag=0.0302
06:44:29 [INFO] GYRO_DIAG: gx=+0.0250 gy=+0.0715 gz=+0.0265 | peaks: [-1.7966, +2.4477, +0.8729] | yaw=-4928.9 pitch=-9.0 roll=+95.7 | mag=0.0802
06:44:29 [INFO] Hotkeys triggered: {'zoom_in'}
06:44:29 [INFO] Zoom: 1.1
06:44:29 [INFO] Hotkeys triggered: {'zoom_in'}
06:44:29 [INFO] Zoom: 1.2000000000000002
06:44:30 [INFO] GYRO_DIAG: gx=+0.0146 gy=-0.0226 gz=-0.0187 | peaks: [-1.7966, +2.4477, +0.8729] | yaw=-4915.3 pitch=+7.3 roll=+93.9 | mag=0.0328
06:44:31 [INFO] GYRO_DIAG: gx=-0.0135 gy=+0.6622 gz=+0.2268 | peaks: [-1.7966, +2.4477, +0.8729] | yaw=-5076.3 pitch=+13.3 roll=+59.8 | mag=0.7001
06:44:31 [INFO] Hotkeys triggered: {'zoom_out'}
06:44:31 [INFO] Zoom: 1.1
06:44:32 [INFO] GYRO_DIAG: gx=+0.0336 gy=+0.0244 gz=-0.0059 | peaks: [-1.7966, +2.4477, +0.8729] | yaw=-4964.3 pitch=+14.9 roll=+85.8 | mag=0.0419
06:44:33 [INFO] GYRO_DIAG: gx=+0.0226 gy=+0.7966 gz=+0.0894 | peaks: [-1.7966, +2.4477, +0.8729] | yaw=-4739.8 pitch=+13.2 roll=+125.3 | mag=0.8019
06:44:34 [INFO] GYRO_DIAG: gx=+0.0030 gy=+0.6090 gz=+0.0784 | peaks: [-1.7966, +2.4477, +0.8729] | yaw=-4845.3 pitch=+58.8 roll=+76.6 | mag=0.6141
06:44:35 [INFO] GYRO_DIAG: gx=+0.1307 gy=+0.0422 gz=+0.0124 | peaks: [-1.7966, +2.4477, +0.8729] | yaw=-4836.2 pitch=+44.1 roll=+88.8 | mag=0.1379
06:44:36 [INFO] GYRO_DIAG: gx=-0.0055 gy=-0.0030 gz=-0.0065 | peaks: [-1.7966, +2.4477, +0.8729] | yaw=-4844.0 pitch=+20.2 roll=+91.3 | mag=0.0091
06:44:36 [INFO] Loop OK - px_off=-39px, zoom=1.1, tracking=True, fps=60, has_frame=True
06:44:36 [INFO] IMU diag: gy=-0.0146 gx=-0.0055 px_off=-39px gain=0.99 decay=1.0000 dead=0.04 mag=0.0189 resp=0.000 yaw_out=-39 imu=153576
06:44:37 [INFO] GYRO_DIAG: gx=+0.3995 gy=-0.0134 gz=+0.0240 | peaks: [-1.7966, +2.4477, +0.8729] | yaw=-4825.7 pitch=+124.2 roll=+98.2 | mag=0.4004
06:44:38 [INFO] GYRO_DIAG: gx=-1.0110 gy=+0.0587 gz=+0.0741 | peaks: [-1.7966, +2.4477, +0.8729] | yaw=-4843.7 pitch=-24.4 roll=+102.5 | mag=1.0154
06:44:38 [INFO] Hotkeys triggered: {'recenter'}
06:44:38 [INFO] Recentered
06:44:39 [INFO] GYRO_DIAG: gx=+0.1411 gy=+0.0153 gz=-0.0010 | peaks: [-1.7966, +2.4477, +0.8729] | yaw=-4835.8 pitch=-24.6 roll=+93.5 | mag=0.1419
06:44:40 [INFO] GYRO_DIAG: gx=+0.0268 gy=+0.1362 gz=+0.0369 | peaks: [-1.7966, +2.4477, +0.8729] | yaw=-4735.1 pitch=-156.7 roll=+150.7 | mag=0.1437
06:44:41 [INFO] GYRO_DIAG: gx=-0.0220 gy=+0.0715 gz=+0.0338 | peaks: [-1.7966, +2.4477, +0.8729] | yaw=-4886.8 pitch=-67.8 roll=+75.8 | mag=0.0821
06:44:42 [INFO] Hotkeys triggered: {'zoom_out'}
06:44:42 [INFO] Zoom: 1.0
06:44:42 [INFO] GYRO_DIAG: gx=+0.0892 gy=+0.0971 gz=+0.0075 | peaks: [-1.7966, +2.4477, +0.8729] | yaw=-4855.4 pitch=-24.9 roll=+81.8 | mag=0.1321
06:44:43 [INFO] GYRO_DIAG: gx=+0.0287 gy=+0.2401 gz=+0.0589 | peaks: [-1.7966, +2.4477, +0.8729] | yaw=-4866.2 pitch=+5.9 roll=+62.7 | mag=0.2488
06:44:44 [INFO] GYRO_DIAG: gx=-0.5773 gy=+0.0446 gz=-0.0071 | peaks: [-1.7966, +2.4477, +0.8729] | yaw=-4785.0 pitch=+48.7 roll=+83.0 | mag=0.5791
06:44:45 [INFO] GYRO_DIAG: gx=+0.5314 gy=-0.5479 gz=+0.0876 | peaks: [-1.7966, +2.4477, +0.8729] | yaw=-4727.5 pitch=+60.0 roll=+88.7 | mag=0.7683
06:44:46 [INFO] GYRO_DIAG: gx=-0.1686 gy=+0.0599 gz=+0.0430 | peaks: [-1.7966, +2.4477, +0.8729] | yaw=-4786.5 pitch=-94.9 roll=+93.6 | mag=0.1840
06:44:46 [INFO] Loop OK - px_off=-174px, zoom=1.0, tracking=True, fps=60, has_frame=True
06:44:46 [INFO] IMU diag: gy=+0.0684 gx=-0.1582 px_off=-174px gain=0.99 decay=1.0000 dead=0.04 mag=0.1767 resp=0.067 yaw_out=-174 imu=158506
06:44:47 [INFO] GYRO_DIAG: gx=+0.4984 gy=-0.1393 gz=-0.1012 | peaks: [-1.7966, +2.4477, +0.8729] | yaw=-4767.7 pitch=-57.1 roll=+89.0 | mag=0.5273
06:44:48 [INFO] GYRO_DIAG: gx=-0.0013 gy=-0.0599 gz=-0.0633 | peaks: [-1.7966, +2.4477, +0.8729] | yaw=-4790.2 pitch=-24.5 roll=+75.6 | mag=0.0871
06:44:49 [INFO] Hotkeys triggered: {'zoom_out'}
06:44:49 [INFO] Zoom: 0.9
06:44:49 [INFO] GYRO_DIAG: gx=+0.7568 gy=+0.2077 gz=+0.0668 | peaks: [-1.7966, +2.4477, +0.8729] | yaw=-4777.6 pitch=+42.5 roll=+74.9 | mag=0.7877
06:44:50 [INFO] GYRO_DIAG: gx=+0.3476 gy=-0.0379 gz=-0.0316 | peaks: [-1.7966, +2.4477, +0.8729] | yaw=-4741.6 pitch=-43.2 roll=+68.7 | mag=0.3510
06:44:51 [INFO] GYRO_DIAG: gx=+0.0220 gy=-0.0281 gz=+0.0100 | peaks: [-1.7966, +2.4477, +0.8729] | yaw=-4753.6 pitch=+4.2 roll=+62.3 | mag=0.0370
06:44:52 [INFO] GYRO_DIAG: gx=-0.0513 gy=+0.5993 gz=+0.3325 | peaks: [-1.7966, +2.4477, +0.8729] | yaw=-4676.1 pitch=+5.0 roll=+101.2 | mag=0.6873
06:44:53 [INFO] GYRO_DIAG: gx=+0.0721 gy=-0.0024 gz=+0.0051 | peaks: [-1.7966, +2.4477, +0.8729] | yaw=-4813.8 pitch=+62.3 roll=+51.3 | mag=0.0723
06:44:54 [INFO] GYRO_DIAG: gx=+0.0061 gy=+0.0037 gz=+0.0069 | peaks: [-1.7966, +2.4477, +0.8729] | yaw=-4806.0 pitch=+38.6 roll=+65.2 | mag=0.0099
06:44:55 [INFO] GYRO_DIAG: gx=+0.0018 gy=-0.0006 gz=+0.0106 | peaks: [-1.7966, +2.4477, +0.8729] | yaw=-4801.4 pitch=+25.7 roll=+72.0 | mag=0.0108
06:44:56 [INFO] Loop OK - px_off=-239px, zoom=0.9, tracking=True, fps=60, has_frame=True
06:44:56 [INFO] IMU diag: gy=+0.1949 gx=+0.5113 px_off=-238px gain=0.99 decay=1.0000 dead=0.04 mag=0.5472 resp=0.604 yaw_out=-238 imu=163439
06:44:56 [INFO] GYRO_DIAG: gx=+0.6102 gy=+0.1821 gz=-0.0004 | peaks: [-1.7966, +2.4477, +0.8729] | yaw=-4776.6 pitch=+70.9 roll=+77.7 | mag=0.6368
06:44:57 [INFO] GYRO_DIAG: gx=-0.0275 gy=-0.0513 gz=-0.0230 | peaks: [-1.7966, +2.4477, +0.8729] | yaw=-4665.0 pitch=-10.2 roll=+118.0 | mag=0.0626
06:44:58 [INFO] GYRO_DIAG: gx=-0.2413 gy=-0.0605 gz=+0.0216 | peaks: [-1.7966, +2.4477, +0.8729] | yaw=-4708.7 pitch=-21.4 roll=+88.5 | mag=0.2497
06:44:59 [INFO] GYRO_DIAG: gx=+0.1973 gy=-0.0843 gz=+0.0204 | peaks: [-1.7966, +2.4477, +0.8729] | yaw=-4714.8 pitch=+82.2 roll=+81.9 | mag=0.2155
06:45:00 [INFO] GYRO_DIAG: gx=-0.1430 gy=-0.0550 gz=-0.0358 | peaks: [-1.7966, +2.4477, +0.8729] | yaw=-4759.4 pitch=-75.3 roll=+76.5 | mag=0.1573
06:45:01 [INFO] GYRO_DIAG: gx=-0.3806 gy=-0.1417 gz=+0.0705 | peaks: [-1.7966, +2.4477, +0.8729] | yaw=-4778.6 pitch=-72.6 roll=+70.8 | mag=0.4122
06:45:02 [INFO] GYRO_DIAG: gx=-0.0947 gy=-0.0476 gz=-0.0566 | peaks: [-1.7966, +2.4477, +0.8729] | yaw=-4778.8 pitch=+120.9 roll=+71.3 | mag=0.1202
06:45:03 [INFO] Hotkeys triggered: {'recenter'}
06:45:03 [INFO] Recentered
06:45:03 [INFO] GYRO_DIAG: gx=+0.0049 gy=-0.0098 gz=-0.0236 | peaks: [-1.7966, +2.4477, +0.8729] | yaw=-4784.5 pitch=+13.5 roll=+73.7 | mag=0.0260
06:45:04 [INFO] GYRO_DIAG: gx=+0.1038 gy=+0.0318 gz=+0.0075 | peaks: [-1.7966, +2.4477, +0.8729] | yaw=-4771.2 pitch=+55.3 roll=+76.5 | mag=0.1088
06:45:05 [INFO] GYRO_DIAG: gx=-1.3164 gy=+0.1918 gz=+0.2042 | peaks: [-1.7966, +2.4477, +0.8729] | yaw=-4763.8 pitch=-56.3 roll=+94.6 | mag=1.3459
06:45:06 [INFO] Loop OK - px_off=19px, zoom=0.9, tracking=True, fps=60, has_frame=True
06:45:06 [INFO] IMU diag: gy=-0.0708 gx=+0.1283 px_off=19px gain=0.99 decay=1.0000 dead=0.04 mag=0.1474 resp=0.043 yaw_out=19 imu=168372
06:45:06 [INFO] GYRO_DIAG: gx=-0.6359 gy=-0.1325 gz=-0.0022 | peaks: [-1.7966, +2.4477, +0.8729] | yaw=-4749.4 pitch=+75.0 roll=+87.4 | mag=0.6496
06:45:07 [INFO] GYRO_DIAG: gx=+0.4025 gy=-2.6945 gz=-0.8385 | peaks: [-1.7966, -2.6945, +0.8729] | yaw=-4712.4 pitch=+41.0 roll=+106.4 | mag=2.8505
06:45:08 [INFO] GYRO_DIAG: gx=+1.5913 gy=-0.0861 gz=-0.2710 | peaks: [+1.9462, -2.7104, +1.1120] | yaw=-4740.9 pitch=+101.0 roll=+168.2 | mag=1.6165
06:45:09 [INFO] GYRO_DIAG: gx=+0.7745 gy=+0.1259 gz=+0.0821 | peaks: [+1.9462, -2.7104, +1.1120] | yaw=-4806.4 pitch=+98.7 roll=+130.8 | mag=0.7890
06:45:10 [INFO] GYRO_DIAG: gx=-0.8339 gy=-0.1044 gz=-0.1653 | peaks: [+1.9462, -2.7104, +1.1120] | yaw=-4816.1 pitch=-235.8 roll=+104.1 | mag=0.8565
06:45:11 [INFO] GYRO_DIAG: gx=+0.0482 gy=-0.0403 gz=+0.0350 | peaks: [+1.9462, -2.7104, +1.1120] | yaw=-4847.4 pitch=-133.3 roll=+68.9 | mag=0.0720
06:45:13 [INFO] GYRO_DIAG: gx=+0.0470 gy=+0.0446 gz=+0.0118 | peaks: [+1.9462, -2.7104, +1.1120] | yaw=-4805.1 pitch=+60.6 roll=+83.2 | mag=0.0659
06:45:14 [INFO] GYRO_DIAG: gx=-0.0880 gy=-0.0122 gz=-0.0126 | peaks: [+1.9462, -2.7104, +1.1120] | yaw=-4788.0 pitch=+128.2 roll=+90.7 | mag=0.0897
06:45:15 [INFO] GYRO_DIAG: gx=-0.3433 gy=+0.9688 gz=+0.2855 | peaks: [+1.9462, -2.7104, +1.1120] | yaw=-4478.0 pitch=+1.1 roll=+164.1 | mag=1.0668
06:45:16 [INFO] GYRO_DIAG: gx=+0.1166 gy=-0.8900 gz=-0.2509 | peaks: [+1.9462, -2.7104, +1.1120] | yaw=-4470.2 pitch=+3.4 roll=+122.7 | mag=0.9320
06:45:16 [INFO] Loop OK - px_off=-1000px, zoom=0.9, tracking=True, fps=60, has_frame=True
06:45:16 [INFO] IMU diag: gy=-1.2553 gx=-0.0501 px_off=-1050px gain=0.99 decay=1.0000 dead=0.04 mag=1.2913 resp=1.000 yaw_out=-1050 imu=173304
06:45:17 [INFO] GYRO_DIAG: gx=+0.0183 gy=+0.1998 gz=+0.0491 | peaks: [+1.9462, -2.7104, +1.1120] | yaw=-5104.8 pitch=+50.3 roll=-22.5 | mag=0.2065
06:45:18 [INFO] GYRO_DIAG: gx=-0.0275 gy=+0.6298 gz=+0.0912 | peaks: [+1.9462, -2.7104, +1.1120] | yaw=-5050.3 pitch=+38.3 roll=+25.4 | mag=0.6370
06:45:19 [INFO] GYRO_DIAG: gx=+0.4325 gy=-0.0641 gz=-0.0010 | peaks: [+1.9462, -2.7104, +1.1120] | yaw=-4731.0 pitch=+16.2 roll=+100.0 | mag=0.4372
06:45:20 [INFO] GYRO_DIAG: gx=-0.2212 gy=-0.1582 gz=-0.1232 | peaks: [+1.9462, -2.7104, +1.1120] | yaw=-4819.3 pitch=+106.3 roll=+93.6 | mag=0.2985
06:45:21 [INFO] GYRO_DIAG: gx=+0.6414 gy=+0.0599 gz=-0.1171 | peaks: [+1.9462, -2.7104, +1.1120] | yaw=-4766.9 pitch=-82.4 roll=+108.5 | mag=0.6547
06:45:22 [INFO] GYRO_DIAG: gx=+0.0220 gy=+0.0128 gz=+0.0155 | peaks: [+1.9462, -2.7104, +1.1120] | yaw=-4789.0 pitch=+22.7 roll=+82.0 | mag=0.0298
06:45:22 [INFO] Hotkeys triggered: {'recenter'}
06:45:22 [INFO] Recentered
06:45:23 [INFO] GYRO_DIAG: gx=+0.0336 gy=-0.0629 gz=+0.0582 | peaks: [+1.9462, -2.7104, +1.1120] | yaw=-4795.2 pitch=+20.5 roll=+87.7 | mag=0.0921
06:45:24 [INFO] GYRO_DIAG: gx=-0.0092 gy=+0.0067 gz=-0.0102 | peaks: [+1.9462, -2.7104, +1.1120] | yaw=-4802.3 pitch=+10.5 roll=+85.3 | mag=0.0153
06:45:25 [INFO] GYRO_DIAG: gx=+0.0385 gy=-0.0501 gz=-0.0670 | peaks: [+1.9462, -2.7104, +1.1120] | yaw=-4810.9 pitch=+13.4 roll=+76.1 | mag=0.0921
06:45:26 [INFO] GYRO_DIAG: gx=+0.0201 gy=+0.0165 gz=+0.0485 | peaks: [+1.9462, -2.7104, +1.1120] | yaw=-4805.0 pitch=+10.2 roll=+82.8 | mag=0.0550
06:45:26 [INFO] Loop OK - px_off=0px, zoom=0.9, tracking=True, fps=60, has_frame=True
06:45:26 [INFO] IMU diag: gy=+0.0385 gx=+0.0220 px_off=0px gain=0.99 decay=1.0000 dead=0.04 mag=0.0576 resp=0.002 yaw_out=0 imu=178234
06:45:27 [INFO] GYRO_DIAG: gx=+0.0012 gy=+0.0238 gz=+0.0118 | peaks: [+1.9462, -2.7104, +1.1120] | yaw=-4801.5 pitch=+12.2 roll=+85.0 | mag=0.0266
06:45:27 [INFO] Hotkeys triggered: {'quit'}
06:45:27 [INFO] Quit requested
06:54:54 [INFO] ============================================================
06:54:54 [INFO] AirPin starting...
06:54:54 [INFO] Args: Namespace(no_imu=False, no_audio=False, monitor=0, sensitivity=None, fps=None)
06:54:54 [INFO] Displays found: 2, target_monitor=0
06:54:54 [INFO]   [0] Monitor 0 @ (0,0) 1920x1080
06:54:54 [INFO]   [1] Monitor 1 @ (-3840,0) 3840x2160
06:54:55 [INFO] IMU tracker started and recentered
06:55:31 [INFO] ============================================================
06:55:31 [INFO] AirPin starting...
06:55:31 [INFO] Args: Namespace(no_imu=False, no_audio=False, monitor=0, sensitivity=None, fps=None)
06:55:31 [INFO] Displays found: 2, target_monitor=0
06:55:31 [INFO]   [0] Monitor 0 @ (0,0) 1920x1080
06:55:31 [INFO]   [1] Monitor 1 @ (-3840,0) 3840x2160
06:55:31 [INFO] IMU tracker started and recentered
06:55:46 [INFO] ============================================================
06:55:46 [INFO] AirPin starting...
06:55:46 [INFO] Args: Namespace(no_imu=False, no_audio=False, monitor=0, sensitivity=None, fps=None)
06:55:46 [INFO] Displays found: 2, target_monitor=0
06:55:46 [INFO]   [0] Monitor 0 @ (0,0) 1920x1080
06:55:46 [INFO]   [1] Monitor 1 @ (-3840,0) 3840x2160
06:55:49 [WARNING] IMU stalled after 0 samples, reconnecting (attempt 1)
06:55:49 [INFO] IMU tracker started and recentered
06:55:50 [INFO] Dropping released DXCamera instance for device=0 output=0 backend=dxgi.
06:55:50 [INFO] DXGI capture initialised (dev=0 out=0 1920x1080)
06:55:50 [INFO] Screen capture started: 1920x1080
06:55:50 [INFO] IMU reconnected successfully
06:55:50 [INFO] Renderer initialized: 1920x1080 at (0,0), hwnd=18486100
06:55:50 [INFO] Target display: Monitor 0 (1920x1080) at (0,0)
06:55:53 [WARNING] IMU stalled after 0 samples, reconnecting (attempt 2)
06:55:53 [INFO] IMU reconnected successfully
06:55:55 [INFO] Hotkeys triggered: {'quit'}
06:55:55 [INFO] Quit requested
06:55:57 [INFO] ============================================================
06:55:57 [INFO] AirPin starting...
06:55:57 [INFO] Args: Namespace(no_imu=True, no_audio=False, monitor=0, sensitivity=None, fps=None)
06:55:57 [INFO] Displays found: 2, target_monitor=0
06:55:57 [INFO]   [0] Monitor 0 @ (0,0) 1920x1080
06:55:57 [INFO]   [1] Monitor 1 @ (-3840,0) 3840x2160
06:55:57 [INFO] Dropping released DXCamera instance for device=0 output=0 backend=dxgi.
06:55:57 [INFO] DXGI capture initialised (dev=0 out=0 1920x1080)
06:55:57 [INFO] Screen capture started: 1920x1080
06:55:58 [INFO] Renderer initialized: 1920x1080 at (0,0), hwnd=11930976
06:55:58 [INFO] Target display: Monitor 0 (1920x1080) at (0,0)
06:56:08 [INFO] Loop OK - px_off=0px, zoom=1.0, tracking=True, fps=60, has_frame=True
06:56:18 [INFO] Loop OK - px_off=0px, zoom=1.0, tracking=True, fps=60, has_frame=True
06:56:28 [INFO] Loop OK - px_off=0px, zoom=1.0, tracking=True, fps=60, has_frame=True
06:56:38 [INFO] Loop OK - px_off=0px, zoom=1.0, tracking=True, fps=60, has_frame=True
06:56:48 [INFO] Loop OK - px_off=0px, zoom=1.0, tracking=True, fps=60, has_frame=True
06:56:56 [INFO] Hotkeys triggered: {'quit'}
06:56:56 [INFO] Quit requested
06:57:07 [INFO] ============================================================
06:57:07 [INFO] AirPin starting...
06:57:07 [INFO] Args: Namespace(no_imu=False, no_audio=False, monitor=0, sensitivity=None, fps=None)
06:57:07 [INFO] Displays found: 2, target_monitor=0
06:57:07 [INFO]   [0] Monitor 0 @ (0,0) 1920x1080
06:57:07 [INFO]   [1] Monitor 1 @ (-3840,0) 3840x2160
06:57:10 [WARNING] IMU stalled after 0 samples, reconnecting (attempt 1)
06:57:10 [INFO] IMU tracker started and recentered
06:57:10 [INFO] Dropping released DXCamera instance for device=0 output=0 backend=dxgi.
06:57:10 [INFO] IMU reconnected successfully
06:57:10 [INFO] DXGI capture initialised (dev=0 out=0 1920x1080)
06:57:11 [INFO] Screen capture started: 1920x1080
06:57:11 [INFO] Renderer initialized: 1920x1080 at (0,0), hwnd=525320
06:57:11 [INFO] Target display: Monitor 0 (1920x1080) at (0,0)
06:57:14 [WARNING] IMU stalled after 0 samples, reconnecting (attempt 2)
06:57:14 [INFO] IMU reconnected successfully
06:57:17 [WARNING] IMU stalled after 0 samples, reconnecting (attempt 3)
06:57:18 [INFO] IMU reconnected successfully
06:57:21 [WARNING] IMU stalled after 0 samples, reconnecting (attempt 4)
06:57:21 [INFO] Loop OK - px_off=0px, zoom=1.0, tracking=True, fps=60, has_frame=True
06:57:21 [INFO] IMU inactive: tracking_enabled=True, imu_count=0, connected=True
06:59:14 [INFO] ============================================================
06:59:14 [INFO] AirPin starting...
06:59:14 [INFO] Args: Namespace(no_imu=False, no_audio=False, monitor=0, sensitivity=None, fps=None)
06:59:14 [INFO] Displays found: 2, target_monitor=0
06:59:14 [INFO]   [0] Monitor 0 @ (0,0) 1920x1080
06:59:14 [INFO]   [1] Monitor 1 @ (-3840,0) 3840x2160
06:59:17 [WARNING] IMU stalled after 0 samples, reconnecting (attempt 1)
06:59:17 [INFO] IMU tracker started and recentered
06:59:18 [INFO] IMU reconnected successfully
06:59:18 [INFO] Dropping released DXCamera instance for device=0 output=0 backend=dxgi.
06:59:18 [INFO] DXGI capture initialised (dev=0 out=0 1920x1080)
06:59:18 [INFO] Screen capture started: 1920x1080
06:59:18 [INFO] Renderer initialized: 1920x1080 at (0,0), hwnd=12127584
06:59:18 [INFO] Target display: Monitor 0 (1920x1080) at (0,0)
06:59:21 [WARNING] IMU stalled after 0 samples, reconnecting (attempt 2)
06:59:21 [INFO] IMU reconnected successfully
06:59:24 [WARNING] IMU stalled after 0 samples, reconnecting (attempt 3)
06:59:25 [INFO] IMU reconnected successfully
06:59:28 [WARNING] IMU stalled after 0 samples, reconnecting (attempt 4)
07:05:05 [INFO] ============================================================
07:05:05 [INFO] AirPin starting...
07:05:05 [INFO] Args: Namespace(no_imu=False, no_audio=False, monitor=0, sensitivity=None, fps=None)
07:05:05 [INFO] Displays found: 2, target_monitor=0
07:05:05 [INFO]   [0] Monitor 0 @ (0,0) 1920x1080
07:05:05 [INFO]   [1] Monitor 1 @ (-3840,0) 3840x2160
07:05:08 [WARNING] IMU stalled after 0 samples, reconnecting (attempt 1)
07:05:09 [INFO] IMU tracker started and recentered
07:05:09 [INFO] IMU reconnected successfully
07:05:09 [INFO] Dropping released DXCamera instance for device=0 output=0 backend=dxgi.
07:05:09 [INFO] DXGI capture initialised (dev=0 out=0 1920x1080)
07:05:09 [INFO] Screen capture started: 1920x1080
07:05:09 [INFO] Renderer initialized: 1920x1080 at (0,0), hwnd=21894844
07:05:09 [INFO] Target display: Monitor 0 (1920x1080) at (0,0)
07:05:12 [WARNING] IMU stalled after 0 samples, reconnecting (attempt 2)
07:05:13 [INFO] IMU reconnected successfully
07:05:16 [WARNING] IMU stalled after 0 samples, reconnecting (attempt 3)
07:05:16 [INFO] IMU reconnected successfully
07:05:19 [WARNING] IMU stalled after 0 samples, reconnecting (attempt 4)
07:05:20 [INFO] Loop OK - px_off=0px, zoom=1.0, tracking=True, fps=60, has_frame=True
07:05:20 [INFO] IMU inactive: tracking_enabled=True, imu_count=0, connected=True
07:05:20 [INFO] IMU reconnected successfully
07:05:23 [WARNING] IMU stalled after 0 samples, reconnecting (attempt 5)
07:05:24 [INFO] IMU reconnected successfully
07:05:27 [WARNING] IMU stalled after 0 samples, reconnecting (attempt 6)
07:05:27 [INFO] IMU reconnected successfully
07:05:30 [INFO] Loop OK - px_off=0px, zoom=1.0, tracking=True, fps=60, has_frame=True
07:05:30 [INFO] IMU inactive: tracking_enabled=True, imu_count=0, connected=True
07:05:30 [WARNING] IMU stalled after 0 samples, reconnecting (attempt 7)
07:05:31 [INFO] IMU reconnected successfully
07:05:34 [WARNING] IMU stalled after 0 samples, reconnecting (attempt 8)
07:05:34 [INFO] IMU reconnected successfully
07:05:36 [INFO] Hotkeys triggered: {'quit'}
07:05:36 [INFO] Quit requested
07:06:16 [INFO] ============================================================
07:06:16 [INFO] AirPin starting...
07:06:16 [INFO] Args: Namespace(no_imu=False, no_audio=False, monitor=0, sensitivity=None, fps=None)
07:06:16 [INFO] Displays found: 2, target_monitor=0
07:06:16 [INFO]   [0] Monitor 0 @ (0,0) 1920x1080
07:06:16 [INFO]   [1] Monitor 1 @ (-3840,0) 3840x2160
07:06:16 [INFO] IMU tracker started and recentered
07:06:23 [INFO] ============================================================
07:06:23 [INFO] AirPin starting...
07:06:23 [INFO] Args: Namespace(no_imu=False, no_audio=False, monitor=0, sensitivity=None, fps=None)
07:06:23 [INFO] Displays found: 2, target_monitor=0
07:06:23 [INFO]   [0] Monitor 0 @ (0,0) 1920x1080
07:06:23 [INFO]   [1] Monitor 1 @ (-3840,0) 3840x2160
07:06:23 [INFO] IMU tracker started and recentered
07:06:29 [INFO] ============================================================
07:06:29 [INFO] AirPin starting...
07:06:29 [INFO] Args: Namespace(no_imu=False, no_audio=False, monitor=0, sensitivity=None, fps=None)
07:06:29 [INFO] Displays found: 2, target_monitor=0
07:06:29 [INFO]   [0] Monitor 0 @ (0,0) 1920x1080
07:06:29 [INFO]   [1] Monitor 1 @ (-3840,0) 3840x2160
07:06:30 [INFO] IMU tracker started and recentered
07:06:30 [INFO] Dropping released DXCamera instance for device=0 output=0 backend=dxgi.
07:06:30 [INFO] DXGI capture initialised (dev=0 out=0 1920x1080)
07:06:30 [INFO] Screen capture started: 1920x1080
07:06:30 [INFO] Renderer initialized: 1920x1080 at (0,0), hwnd=18290470
07:06:30 [INFO] Target display: Monitor 0 (1920x1080) at (0,0)
07:06:30 [INFO] GYRO_DIAG: gx=+0.0312 gy=-0.0373 gz=+0.0043 | peaks: [-1.3635, +0.1814, +0.1961] | yaw=-25.3 pitch=-11.6 roll=+66.9 | mag=0.0488
07:06:31 [INFO] GYRO_DIAG: gx=+0.1545 gy=-0.0421 gz=+0.0024 | peaks: [-1.3635, +0.1814, +0.1961] | yaw=-50.3 pitch=+9.6 roll=+70.3 | mag=0.1602
07:06:32 [INFO] GYRO_DIAG: gx=-0.8577 gy=+0.8320 gz=+0.4722 | peaks: [-1.3635, -1.1661, +0.4722] | yaw=-217.4 pitch=-12.7 roll=+67.4 | mag=1.2848
07:06:33 [INFO] GYRO_DIAG: gx=+0.3366 gy=+0.1814 gz=-0.0483 | peaks: [-1.3635, -1.1661, +0.5632] | yaw=+51.7 pitch=-3.3 roll=+133.4 | mag=0.3854
07:06:34 [INFO] GYRO_DIAG: gx=+0.0696 gy=-0.1319 gz=-0.0562 | peaks: [+1.3940, -1.1661, +0.5632] | yaw=-181.8 pitch=+278.3 roll=+115.3 | mag=0.1594
07:06:35 [INFO] GYRO_DIAG: gx=-0.9248 gy=+0.0470 gz=-0.0452 | peaks: [+1.3940, -1.1661, +0.5632] | yaw=-205.9 pitch=+101.1 roll=+106.2 | mag=0.9271
07:06:36 [INFO] GYRO_DIAG: gx=-0.0867 gy=-0.1222 gz=+0.1197 | peaks: [-1.6041, -1.1661, +0.5632] | yaw=-190.4 pitch=+59.8 roll=+76.0 | mag=0.1918
07:06:38 [INFO] GYRO_DIAG: gx=-0.0354 gy=-0.0593 gz=-0.0024 | peaks: [-1.6041, -1.1661, +0.5632] | yaw=-231.6 pitch=+108.9 roll=+105.1 | mag=0.0691
07:06:39 [INFO] GYRO_DIAG: gx=-0.0110 gy=-0.0519 gz=+0.0177 | peaks: [-1.6041, -1.1661, +0.5632] | yaw=-266.7 pitch=+57.1 roll=+100.2 | mag=0.0560
07:06:40 [INFO] GYRO_DIAG: gx=+0.0134 gy=-0.0544 gz=+0.0122 | peaks: [-1.6041, -1.1661, +0.5632] | yaw=-291.3 pitch=+36.3 roll=+110.3 | mag=0.0573
07:06:41 [INFO] Loop OK - px_off=-371px, zoom=1.0, tracking=True, fps=60, has_frame=True
07:06:41 [INFO] IMU diag: gy=-0.0605 gx=-0.0092 px_off=-371px gain=0.99 decay=1.0000 dead=0.04 mag=0.0612 resp=0.002 yaw_out=-371 imu=5478
07:06:41 [INFO] GYRO_DIAG: gx=+0.0104 gy=-0.0421 gz=+0.0006 | peaks: [-1.6041, -1.1661, +0.5632] | yaw=-319.7 pitch=+21.5 roll=+110.0 | mag=0.0434
07:06:42 [INFO] GYRO_DIAG: gx=-0.0018 gy=-0.0593 gz=-0.0147 | peaks: [-1.6041, -1.1661, +0.5632] | yaw=-348.9 pitch=+23.9 roll=+106.4 | mag=0.0611
07:06:43 [INFO] GYRO_DIAG: gx=+0.0165 gy=-0.0348 gz=-0.0122 | peaks: [-1.6041, -1.1661, +0.5632] | yaw=-377.3 pitch=+18.7 roll=+105.7 | mag=0.0404
07:06:44 [INFO] GYRO_DIAG: gx=-0.0134 gy=-0.0617 gz=-0.0043 | peaks: [-1.6041, -1.1661, +0.5632] | yaw=-403.7 pitch=+10.5 roll=+111.4 | mag=0.0633
07:06:45 [INFO] GYRO_DIAG: gx=-0.0623 gy=+0.0678 gz=+0.0983 | peaks: [-1.6041, -1.1661, +0.5632] | yaw=-425.0 pitch=-183.4 roll=+136.3 | mag=0.1347
07:06:46 [INFO] GYRO_DIAG: gx=-0.0140 gy=-0.0458 gz=-0.0061 | peaks: [-1.6041, -1.1661, +0.5632] | yaw=-446.1 pitch=-85.2 roll=+115.1 | mag=0.0483
07:06:47 [INFO] GYRO_DIAG: gx=+0.0238 gy=-0.0922 gz=+0.0049 | peaks: [-1.6041, -1.1661, +0.5632] | yaw=-478.7 pitch=+76.2 roll=+100.4 | mag=0.0954
07:06:48 [INFO] GYRO_DIAG: gx=-0.1869 gy=-0.0483 gz=+0.0055 | peaks: [-1.6041, -1.1661, +0.5632] | yaw=-508.0 pitch=+37.8 roll=+102.0 | mag=0.1931
07:06:49 [INFO] GYRO_DIAG: gx=+0.0012 gy=-0.0935 gz=-0.0208 | peaks: [-1.6041, -1.1661, +0.5632] | yaw=-539.3 pitch=+12.1 roll=+97.7 | mag=0.0958
07:06:50 [INFO] GYRO_DIAG: gx=-0.0031 gy=-0.0269 gz=+0.0043 | peaks: [-1.6041, -1.1661, +0.5632] | yaw=-565.5 pitch=+35.2 roll=+97.9 | mag=0.0274
07:06:51 [INFO] Loop OK - px_off=-377px, zoom=1.0, tracking=True, fps=61, has_frame=True
07:06:51 [INFO] IMU diag: gy=-0.0599 gx=+0.0049 px_off=-377px gain=0.99 decay=1.0000 dead=0.04 mag=0.0723 resp=0.005 yaw_out=-377 imu=10403
07:06:51 [INFO] GYRO_DIAG: gx=-0.0195 gy=-0.0733 gz=+0.0379 | peaks: [-1.6041, -1.1661, +0.5632] | yaw=-597.6 pitch=+20.0 roll=+104.2 | mag=0.0848
07:06:52 [INFO] GYRO_DIAG: gx=+0.0397 gy=-0.0476 gz=+0.0501 | peaks: [-1.6041, -1.1661, +0.5632] | yaw=-599.2 pitch=+42.7 roll=+105.8 | mag=0.0797
07:06:53 [INFO] GYRO_DIAG: gx=-1.1790 gy=+0.1637 gz=+0.4074 | peaks: [-1.6041, -1.1661, +0.5632] | yaw=-629.2 pitch=-126.2 roll=+115.8 | mag=1.2581
07:06:54 [INFO] GYRO_DIAG: gx=+0.0226 gy=-0.1674 gz=-0.0849 | peaks: [-1.6041, -1.1661, +0.5632] | yaw=-586.0 pitch=-134.9 roll=+156.6 | mag=0.1890
07:06:54 [INFO] Hotkeys triggered: {'recenter'}
07:06:54 [INFO] Recentered
07:06:55 [INFO] GYRO_DIAG: gx=+0.0910 gy=+0.1197 gz=+0.1472 | peaks: [-1.6041, -1.1661, +0.5632] | yaw=-752.5 pitch=-103.9 roll=+58.5 | mag=0.2105
07:06:56 [INFO] GYRO_DIAG: gx=+1.2113 gy=-0.1863 gz=-0.3622 | peaks: [-1.6041, +1.3799, -0.8595] | yaw=-650.4 pitch=+57.0 roll=+77.6 | mag=1.2780
07:06:57 [INFO] GYRO_DIAG: gx=+0.1038 gy=-0.0782 gz=+0.0140 | peaks: [-2.2449, +3.0226, +0.9328] | yaw=-211.7 pitch=-297.6 roll=+183.2 | mag=0.1307
07:06:58 [INFO] GYRO_DIAG: gx=+1.2853 gy=+0.4496 gz=-0.0305 | peaks: [-2.2449, +3.0226, -1.3030] | yaw=-678.6 pitch=+13.8 roll=-67.2 | mag=1.3620
07:06:59 [INFO] GYRO_DIAG: gx=-0.8399 gy=-0.0507 gz=+0.0470 | peaks: [-2.2449, +3.0226, -1.3030] | yaw=-654.3 pitch=+62.4 roll=-5.6 | mag=0.8428
07:07:00 [INFO] GYRO_DIAG: gx=+0.0330 gy=+0.2089 gz=+0.0275 | peaks: [-2.2449, +3.0226, -1.3030] | yaw=-627.8 pitch=+40.0 roll=+49.5 | mag=0.2133
07:07:01 [INFO] Loop OK - px_off=-1139px, zoom=1.0, tracking=True, fps=60, has_frame=True
07:07:01 [INFO] IMU diag: gy=+0.2144 gx=+0.0641 px_off=-1138px gain=0.99 decay=1.0000 dead=0.04 mag=0.2636 resp=0.161 yaw_out=-1138 imu=15330
07:07:01 [INFO] GYRO_DIAG: gx=-0.0098 gy=+0.3738 gz=+0.0299 | peaks: [-2.2449, +3.0226, -1.3030] | yaw=-871.7 pitch=+49.3 roll=+18.6 | mag=0.3752
07:07:02 [INFO] GYRO_DIAG: gx=-0.0312 gy=-0.9371 gz=-0.1552 | peaks: [-2.2449, +3.0226, -1.3030] | yaw=-794.4 pitch=+30.0 roll=+56.7 | mag=0.9503
07:07:03 [INFO] GYRO_DIAG: gx=+0.2230 gy=-2.2834 gz=-0.5852 | peaks: [-2.2449, +3.0226, -1.3030] | yaw=-809.4 pitch=+24.6 roll=+46.6 | mag=2.3677
07:07:04 [INFO] GYRO_DIAG: gx=+0.0678 gy=-1.2071 gz=-0.1539 | peaks: [-2.2449, +3.0226, -1.3030] | yaw=-837.7 pitch=+4.2 roll=+52.2 | mag=1.2187
07:07:05 [INFO] Hotkeys triggered: {'recenter'}
07:07:05 [INFO] Recentered
07:07:05 [INFO] GYRO_DIAG: gx=+0.0470 gy=-0.0183 gz=+0.0342 | peaks: [-2.2449, +3.0226, -1.3030] | yaw=-874.2 pitch=+14.5 roll=+67.2 | mag=0.0610
07:07:06 [INFO] GYRO_DIAG: gx=+0.0012 gy=-1.6469 gz=-0.5107 | peaks: [-2.2449, +3.0226, -1.3030] | yaw=-836.5 pitch=+14.5 roll=+86.0 | mag=1.7243
07:07:07 [INFO] GYRO_DIAG: gx=-0.1289 gy=+1.2804 gz=+0.3421 | peaks: [-2.2449, +3.0226, -1.3030] | yaw=-808.8 pitch=-5.4 roll=+93.1 | mag=1.3315
07:07:08 [INFO] GYRO_DIAG: gx=+0.1881 gy=-1.1338 gz=-0.0941 | peaks: [-2.2449, +3.0226, -1.3030] | yaw=-1103.5 pitch=+22.4 roll=+38.3 | mag=1.1531
07:07:09 [INFO] GYRO_DIAG: gx=-0.1399 gy=+2.1173 gz=+0.2517 | peaks: [-2.2449, +3.0226, -1.3030] | yaw=-995.4 pitch=+14.0 roll=+70.1 | mag=2.1367
07:07:10 [INFO] GYRO_DIAG: gx=+0.0348 gy=+0.1222 gz=-0.0055 | peaks: [-2.2449, +3.0226, -1.3030] | yaw=-964.6 pitch=+2.8 roll=+96.0 | mag=0.1272
07:07:11 [INFO] Loop OK - px_off=-203px, zoom=1.0, tracking=True, fps=60, has_frame=True
07:07:11 [INFO] IMU diag: gy=-0.0574 gx=-0.0391 px_off=-203px gain=0.99 decay=1.0000 dead=0.04 mag=0.0725 resp=0.005 yaw_out=-203 imu=20264
07:07:11 [INFO] GYRO_DIAG: gx=+0.0788 gy=-0.7220 gz=-0.0391 | peaks: [-2.2449, +3.0226, -1.3030] | yaw=-1073.6 pitch=+19.2 roll=+73.8 | mag=0.7274
07:07:12 [INFO] GYRO_DIAG: gx=-0.0501 gy=-0.4551 gz=-0.0831 | peaks: [-2.2449, +3.0226, -1.3030] | yaw=-853.6 pitch=-9.5 roll=+107.8 | mag=0.4653
07:07:13 [INFO] GYRO_DIAG: gx=-0.0776 gy=+0.8051 gz=+0.2346 | peaks: [-2.2449, +3.0226, -1.3030] | yaw=-1050.6 pitch=+2.8 roll=+86.7 | mag=0.8422
07:07:14 [INFO] GYRO_DIAG: gx=-0.0092 gy=-0.0373 gz=+0.0238 | peaks: [-2.2449, +3.0226, -1.3030] | yaw=-1033.2 pitch=+2.6 roll=+91.5 | mag=0.0452
07:07:15 [INFO] GYRO_DIAG: gx=+0.1051 gy=-0.3464 gz=-0.1240 | peaks: [-2.2449, +3.0226, -1.3030] | yaw=-932.3 pitch=-9.1 roll=+132.8 | mag=0.3826
07:07:16 [INFO] GYRO_DIAG: gx=-1.2022 gy=+0.3708 gz=+0.0195 | peaks: [-2.2449, +3.0226, -1.3030] | yaw=-1019.9 pitch=+14.2 roll=+104.1 | mag=1.2582
07:07:17 [INFO] GYRO_DIAG: gx=+0.0122 gy=-0.0140 gz=+0.0709 | peaks: [-2.2449, +3.0226, -1.3030] | yaw=-1017.8 pitch=+142.2 roll=+102.8 | mag=0.0733
07:07:18 [INFO] GYRO_DIAG: gx=+1.7477 gy=-0.0434 gz=+0.0977 | peaks: [-2.2449, +3.0226, -1.3030] | yaw=-1048.6 pitch=+43.7 roll=+87.5 | mag=1.7510
07:07:19 [INFO] GYRO_DIAG: gx=-0.8259 gy=-0.1130 gz=-0.0898 | peaks: [-2.2449, +3.0226, -1.3030] | yaw=-1044.4 pitch=-155.1 roll=+95.6 | mag=0.8384
07:07:20 [INFO] GYRO_DIAG: gx=-1.1228 gy=-0.1747 gz=-0.0886 | peaks: [-2.2449, +3.0226, -1.3030] | yaw=-1124.0 pitch=+80.3 roll=+82.1 | mag=1.1397
07:07:21 [INFO] Loop OK - px_off=-357px, zoom=1.0, tracking=True, fps=60, has_frame=True
07:07:21 [INFO] IMU diag: gy=-0.1399 gx=-0.4502 px_off=-357px gain=0.99 decay=1.0000 dead=0.04 mag=0.4736 resp=0.482 yaw_out=-357 imu=25192
07:07:21 [INFO] GYRO_DIAG: gx=+0.6872 gy=+0.0079 gz=+0.0421 | peaks: [-2.2449, +3.0226, -1.3030] | yaw=-1165.1 pitch=+137.1 roll=+77.1 | mag=0.6886
07:07:22 [INFO] GYRO_DIAG: gx=+0.1381 gy=-0.0128 gz=+0.0031 | peaks: [-2.2449, +3.0226, -1.3030] | yaw=-1199.4 pitch=-118.1 roll=+72.5 | mag=0.1387
07:07:23 [INFO] GYRO_DIAG: gx=-0.0049 gy=-0.0678 gz=+0.0073 | peaks: [-2.2449, +3.0226, -1.3030] | yaw=-1233.0 pitch=+72.0 roll=+81.7 | mag=0.0684
07:07:24 [INFO] GYRO_DIAG: gx=-0.0189 gy=-0.0415 gz=+0.0086 | peaks: [-2.2449, +3.0226, -1.3030] | yaw=-1246.9 pitch=+73.7 roll=+92.0 | mag=0.0464
07:07:25 [INFO] GYRO_DIAG: gx=-0.4191 gy=-0.0367 gz=+0.0250 | peaks: [-2.2449, +3.0226, -1.3030] | yaw=-1269.0 pitch=-29.8 roll=+102.9 | mag=0.4214
07:07:26 [INFO] GYRO_DIAG: gx=-0.4239 gy=-0.0220 gz=-0.0037 | peaks: [-2.2449, +3.0226, -1.3030] | yaw=-1283.0 pitch=+43.3 roll=+97.1 | mag=0.4245
07:07:27 [INFO] GYRO_DIAG: gx=+0.1087 gy=-0.0452 gz=-0.0208 | peaks: [-2.2449, +3.0226, -1.3030] | yaw=-1295.0 pitch=+154.7 roll=+87.4 | mag=0.1196
07:07:28 [INFO] GYRO_DIAG: gx=-0.0739 gy=-0.0507 gz=+0.0458 | peaks: [-2.2449, +3.0226, -1.3030] | yaw=-1318.4 pitch=+156.0 roll=+83.9 | mag=0.1007
07:07:29 [INFO] GYRO_DIAG: gx=+0.1332 gy=-0.0660 gz=+0.0110 | peaks: [-2.2449, +3.0226, -1.3030] | yaw=-1347.8 pitch=-7.9 roll=+83.6 | mag=0.1490
07:07:30 [INFO] GYRO_DIAG: gx=+0.0660 gy=-0.0367 gz=+0.0122 | peaks: [-2.2449, +3.0226, -1.3030] | yaw=-1374.8 pitch=+8.6 roll=+85.5 | mag=0.0765
07:07:31 [INFO] Loop OK - px_off=-376px, zoom=1.0, tracking=True, fps=60, has_frame=True
07:07:31 [INFO] IMU diag: gy=-0.0458 gx=+0.0367 px_off=-376px gain=0.99 decay=1.0000 dead=0.04 mag=0.0608 resp=0.002 yaw_out=-376 imu=30124
07:07:31 [INFO] GYRO_DIAG: gx=+0.3213 gy=-0.0702 gz=+0.0678 | peaks: [-2.2449, +3.0226, -1.3030] | yaw=-1403.9 pitch=+130.0 roll=+104.1 | mag=0.3358
07:07:32 [INFO] GYRO_DIAG: gx=+1.7184 gy=-0.0116 gz=-0.0244 | peaks: [-2.2449, +3.0226, -1.3030] | yaw=-1422.3 pitch=-68.7 roll=+98.4 | mag=1.7186
07:07:33 [INFO] GYRO_DIAG: gx=+0.4496 gy=-0.0305 gz=-0.0116 | peaks: [-2.2449, +3.0226, -1.3030] | yaw=-1445.7 pitch=-104.4 roll=+92.5 | mag=0.4508
07:07:34 [INFO] Hotkeys triggered: {'recenter'}
07:07:34 [INFO] Recentered
07:07:34 [INFO] GYRO_DIAG: gx=-0.0764 gy=-0.0483 gz=+0.0299 | peaks: [-2.2449, +3.0226, -1.3030] | yaw=-1468.1 pitch=+3.9 roll=+92.0 | mag=0.0952
07:07:35 [INFO] GYRO_DIAG: gx=+0.6292 gy=-0.0312 gz=+0.0281 | peaks: [-2.2449, +3.0226, -1.3030] | yaw=-1500.2 pitch=+126.2 roll=+106.7 | mag=0.6306
07:07:36 [INFO] GYRO_DIAG: gx=-0.0440 gy=-0.1283 gz=+0.0281 | peaks: [-2.2449, +3.0226, -1.3030] | yaw=-1579.1 pitch=+130.6 roll=+90.4 | mag=0.1385
07:07:37 [INFO] GYRO_DIAG: gx=+0.0171 gy=-0.0312 gz=-0.0122 | peaks: [-2.2449, +3.0226, -1.3030] | yaw=-1612.0 pitch=+68.1 roll=+97.2 | mag=0.0376
07:07:38 [INFO] GYRO_DIAG: gx=+0.0202 gy=-0.0385 gz=-0.0061 | peaks: [-2.2449, +3.0226, -1.3030] | yaw=-1636.7 pitch=+52.1 roll=+109.5 | mag=0.0439
07:07:39 [INFO] GYRO_DIAG: gx=-0.0110 gy=-0.0580 gz=-0.0073 | peaks: [-2.2449, +3.0226, -1.3030] | yaw=-1659.9 pitch=+33.7 roll=+112.7 | mag=0.0595
07:07:40 [INFO] GYRO_DIAG: gx=+0.0140 gy=-0.0379 gz=+0.0208 | peaks: [-2.2449, +3.0226, -1.3030] | yaw=-1688.1 pitch=+29.8 roll=+114.2 | mag=0.0454
07:07:41 [INFO] Loop OK - px_off=-18px, zoom=1.0, tracking=True, fps=60, has_frame=True
07:07:41 [INFO] IMU diag: gy=-0.0452 gx=+0.0012 px_off=-18px gain=0.99 decay=1.0000 dead=0.04 mag=0.0479 resp=0.001 yaw_out=-18 imu=35055
07:07:41 [INFO] GYRO_DIAG: gx=+0.0043 gy=-0.0367 gz=+0.0012 | peaks: [-2.2449, +3.0226, -1.3030] | yaw=-1710.4 pitch=+20.2 roll=+115.6 | mag=0.0369
07:07:42 [INFO] GYRO_DIAG: gx=+0.0000 gy=-0.0519 gz=+0.0183 | peaks: [-2.2449, +3.0226, -1.3030] | yaw=-1736.7 pitch=+17.4 roll=+115.2 | mag=0.0551
07:07:43 [INFO] GYRO_DIAG: gx=+0.0061 gy=-0.0525 gz=+0.0079 | peaks: [-2.2449, +3.0226, -1.3030] | yaw=-1761.8 pitch=+14.2 roll=+116.0 | mag=0.0535
07:07:44 [INFO] GYRO_DIAG: gx=-0.0134 gy=-0.0287 gz=+0.0195 | peaks: [-2.2449, +3.0226, -1.3030] | yaw=-1785.8 pitch=+8.4 roll=+117.4 | mag=0.0372
07:07:45 [INFO] GYRO_DIAG: gx=-0.0098 gy=-0.0318 gz=+0.0061 | peaks: [-2.2449, +3.0226, -1.3030] | yaw=-1809.1 pitch=+5.7 roll=+117.1 | mag=0.0338
07:07:46 [INFO] GYRO_DIAG: gx=-0.4233 gy=-0.0360 gz=+0.0281 | peaks: [-2.2449, +3.0226, -1.3030] | yaw=-1834.5 pitch=-8.3 roll=+117.5 | mag=0.4258
07:07:48 [INFO] GYRO_DIAG: gx=+0.4166 gy=-0.0696 gz=+0.0397 | peaks: [-2.2449, +3.0226, -1.3030] | yaw=-1848.7 pitch=-19.8 roll=+116.3 | mag=0.4243
07:07:49 [INFO] GYRO_DIAG: gx=+0.0189 gy=-0.0263 gz=-0.0232 | peaks: [-2.2449, +3.0226, -1.3030] | yaw=-1885.8 pitch=+5.8 roll=+109.1 | mag=0.0398
07:07:50 [INFO] GYRO_DIAG: gx=-0.0006 gy=-0.0605 gz=+0.0012 | peaks: [-2.2449, +3.0226, -1.3030] | yaw=-1915.5 pitch=+3.8 roll=+107.0 | mag=0.0605
07:07:51 [INFO] Loop OK - px_off=-21px, zoom=1.0, tracking=True, fps=60, has_frame=True
07:07:51 [INFO] IMU diag: gy=-0.0373 gx=+0.0281 px_off=-21px gain=0.99 decay=1.0000 dead=0.04 mag=0.0582 resp=0.002 yaw_out=-21 imu=39985
07:07:51 [INFO] GYRO_DIAG: gx=+0.0367 gy=-0.0531 gz=+0.0452 | peaks: [-2.2449, +3.0226, -1.3030] | yaw=-1940.2 pitch=+11.0 roll=+108.1 | mag=0.0788
07:07:52 [INFO] GYRO_DIAG: gx=-0.0214 gy=-0.0916 gz=+0.0464 | peaks: [-2.2449, +3.0226, -1.3030] | yaw=-1967.6 pitch=+10.1 roll=+110.6 | mag=0.1049
07:07:53 [INFO] GYRO_DIAG: gx=-0.2004 gy=+0.0202 gz=+0.0733 | peaks: [-2.2449, +3.0226, -1.3030] | yaw=-2047.8 pitch=-36.2 roll=+116.6 | mag=0.2143
07:07:54 [INFO] GYRO_DIAG: gx=-0.0287 gy=-0.0257 gz=+0.0220 | peaks: [-2.2449, +3.0226, -1.3030] | yaw=-2050.4 pitch=+29.8 roll=+105.8 | mag=0.0443
07:07:55 [INFO] GYRO_DIAG: gx=-0.0049 gy=-0.0159 gz=+0.0049 | peaks: [-2.2449, +3.0226, -1.3030] | yaw=-2077.3 pitch=+34.4 roll=+108.9 | mag=0.0173
07:07:56 [INFO] GYRO_DIAG: gx=+0.0049 gy=-0.0202 gz=+0.0189 | peaks: [-2.2449, +3.0226, -1.3030] | yaw=-2048.2 pitch=-84.9 roll=+106.8 | mag=0.0281
07:07:57 [INFO] GYRO_DIAG: gx=-0.3403 gy=-0.1442 gz=-0.0104 | peaks: [-2.2449, +3.0226, -1.3030] | yaw=-2023.1 pitch=-118.9 roll=+110.5 | mag=0.3697
07:07:57 [INFO] Hotkeys triggered: {'recenter'}
07:07:57 [INFO] Recentered
07:07:58 [INFO] GYRO_DIAG: gx=+0.6103 gy=-0.0672 gz=+0.0568 | peaks: [-2.2449, +3.0226, -1.3030] | yaw=-2052.3 pitch=+22.4 roll=+88.6 | mag=0.6166
07:07:59 [INFO] GYRO_DIAG: gx=+0.3830 gy=-0.1973 gz=+0.0305 | peaks: [-2.2449, +3.0226, -1.3030] | yaw=-2100.9 pitch=+116.8 roll=+89.8 | mag=0.4319
07:08:00 [INFO] GYRO_DIAG: gx=+0.0104 gy=-0.0562 gz=+0.0208 | peaks: [-2.2449, +3.0226, -1.3030] | yaw=-2136.4 pitch=+85.4 roll=+102.5 | mag=0.0608
07:08:01 [INFO] Loop OK - px_off=-11px, zoom=1.0, tracking=True, fps=60, has_frame=True
07:08:01 [INFO] IMU diag: gy=-0.0312 gx=+0.0654 px_off=-11px gain=0.99 decay=1.0000 dead=0.04 mag=0.0731 resp=0.005 yaw_out=-11 imu=44915
07:08:01 [INFO] GYRO_DIAG: gx=+0.1234 gy=-0.0495 gz=+0.0263 | peaks: [-2.2449, +3.0226, -1.3030] | yaw=-2166.0 pitch=+36.1 roll=+106.0 | mag=0.1355
07:08:02 [INFO] GYRO_DIAG: gx=+0.0086 gy=-0.0403 gz=+0.0073 | peaks: [-2.2449, +3.0226, -1.3030] | yaw=-2192.2 pitch=+32.2 roll=+105.8 | mag=0.0419
07:08:03 [INFO] GYRO_DIAG: gx=+0.0104 gy=-0.0489 gz=+0.0189 | peaks: [-2.2449, +3.0226, -1.3030] | yaw=-2217.1 pitch=+24.1 roll=+107.5 | mag=0.0534
07:08:04 [INFO] GYRO_DIAG: gx=-0.0195 gy=-0.0452 gz=-0.0177 | peaks: [-2.2449, +3.0226, -1.3030] | yaw=-2244.2 pitch=+12.7 roll=+106.7 | mag=0.0523
07:08:05 [INFO] GYRO_DIAG: gx=+0.0202 gy=-0.0794 gz=+0.0257 | peaks: [-2.2449, +3.0226, -1.3030] | yaw=-2266.5 pitch=+15.6 roll=+109.1 | mag=0.0859
07:08:06 [INFO] GYRO_DIAG: gx=-0.0177 gy=-0.0648 gz=+0.0458 | peaks: [-2.2449, +3.0226, -1.3030] | yaw=-2294.5 pitch=+14.2 roll=+111.2 | mag=0.0813
07:08:07 [INFO] GYRO_DIAG: gx=-0.4129 gy=-0.0098 gz=+0.0837 | peaks: [-2.2449, +3.0226, -1.3030] | yaw=-2315.0 pitch=+5.6 roll=+114.1 | mag=0.4215
07:08:08 [INFO] GYRO_DIAG: gx=+0.1912 gy=-1.1967 gz=-0.6335 | peaks: [-2.2449, +3.0226, +1.6109] | yaw=-2159.8 pitch=-108.8 roll=+190.5 | mag=1.3674
07:08:09 [INFO] GYRO_DIAG: gx=+0.0079 gy=-0.5382 gz=-0.2627 | peaks: [-2.2449, +3.0226, +1.6109] | yaw=-2338.2 pitch=-43.8 roll=+58.3 | mag=0.5989
07:08:09 [INFO] Hotkeys triggered: {'toggle_settings'}
07:08:09 [INFO] Settings panel: shown (click-through: OFF)
07:08:10 [INFO] GYRO_DIAG: gx=-0.0195 gy=-0.0348 gz=+0.0122 | peaks: [-2.2449, +3.0226, +1.6109] | yaw=-2358.7 pitch=-19.1 roll=+74.1 | mag=0.0418
07:08:11 [INFO] Loop OK - px_off=-92px, zoom=1.0, tracking=True, fps=60, has_frame=True
07:08:11 [INFO] IMU diag: gy=-0.0574 gx=+0.0067 px_off=-92px gain=0.99 decay=1.0000 dead=0.04 mag=0.0630 resp=0.003 yaw_out=-92 imu=49844
07:08:11 [INFO] GYRO_DIAG: gx=+0.0165 gy=-0.0312 gz=+0.0067 | peaks: [-2.2449, +3.0226, +1.6109] | yaw=-2385.2 pitch=-5.6 roll=+81.2 | mag=0.0359
07:08:12 [INFO] GYRO_DIAG: gx=+0.8167 gy=-0.1631 gz=+0.0330 | peaks: [-2.2449, +3.0226, +1.6109] | yaw=-2423.4 pitch=+89.2 roll=+87.0 | mag=0.8335
07:08:13 [INFO] GYRO_DIAG: gx=-0.0226 gy=-0.0464 gz=-0.0086 | peaks: [-2.2449, +3.0226, +1.6109] | yaw=-2475.8 pitch=+105.9 roll=+100.1 | mag=0.0523
07:08:14 [INFO] GYRO_DIAG: gx=+0.0055 gy=-0.0794 gz=-0.0031 | peaks: [-2.2449, +3.0226, +1.6109] | yaw=-2502.6 pitch=+68.8 roll=+101.0 | mag=0.0797
07:08:15 [INFO] GYRO_DIAG: gx=-0.0165 gy=-0.0470 gz=-0.0018 | peaks: [-2.2449, +3.0226, +1.6109] | yaw=-2530.1 pitch=+42.5 roll=+105.0 | mag=0.0499
07:08:16 [INFO] GYRO_DIAG: gx=+0.0269 gy=-0.0739 gz=-0.0043 | peaks: [-2.2449, +3.0226, +1.6109] | yaw=-2566.4 pitch=+41.6 roll=+98.7 | mag=0.0788
07:08:17 [INFO] GYRO_DIAG: gx=+0.0336 gy=-0.0452 gz=+0.0189 | peaks: [-2.2449, +3.0226, +1.6109] | yaw=-2595.2 pitch=+22.6 roll=+102.0 | mag=0.0594
07:08:18 [INFO] GYRO_DIAG: gx=+0.0171 gy=-0.0550 gz=+0.0147 | peaks: [-2.2449, +3.0226, +1.6109] | yaw=-2618.3 pitch=+17.6 roll=+106.9 | mag=0.0594
07:08:19 [INFO] GYRO_DIAG: gx=-0.0226 gy=-0.0079 gz=+0.0281 | peaks: [-2.2449, +3.0226, +1.6109] | yaw=-2648.2 pitch=+12.0 roll=+107.0 | mag=0.0369
07:08:20 [INFO] GYRO_DIAG: gx=+0.0250 gy=-0.0593 gz=+0.0293 | peaks: [-2.2449, +3.0226, +1.6109] | yaw=-2671.1 pitch=+11.5 roll=+110.4 | mag=0.0707
07:08:21 [INFO] Loop OK - px_off=-106px, zoom=1.0, tracking=True, fps=60, has_frame=True
07:08:21 [INFO] IMU diag: gy=-0.0073 gx=+0.0476 px_off=-106px gain=0.99 decay=1.0000 dead=0.04 mag=0.0571 resp=0.002 yaw_out=-106 imu=54774
07:08:21 [INFO] GYRO_DIAG: gx=+0.0067 gy=-0.0690 gz=+0.0397 | peaks: [-2.2449, +3.0226, +1.6109] | yaw=-2699.4 pitch=+16.0 roll=+111.0 | mag=0.0799
07:08:22 [INFO] GYRO_DIAG: gx=+0.0006 gy=-0.0336 gz=+0.0031 | peaks: [-2.2449, +3.0226, +1.6109] | yaw=-2724.0 pitch=+12.1 roll=+112.8 | mag=0.0337
07:08:23 [INFO] GYRO_DIAG: gx=+0.0244 gy=-0.0483 gz=+0.0220 | peaks: [-2.2449, +3.0226, +1.6109] | yaw=-2750.5 pitch=+13.7 roll=+112.4 | mag=0.0584
07:08:24 [INFO] GYRO_DIAG: gx=-0.0110 gy=-0.0623 gz=+0.0538 | peaks: [-2.2449, +3.0226, +1.6109] | yaw=-2771.3 pitch=+8.7 roll=+115.7 | mag=0.0830
07:08:25 [INFO] GYRO_DIAG: gx=+0.0128 gy=-0.0574 gz=+0.0250 | peaks: [-2.2449, +3.0226, +1.6109] | yaw=-2799.9 pitch=+9.9 roll=+112.6 | mag=0.0639
07:08:26 [INFO] GYRO_DIAG: gx=+0.0043 gy=-0.0464 gz=+0.0208 | peaks: [-2.2449, +3.0226, +1.6109] | yaw=-2825.9 pitch=+12.0 roll=+112.3 | mag=0.0510
07:08:27 [INFO] GYRO_DIAG: gx=+0.0043 gy=-0.0519 gz=+0.0250 | peaks: [-2.2449, +3.0226, +1.6109] | yaw=-2850.5 pitch=+6.9 roll=+113.6 | mag=0.0578
07:08:28 [INFO] GYRO_DIAG: gx=-0.3586 gy=+0.1020 gz=+0.2737 | peaks: [-2.2449, +3.0226, +1.6109] | yaw=-2877.9 pitch=-15.3 roll=+126.4 | mag=0.4625
07:08:29 [INFO] Hotkeys triggered: {'quit'}
07:08:29 [INFO] Quit requested
07:08:29 [INFO] GYRO_DIAG: gx=+0.0134 gy=-0.0983 gz=-0.0165 | peaks: [-2.2449, +3.0226, +1.6109] | yaw=-2881.2 pitch=-32.0 roll=+126.5 | mag=0.1006
07:18:43 [INFO] ============================================================
07:18:43 [INFO] AirPin starting...
07:18:43 [INFO] Args: Namespace(no_imu=False, no_audio=False, monitor=0, sensitivity=None, fps=None)
07:18:43 [INFO] Displays found: 2, target_monitor=0
07:18:43 [INFO]   [0] Monitor 0 @ (0,0) 1920x1080
07:18:43 [INFO]   [1] Monitor 1 @ (-3840,0) 3840x2160
07:18:44 [INFO] IMU tracker started and recentered
07:18:44 [CRITICAL] CRASH: release unlocked lock
Traceback (most recent call last):
  File "<frozen importlib._bootstrap>", line 1027, in _find_and_load
  File "<frozen importlib._bootstrap>", line 1006, in _find_and_load_unlocked
  File "<frozen importlib._bootstrap>", line 688, in _load_unlocked
  File "<frozen importlib._bootstrap_external>", line 883, in exec_module
  File "<frozen importlib._bootstrap>", line 241, in _call_with_frames_removed
  File "C:\Users\Pionoi9\AppData\Local\Programs\Python\Python310\lib\site-packages\comtypes\__init__.py", line 54, in <module>
    from comtypes import patcher  # noqa
  File "<frozen importlib._bootstrap>", line 224, in _lock_unlock_module
  File "<frozen importlib._bootstrap>", line 110, in acquire
RuntimeError: release unlocked lock

During handling of the above exception, another exception occurred:

Traceback (most recent call last):
  File "C:\VR AR\AirPin\main.py", line 591, in <module>
    main()
  File "C:\VR AR\AirPin\main.py", line 215, in main
    if not win_mgr.start():
  File "C:\VR AR\AirPin\airpin\window_capture.py", line 339, in start
    if not self.capture.start():
  File "C:\VR AR\AirPin\airpin\window_capture.py", line 225, in start
    if self._try_init_dxcam():
  File "C:\VR AR\AirPin\airpin\window_capture.py", line 195, in _try_init_dxcam
    import dxcam  # noqa: F401
  File "C:\Users\Pionoi9\AppData\Local\Programs\Python\Python310\lib\site-packages\dxcam\__init__.py", line 27, in <module>
    from dxcam.core.backend import normalize_backend_name
  File "C:\Users\Pionoi9\AppData\Local\Programs\Python\Python310\lib\site-packages\dxcam\core\__init__.py", line 4, in <module>
    from dxcam.core.device import Device
  File "C:\Users\Pionoi9\AppData\Local\Programs\Python\Python310\lib\site-packages\dxcam\core\device.py", line 7, in <module>
    import comtypes
  File "<frozen importlib._bootstrap>", line 1024, in _find_and_load
  File "<frozen importlib._bootstrap>", line 174, in __exit__
  File "<frozen importlib._bootstrap>", line 127, in release
RuntimeError: release unlocked lock
07:20:59 [INFO] ============================================================
07:20:59 [INFO] AirPin starting...
07:20:59 [INFO] Args: Namespace(no_imu=False, no_audio=False, monitor=0, sensitivity=None, fps=None)
07:20:59 [INFO] Displays found: 2, target_monitor=0
07:20:59 [INFO]   [0] Monitor 0 @ (0,0) 1920x1080
07:20:59 [INFO]   [1] Monitor 1 @ (-3840,0) 3840x2160
07:20:59 [INFO] IMU tracker started and recentered
07:21:00 [INFO] GYRO_DIAG: gx=-0.2450 gy=-2.6276 gz=-3.2455 | peaks: [-5.7855, -3.4119, -3.2455] | yaw=-824.0 pitch=-255.4 roll=-246.4 | mag=4.1830
07:21:04 [INFO] ============================================================
07:21:04 [INFO] AirPin starting...
07:21:04 [INFO] Args: Namespace(no_imu=False, no_audio=False, monitor=0, sensitivity=None, fps=None)
07:21:04 [INFO] Displays found: 2, target_monitor=0
07:21:04 [INFO]   [0] Monitor 0 @ (0,0) 1920x1080
07:21:04 [INFO]   [1] Monitor 1 @ (-3840,0) 3840x2160
07:21:04 [INFO] IMU tracker started and recentered
07:21:04 [INFO] Dropping released DXCamera instance for device=0 output=0 backend=dxgi.
07:21:04 [INFO] DXGI capture initialised (dev=0 out=0 1920x1080)
07:21:04 [INFO] Screen capture started: 1920x1080
07:21:04 [INFO] Renderer initialized: 1920x1080 at (0,0), hwnd=32838730
07:21:04 [INFO] Target display: Monitor 0 (1920x1080) at (0,0)
07:21:05 [INFO] GYRO_DIAG: gx=-0.0751 gy=+0.0419 gz=-0.0122 | peaks: [-0.2315, +0.2068, +0.3348] | yaw=-1.6 pitch=-12.7 roll=+53.7 | mag=0.0869
07:21:06 [INFO] GYRO_DIAG: gx=+0.0372 gy=+0.0052 gz=-0.1911 | peaks: [-0.5730, +1.4890, +0.8736] | yaw=+198.6 pitch=-88.4 roll=+163.2 | mag=0.1948
07:21:07 [INFO] GYRO_DIAG: gx=-0.5932 gy=+0.3736 gz=+0.3525 | peaks: [+0.9175, -1.7993, -1.0225] | yaw=-29.5 pitch=-77.9 roll=+74.5 | mag=0.7847
07:21:08 [INFO] GYRO_DIAG: gx=+0.2871 gy=-0.0864 gz=+0.0795 | peaks: [+1.6982, -1.7993, -1.0225] | yaw=-5.7 pitch=+229.0 roll=+66.3 | mag=0.3102
07:21:09 [INFO] GYRO_DIAG: gx=-0.8174 gy=+0.1494 gz=+0.0941 | peaks: [+1.6982, -1.7993, -1.0225] | yaw=+45.3 pitch=-83.8 roll=+103.5 | mag=0.8362
07:21:10 [INFO] GYRO_DIAG: gx=-0.0086 gy=+0.1867 gz=+0.0385 | peaks: [+1.6982, +3.3314, +1.0391] | yaw=+866.4 pitch=-174.2 roll=+187.7 | mag=0.1908
07:21:11 [INFO] GYRO_DIAG: gx=-0.0263 gy=+0.0266 gz=+0.0514 | peaks: [+1.6982, +3.3314, +1.0391] | yaw=+974.4 pitch=-54.2 roll=+207.5 | mag=0.0635
07:21:12 [INFO] GYRO_DIAG: gx=+1.0910 gy=-0.1102 gz=-0.1521 | peaks: [+1.6982, -4.3215, +1.0391] | yaw=-48.0 pitch=+245.5 roll=+125.7 | mag=1.1070
07:21:13 [INFO] GYRO_DIAG: gx=+0.0195 gy=+0.0510 gz=+0.0288 | peaks: [+1.6982, -4.3215, +1.0391] | yaw=-46.5 pitch=+172.3 roll=+97.6 | mag=0.0618
07:21:14 [INFO] GYRO_DIAG: gx=-0.4209 gy=+0.0382 gz=+0.0324 | peaks: [+1.6982, -4.3215, +1.0391] | yaw=-33.0 pitch=-153.2 roll=+113.5 | mag=0.4239
07:21:15 [INFO] Loop OK - px_off=187px, zoom=1.0, tracking=True, fps=60, has_frame=True
07:21:15 [INFO] IMU diag: gy=+0.4915 gx=+0.8784 px_off=197px gain=0.99 decay=1.0000 dead=0.04 mag=1.0073 resp=1.000 yaw_out=197 imu=5414
07:21:15 [INFO] GYRO_DIAG: gx=+0.2382 gy=-0.0082 gz=+0.0318 | peaks: [+1.6982, -4.3215, +1.0391] | yaw=-25.1 pitch=+24.2 roll=+78.1 | mag=0.2405
07:21:16 [INFO] GYRO_DIAG: gx=-0.3348 gy=+0.3375 gz=+0.2285 | peaks: [+1.6982, -4.3215, +1.0391] | yaw=-23.8 pitch=-102.2 roll=+101.1 | mag=0.5275
07:21:17 [INFO] GYRO_DIAG: gx=+0.0440 gy=+0.0107 gz=-0.0238 | peaks: [+1.6982, -4.3215, +1.0391] | yaw=-113.4 pitch=-117.2 roll=+60.5 | mag=0.0511
07:21:18 [INFO] GYRO_DIAG: gx=-0.0617 gy=+0.0572 gz=+0.0117 | peaks: [+1.6982, -4.3215, +1.0391] | yaw=-75.9 pitch=+55.8 roll=+73.5 | mag=0.0849
07:21:18 [INFO] Hotkeys triggered: {'recenter'}
07:21:18 [INFO] Recentered
07:21:19 [INFO] GYRO_DIAG: gx=-0.0037 gy=+0.0217 gz=+0.0104 | peaks: [+1.6982, -4.3215, +1.0391] | yaw=-67.2 pitch=+35.2 roll=+66.6 | mag=0.0244
07:21:20 [INFO] GYRO_DIAG: gx=-0.7453 gy=+0.2765 gz=+0.1888 | peaks: [+1.6982, -4.3215, +1.0391] | yaw=-50.1 pitch=-106.1 roll=+77.3 | mag=0.8170
07:21:21 [INFO] GYRO_DIAG: gx=+0.0360 gy=-0.0730 gz=+0.0153 | peaks: [+2.3866, -4.3215, +1.0391] | yaw=-39.4 pitch=+232.6 roll=+76.3 | mag=0.0828
07:21:22 [INFO] GYRO_DIAG: gx=+0.8882 gy=-0.1194 gz=-0.1130 | peaks: [+2.3866, -4.3215, +1.0391] | yaw=-26.7 pitch=-120.4 roll=+95.9 | mag=0.9033
07:21:23 [INFO] GYRO_DIAG: gx=-0.3971 gy=+0.0077 gz=-0.0238 | peaks: [+2.3866, -4.3215, +1.0391] | yaw=-25.0 pitch=-31.8 roll=+82.7 | mag=0.3979
07:21:24 [INFO] GYRO_DIAG: gx=-0.2053 gy=-0.0595 gz=-0.0158 | peaks: [+2.3866, -4.3215, +1.0391] | yaw=-10.6 pitch=+7.2 roll=+70.0 | mag=0.2143
07:21:25 [INFO] Loop OK - px_off=32px, zoom=1.0, tracking=True, fps=60, has_frame=True
07:21:25 [INFO] IMU diag: gy=+0.0327 gx=+0.5681 px_off=32px gain=0.99 decay=1.0000 dead=0.04 mag=0.5691 resp=0.639 yaw_out=32 imu=10348
07:21:25 [INFO] GYRO_DIAG: gx=-0.5199 gy=+0.0187 gz=+0.0306 | peaks: [+2.3866, -4.3215, +1.0391] | yaw=-26.4 pitch=-38.7 roll=+65.2 | mag=0.5211
07:21:26 [INFO] GYRO_DIAG: gx=+0.0409 gy=-1.0339 gz=-0.4618 | peaks: [+2.3866, -4.3215, +1.0391] | yaw=-32.8 pitch=-19.5 roll=+58.3 | mag=1.1330
07:21:27 [INFO] GYRO_DIAG: gx=-0.0287 gy=+0.2691 gz=+0.0813 | peaks: [+2.3866, -4.3215, +1.0391] | yaw=+47.2 pitch=-3.4 roll=+106.1 | mag=0.2826
07:21:28 [INFO] GYRO_DIAG: gx=+0.2364 gy=-0.0754 gz=-0.0739 | peaks: [+2.3866, -4.3215, +1.0391] | yaw=+224.4 pitch=-91.1 roll=+162.8 | mag=0.2589
07:21:29 [INFO] GYRO_DIAG: gx=+0.2260 gy=-2.2495 gz=-1.0464 | peaks: [+2.3866, -4.3215, -1.0506] | yaw=+33.6 pitch=+43.5 roll=+28.6 | mag=2.4912
07:21:30 [INFO] GYRO_DIAG: gx=-0.1063 gy=+2.1445 gz=+0.5749 | peaks: [+2.3866, -4.3215, -1.0506] | yaw=-34.1 pitch=+29.7 roll=+30.9 | mag=2.2227
07:21:31 [INFO] GYRO_DIAG: gx=+0.4068 gy=-0.7675 gz=-0.1343 | peaks: [+2.3866, -4.3215, -1.0506] | yaw=+48.7 pitch=+57.3 roll=+78.9 | mag=0.8790
07:21:32 [INFO] GYRO_DIAG: gx=-0.3842 gy=+0.3980 gz=+0.2584 | peaks: [+2.3866, -4.3215, -1.0506] | yaw=-53.8 pitch=-21.9 roll=+57.9 | mag=0.6106
07:21:33 [INFO] GYRO_DIAG: gx=+0.5064 gy=+0.0401 gz=-0.0189 | peaks: [+2.3866, -4.3215, -1.0506] | yaw=+14.6 pitch=+57.7 roll=+73.1 | mag=0.5083
07:21:34 [INFO] GYRO_DIAG: gx=+0.1081 gy=-0.0119 gz=+0.0184 | peaks: [+2.3866, -4.3215, -1.0506] | yaw=-0.8 pitch=+15.0 roll=+70.9 | mag=0.1103
07:21:35 [INFO] Loop OK - px_off=-323px, zoom=1.0, tracking=True, fps=60, has_frame=True
07:21:35 [INFO] IMU diag: gy=+0.5037 gx=+0.0061 px_off=-313px gain=0.99 decay=1.0000 dead=0.04 mag=0.5304 resp=0.576 yaw_out=-313 imu=15281
07:21:35 [INFO] GYRO_DIAG: gx=-0.3464 gy=-0.0247 gz=-0.0806 | peaks: [+2.3866, -4.3215, -1.0506] | yaw=+83.1 pitch=-69.3 roll=+106.8 | mag=0.3565
07:21:36 [INFO] GYRO_DIAG: gx=+0.3421 gy=-0.8805 gz=-0.3158 | peaks: [+2.3866, -4.3215, -1.0506] | yaw=-47.0 pitch=+28.4 roll=+44.8 | mag=0.9960
07:21:37 [INFO] GYRO_DIAG: gx=-0.5021 gy=+0.0578 gz=-0.0091 | peaks: [+2.3866, -4.3215, -1.0506] | yaw=-92.1 pitch=+45.8 roll=+42.7 | mag=0.5055
07:21:38 [INFO] GYRO_DIAG: gx=+0.4221 gy=-0.0320 gz=+0.0532 | peaks: [+2.3866, -4.3215, -1.0506] | yaw=-55.4 pitch=+188.0 roll=+61.9 | mag=0.4266
07:21:39 [INFO] GYRO_DIAG: gx=+1.3225 gy=+0.2771 gz=-0.5772 | peaks: [-2.4276, -4.3215, -1.2559] | yaw=-428.6 pitch=-57.8 roll=-211.1 | mag=1.4693
07:21:40 [INFO] GYRO_DIAG: gx=-1.4331 gy=+1.2178 gz=+0.4851 | peaks: [-2.4276, -4.3215, -1.2559] | yaw=+544.7 pitch=-73.6 roll=+81.9 | mag=1.9422
07:21:41 [INFO] GYRO_DIAG: gx=+1.7843 gy=-1.1255 gz=-0.1533 | peaks: [-2.4276, -4.3215, -1.2718] | yaw=+487.9 pitch=+158.6 roll=-33.1 | mag=2.1152
07:21:42 [INFO] GYRO_DIAG: gx=-0.8589 gy=+1.2007 gz=+1.2933 | peaks: [-2.4276, -4.3215, +1.3165] | yaw=-85.7 pitch=-129.4 roll=+21.6 | mag=1.9626
07:21:43 [INFO] GYRO_DIAG: gx=-0.7031 gy=+0.1482 gz=+0.1057 | peaks: [-2.4276, -4.3215, +1.3165] | yaw=+111.6 pitch=+97.8 roll=+196.9 | mag=0.7263
07:21:44 [INFO] GYRO_DIAG: gx=+0.2236 gy=+0.0749 gz=+0.0544 | peaks: [-2.4276, -4.3215, +1.3165] | yaw=+161.1 pitch=-11.1 roll=+118.3 | mag=0.2420
07:21:45 [INFO] Loop OK - px_off=-366px, zoom=1.0, tracking=True, fps=60, has_frame=True
07:21:45 [INFO] IMU diag: gy=+0.5355 gx=+0.1600 px_off=-354px gain=0.99 decay=1.0000 dead=0.04 mag=0.6426 resp=0.753 yaw_out=-354 imu=20214
07:21:45 [INFO] GYRO_DIAG: gx=+0.1802 gy=-0.4157 gz=-0.6462 | peaks: [-2.4276, -4.3215, +1.3165] | yaw=+310.4 pitch=+67.6 roll=+210.1 | mag=0.7892
07:21:46 [INFO] GYRO_DIAG: gx=+0.8259 gy=-0.1792 gz=+0.0636 | peaks: [-2.4276, -4.3215, -1.6927] | yaw=+230.0 pitch=-100.3 roll=+126.8 | mag=0.8475
07:21:47 [INFO] GYRO_DIAG: gx=+1.0672 gy=-0.1780 gz=-0.2950 | peaks: [+2.4978, -4.3215, -1.6927] | yaw=+193.9 pitch=-70.7 roll=+75.4 | mag=1.1214
07:21:48 [INFO] GYRO_DIAG: gx=+0.4019 gy=-0.0436 gz=-0.0439 | peaks: [+2.4978, -4.3215, -1.6927] | yaw=+147.3 pitch=-40.1 roll=+17.8 | mag=0.4067
07:21:49 [INFO] GYRO_DIAG: gx=+1.4838 gy=-0.0253 gz=-0.1343 | peaks: [+2.4978, -4.3215, -1.6927] | yaw=+104.1 pitch=-86.0 roll=-13.4 | mag=1.4901
07:21:50 [INFO] GYRO_DIAG: gx=+0.1686 gy=-0.0449 gz=-0.0464 | peaks: [+2.4978, -4.3215, -1.6927] | yaw=-18.5 pitch=+1.1 roll=-79.3 | mag=0.1805
07:21:51 [INFO] GYRO_DIAG: gx=+0.7831 gy=+0.0578 gz=-0.0513 | peaks: [+2.4978, -4.3215, -1.6927] | yaw=+144.1 pitch=+328.9 roll=+72.1 | mag=0.7869
07:21:52 [INFO] GYRO_DIAG: gx=+0.9132 gy=-0.0113 gz=+0.0159 | peaks: [+2.4978, -4.3215, -1.6927] | yaw=+159.8 pitch=+245.6 roll=+71.2 | mag=0.9134
07:21:53 [INFO] GYRO_DIAG: gx=+0.3586 gy=-0.6857 gz=-0.2260 | peaks: [+2.4978, -4.3215, -1.6927] | yaw=+88.6 pitch=+148.3 roll=+51.2 | mag=0.8061
07:21:54 [INFO] GYRO_DIAG: gx=-0.4844 gy=+0.5049 gz=+0.6378 | peaks: [+2.4978, -4.3215, -1.6927] | yaw=+83.3 pitch=-66.0 roll=+137.6 | mag=0.9468
07:21:55 [INFO] Loop OK - px_off=125px, zoom=1.0, tracking=True, fps=60, has_frame=True
07:21:55 [INFO] IMU diag: gy=-0.0198 gx=-0.2877 px_off=125px gain=0.99 decay=1.0000 dead=0.04 mag=0.3154 resp=0.231 yaw_out=125 imu=25147
07:21:55 [INFO] GYRO_DIAG: gx=+0.0409 gy=+0.0260 gz=+0.0178 | peaks: [+2.4978, -4.3215, -1.6927] | yaw=+98.6 pitch=-39.6 roll=+106.1 | mag=0.0516
07:21:56 [INFO] GYRO_DIAG: gx=+1.4422 gy=+0.0462 gz=-0.0305 | peaks: [+2.4978, -4.3215, -1.6927] | yaw=+101.8 pitch=+7.7 roll=+72.8 | mag=1.4433
07:21:57 [INFO] GYRO_DIAG: gx=+0.1283 gy=+0.7102 gz=+0.7459 | peaks: [+2.4978, -4.3215, -1.6927] | yaw=-126.1 pitch=+42.6 roll=+92.5 | mag=1.0379
07:21:58 [INFO] GYRO_DIAG: gx=+0.1014 gy=+0.6527 gz=+0.2395 | peaks: [+2.4978, -4.3215, -1.6927] | yaw=-218.0 pitch=-21.0 roll=+63.1 | mag=0.7027
07:21:59 [INFO] GYRO_DIAG: gx=+0.1008 gy=-0.2996 gz=-0.0812 | peaks: [+2.4978, -4.3215, -1.6927] | yaw=-262.8 pitch=-17.5 roll=-28.3 | mag=0.3263
07:22:00 [INFO] GYRO_DIAG: gx=-0.0257 gy=+0.7975 gz=+0.2670 | peaks: [+2.4978, -4.3215, -1.6927] | yaw=-84.6 pitch=-29.9 roll=+58.8 | mag=0.8414
07:22:01 [INFO] GYRO_DIAG: gx=-0.0299 gy=-0.3869 gz=-0.3109 | peaks: [+2.4978, -4.3215, -1.6927] | yaw=-49.6 pitch=-11.4 roll=+76.6 | mag=0.4973
07:22:02 [INFO] GYRO_DIAG: gx=+0.0116 gy=-0.1792 gz=-0.1233 | peaks: [+2.4978, -4.3215, -1.6927] | yaw=-167.4 pitch=+8.7 roll=+10.0 | mag=0.2179
07:22:03 [INFO] GYRO_DIAG: gx=-0.2383 gy=+1.5843 gz=+0.6024 | peaks: [+2.4978, -4.3215, -1.6927] | yaw=-65.2 pitch=+47.4 roll=+82.9 | mag=1.7116
07:22:04 [INFO] GYRO_DIAG: gx=-0.0214 gy=+0.4841 gz=+0.1949 | peaks: [+2.4978, -4.3215, -1.6927] | yaw=+285.2 pitch=-21.2 roll=+212.9 | mag=0.5224
07:22:05 [INFO] Loop OK - px_off=1338px, zoom=1.0, tracking=True, fps=60, has_frame=True
07:22:05 [INFO] IMU diag: gy=+0.2117 gx=+0.0073 px_off=1339px gain=0.99 decay=1.0000 dead=0.04 mag=0.2440 resp=0.137 yaw_out=1339 imu=30080
07:22:05 [INFO] GYRO_DIAG: gx=-0.0202 gy=+0.6741 gz=+0.1143 | peaks: [+2.4978, -4.3215, -1.6927] | yaw=+449.3 pitch=-6.4 roll=+189.4 | mag=0.6840
07:22:06 [INFO] GYRO_DIAG: gx=-0.1778 gy=-0.4505 gz=-0.2779 | peaks: [+2.4978, -4.3215, -1.6927] | yaw=+99.6 pitch=-9.7 roll=-8.1 | mag=0.5583
07:22:07 [INFO] GYRO_DIAG: gx=+0.2749 gy=+0.8629 gz=+0.7233 | peaks: [+2.4978, -4.3215, -1.6927] | yaw=+172.4 pitch=-133.1 roll=+121.2 | mag=1.1590
07:22:08 [INFO] GYRO_DIAG: gx=+0.0061 gy=-0.5861 gz=-0.2052 | peaks: [+2.4978, -4.3215, -1.6927] | yaw=+298.7 pitch=-9.6 roll=+184.1 | mag=0.6210
07:22:09 [INFO] GYRO_DIAG: gx=+0.2040 gy=-0.3460 gz=-0.1624 | peaks: [+2.4978, -4.3215, -1.6927] | yaw=+48.1 pitch=+65.1 roll=+10.5 | mag=0.4333
07:22:10 [INFO] GYRO_DIAG: gx=+0.0299 gy=-0.1426 gz=-0.0794 | peaks: [+2.4978, -4.3215, -1.6927] | yaw=-53.5 pitch=+76.9 roll=+28.8 | mag=0.1659
07:22:11 [INFO] GYRO_DIAG: gx=-0.7373 gy=+2.2819 gz=+0.5517 | peaks: [+2.4978, -4.3215, -1.6927] | yaw=+165.8 pitch=+30.5 roll=+96.6 | mag=2.4607
07:22:12 [INFO] GYRO_DIAG: gx=+0.0366 gy=-0.5898 gz=-0.3213 | peaks: [+2.4978, -4.3215, -1.6927] | yaw=+398.8 pitch=-20.8 roll=+119.3 | mag=0.6726
07:22:13 [INFO] GYRO_DIAG: gx=-0.1607 gy=+0.8189 gz=+0.2407 | peaks: [+2.4978, -4.3215, -1.6927] | yaw=+433.2 pitch=-24.6 roll=+105.1 | mag=0.8685
07:22:14 [INFO] GYRO_DIAG: gx=+0.2785 gy=-0.8005 gz=-0.3457 | peaks: [+2.4978, -4.3215, -1.6927] | yaw=+334.5 pitch=+12.1 roll=+49.7 | mag=0.9154
07:22:15 [INFO] Loop OK - px_off=1317px, zoom=1.0, tracking=True, fps=60, has_frame=True
07:22:15 [INFO] IMU diag: gy=-1.1780 gx=+0.3635 px_off=1270px gain=0.99 decay=1.0000 dead=0.04 mag=1.3473 resp=1.000 yaw_out=1270 imu=35023
07:22:16 [INFO] GYRO_DIAG: gx=+0.1515 gy=-0.4651 gz=-0.1404 | peaks: [+2.4978, -4.3215, -1.6927] | yaw=-49.5 pitch=+63.3 roll=-46.7 | mag=0.5089
07:22:17 [INFO] GYRO_DIAG: gx=+0.7129 gy=+0.1445 gz=-0.0323 | peaks: [+2.4978, -4.3215, -1.6927] | yaw=+258.5 pitch=-86.3 roll=+101.7 | mag=0.7281
07:22:18 [INFO] GYRO_DIAG: gx=-0.5394 gy=+0.1915 gz=+0.3373 | peaks: [+2.4978, -4.3215, -1.6927] | yaw=+129.1 pitch=-24.1 roll=+55.8 | mag=0.6644
07:22:19 [INFO] GYRO_DIAG: gx=-0.3458 gy=-0.1279 gz=+0.0538 | peaks: [+2.4978, -4.3215, -1.6927] | yaw=+5.2 pitch=+17.5 roll=+21.1 | mag=0.3726
07:22:20 [INFO] GYRO_DIAG: gx=-0.2431 gy=-1.1835 gz=-0.8332 | peaks: [+2.4978, -4.3215, -1.6927] | yaw=+163.4 pitch=+39.8 roll=+82.1 | mag=1.4676
07:22:21 [INFO] GYRO_DIAG: gx=+0.4233 gy=-0.3931 gz=-0.0195 | peaks: [+2.4978, -4.3215, -1.6927] | yaw=-79.9 pitch=+15.7 roll=-26.8 | mag=0.5780
07:22:22 [INFO] GYRO_DIAG: gx=-0.0299 gy=+0.0272 gz=+0.0043 | peaks: [+2.4978, -4.3215, -1.6927] | yaw=-55.3 pitch=+66.2 roll=+37.2 | mag=0.0407
07:22:23 [INFO] GYRO_DIAG: gx=-0.0043 gy=+0.1231 gz=-0.0494 | peaks: [+2.4978, -4.3215, -1.6927] | yaw=-41.3 pitch=+36.5 roll=+49.4 | mag=0.1327
07:22:23 [INFO] Hotkeys triggered: {'quit'}
07:22:23 [INFO] Quit requested
